mclust_3,mclust_5,mclust_7,barcode,x,y
1,1,2,AAACAAGTATCTCCCA-1,19934,16265
1,3,5,AAACACCAATAACTGC-1,7893,18526
3,5,7,AAACAGAGCGACTCCT-1,18782,7178
1,3,5,AAACAGCTTTCAGAAG-1,6446,14487
1,3,5,AAACAGGGTCTATATT-1,7025,15497
1,1,1,AAACCGGGTAGGTACC-1,9202,14237
1,1,4,AAACCGTTCGTCCAGG-1,11230,16762
1,3,5,AAACCTAAGCAGCCGG-1,17175,20049
1,1,7,AAACCTCATGAAGTTG-1,7898,12973
1,1,1,AAACGAGACGGTTGAT-1,16601,12477
3,5,7,AAACGGTTGCGAACTG-1,13693,20551
3,5,2,AAACTCGGTTCGCAAT-1,15289,20300
3,5,7,AAACTGCTGGCTCCAA-1,14858,14999
1,3,5,AAACTTGCAAACGTAT-1,7896,14993
1,1,2,AAAGACCCAAGTCGCG-1,12110,6163
1,1,1,AAAGACTGGGCGCTTT-1,7319,10954
3,5,4,AAAGGCTACGGACCAT-1,12969,19288
1,1,7,AAAGGGATGTAGCAAG-1,14138,9698
1,1,1,AAAGGGCAGCTTGAAT-1,8916,9693
1,2,5,AAAGTAGCATTGCTCA-1,9055,16508
1,1,1,AAAGTCACTGATGTAA-1,12691,6163
1,1,5,AAAGTCGACCCTCAGT-1,7317,12973
1,2,3,AAAGTGTGATTTATCT-1,18775,14750
1,2,3,AAAGTTGACTCCCGTA-1,19066,14246
3,5,7,AAATAACCATACGGGA-1,17912,7177
3,5,7,AAATACCTATAAGCAT-1,15148,15504
1,3,2,AAATCCGATACACGCC-1,17755,20049
3,5,7,AAATCGTGTACCACAA-1,13263,14745
1,1,2,AAATCTAGCCCTGCTA-1,19788,17023
1,1,1,AAATGCTCGTTACGTT-1,8628,7674
3,5,7,AAATGGCATGTCTTGT-1,15156,6923
1,3,1,AAATGGCCCGTGCCCT-1,7605,16002
3,5,4,AAATGGTCAATGTGCC-1,12540,11968
3,5,7,AAATTAACGGGTAGCT-1,13555,12221
3,5,4,AAATTACACGACTCTG-1,17621,7177
1,1,5,AAATTACCTATCGATG-1,18779,10207
1,1,5,AAATTGATAGTCCTTT-1,9634,17518
1,1,1,AAATTTGCGGGTGTGG-1,9926,15499
1,1,1,AACAACTGGTAGTTGC-1,11236,10705
1,1,5,AACAATACATTGTCGA-1,10503,19033
1,1,1,AACAATTACTCTACGC-1,8770,10955
1,2,3,AACACACGCTCGCCGC-1,18628,16517
1,3,1,AACACGACTGTACTGA-1,14576,5912
1,3,5,AACACGAGACGCGGCC-1,8186,14993
1,2,5,AACAGCTGTGTGGCAA-1,9633,18528
3,5,7,AACAGGAAATCGAATA-1,14865,7427
1,1,1,AACAGGATGGGCCGCG-1,9640,10956
2,4,6,AACAGGTAGTATGGAT-1,21530,16015
1,1,5,AACATATCAACTGGTG-1,19504,10460
3,5,4,AACATTGTGACTCGAG-1,12678,19792
1,1,1,AACCAAGACTTCTCTG-1,8623,12722
1,5,7,AACCATGGGATCGCTA-1,9498,7170
1,1,1,AACCCAGAGACGGAGA-1,10804,7423
1,1,7,AACCCGACAACCCGTG-1,11372,20548
1,1,7,AACCCTACTGTCAATA-1,19066,13741
1,1,1,AACCCTGGTGGAACCA-1,15302,5661
1,1,7,AACCGAGCTTGGTCAT-1,15298,9699
1,2,3,AACCGCTAAGGGATGC-1,18485,15255
1,1,7,AACCGTTGTGTTTGCT-1,14431,6670
1,1,2,AACCTCGCTTTAGCCC-1,17030,19292
1,1,2,AACCTTTAAATACGGT-1,15001,17271
3,5,7,AACCTTTACGACGTCT-1,18491,7683
1,1,2,AACGATAATGCCGTAG-1,15727,17019
1,1,7,AACGATAGAAGGGCCG-1,12834,7425
3,5,7,AACGATATGTCAACTG-1,16169,9700
1,3,1,AACGCATGATCTGGGT-1,20231,8694
1,1,2,AACGCGACCTTGGGCG-1,12823,20550
1,1,7,AACGCGGTCTCCAGCC-1,14573,9446
1,2,3,AACGCTGTTGCTGAAA-1,18773,17274
1,2,3,AACGGACGTACGTATA-1,18484,16264
2,4,6,AACGGCCATCTCCGGT-1,10796,15500
1,1,5,AACGTACTGTGGGTAC-1,11231,15753
1,1,6,AACGTCAGACTAGTGG-1,10947,9695
1,1,7,AACGTGATGAAGGACA-1,17187,5915
1,1,7,AACGTGCGAAAGTCTC-1,15876,12728
2,4,6,AACTACCCGTTTGTCA-1,21530,15510
1,1,2,AACTAGGCTTGGGTGT-1,13986,17522
2,4,6,AACTCAAGTTAATTGC-1,11524,13229
1,1,2,AACTCCAGAGCGTGTT-1,18481,18788
3,5,7,AACTCTCAATAGAGCG-1,18632,12478
1,1,5,AACTCTCAGTGTGCTC-1,11085,17015
3,5,7,AACTGATATTAGGCCT-1,14720,7679
2,4,6,AACTGGGTCCCGACGT-1,14719,8689
1,1,1,AACTTGCCCGTATGCA-1,9060,10955
3,5,4,AAGACCCAACTGAACA-1,12969,18783
1,1,5,AAGACTGCAAGCTACT-1,15005,12728
1,1,1,AAGAGATGAATCGGTA-1,9060,10451
1,1,1,AAGAGCTCTTTATCGG-1,16311,12476
2,4,6,AAGAGGATGTACGCGA-1,9348,13480
1,1,1,AAGAGGCATGGATCGC-1,16746,12729
1,1,7,AAGATTGGCGGAACGT-1,18199,10206
1,1,2,AAGCACCCTGCGTATC-1,15726,18533
1,1,2,AAGCATACTCTCCTGA-1,15147,17018
1,1,2,AAGCCGAAGCGGTTTA-1,20660,16014
1,1,2,AAGCGCAGGGCTTTGA-1,15724,20552
1,1,5,AAGCGTCCCTCATCGA-1,10214,18023
1,1,2,AAGCTAGATCGAGTAA-1,15002,16261
1,1,7,AAGCTCGTGCCAAGTC-1,15731,12476
1,1,2,AAGCTCTTTCATGGTG-1,16886,18029
1,1,7,AAGGAGCGGTTGGTGC-1,12106,10706
2,4,6,AAGGATCGATCGCTTG-1,20952,13490
1,1,7,AAGGATGAGGGACCTC-1,17764,10458
1,1,6,AAGGCGCGTAAAGCTT-1,10657,9695
3,5,7,AAGGCTGTGCTCATCG-1,11816,11210
1,1,7,AAGGGACAGATTCTGT-1,18489,10207
1,2,3,AAGGGACTATGCATTC-1,8908,18779
3,5,7,AAGGTATCCTAATATA-1,16894,9953
1,2,3,AAGGTGATAAACCAGC-1,18485,14750
1,1,1,AAGTAGAAGACCGGGT-1,11963,8434
2,4,6,AAGTAGTGACGCGAGG-1,9639,11965
1,2,3,AAGTCAATTGTCGTCA-1,19790,15003
1,3,5,AAGTGACGACCGAATT-1,8767,13984
3,5,4,AAGTGAGTCGGGTTTA-1,12099,19287
2,4,6,AAGTGCCTTGACTGTA-1,20226,14751
1,3,5,AAGTGCGTTAGAATCT-1,9055,16003
1,1,4,AAGTGTTTGGAGACGG-1,16743,16767
1,1,2,AAGTTCACTCCAAGCT-1,17467,18030
1,3,1,AAGTTCAGTCTGCGTA-1,20232,8189
1,1,6,AAGTTCGGCCAACAGG-1,10071,15247
1,1,2,AAGTTTATGGGCCCAA-1,15288,20804
2,4,6,AATAACAACGCTCGGC-1,9493,12723
1,1,5,AATAACACTAGAACAA-1,10650,16762
1,1,1,AATACCGGAGGGCTGT-1,10502,20548
1,1,5,AATAGAACAGAGTGGC-1,11811,16763
1,2,3,AATAGAATCTGTTTCA-1,17614,15759
1,1,1,AATATCAAGGTCGGAT-1,11240,5657
1,1,2,AATATCGAATCAATGC-1,20950,16014
1,1,5,AATATCGAGGGTTCTC-1,19794,10460
1,1,1,AATATTGGAGTATTGA-1,8333,12721
1,2,3,AATCATGTAAAGACTC-1,19353,17275
1,5,4,AATCCAAGGGCCTGAG-1,11965,6920
1,1,7,AATCGCCTCAGCGCCA-1,16600,13486
2,4,6,AATCGCGCAGAGGACT-1,21677,14248
1,3,1,AATCGGGACACTACGA-1,13851,5659
1,3,5,AATCGTGAGCCGAGCA-1,17174,20554
1,1,1,AATCTAGGTTTACTTG-1,7459,16759
1,3,5,AATCTATGCCGGAGCC-1,21100,10209
1,3,5,AATCTCTACTGTGGTT-1,6592,13225
1,1,5,AATCTGCGTTGGGACG-1,18488,11721
1,1,5,AATCTGGCTTTCTAGT-1,7314,16506
1,3,5,AATGACAGCAATGTCT-1,9491,15751
1,1,7,AATGACGTAGGATGTC-1,16454,14748
1,1,7,AATGACTGTCAGCCGG-1,11962,9444
1,1,7,AATGATGATACGCTAT-1,18635,9450
1,3,5,AATGATGCGACTCCTG-1,19795,9956
1,1,7,AATGCAACCGGGTACC-1,13703,9950
1,1,7,AATGCACCAAGCAATG-1,19216,8441
1,1,1,AATGGTCCACCGTTCA-1,7464,11206
2,4,6,AATGGTTCTCACAAGC-1,10223,8433
1,2,5,AATGTGCCCGAGGTGT-1,9054,17518
3,5,7,AATTAAAGGTCGGCGT-1,12394,13735
1,1,2,AATTAGCGCTGCAGCG-1,14277,16513
3,5,7,AATTCATAAGGGATCT-1,18345,9449
3,5,2,AATTCCAAGCATGTAC-1,13548,20298
1,1,2,AATTCGATTCGAGGAT-1,16159,20300
3,5,7,AATTCTAGAGTTAGGC-1,14277,16008
1,2,3,AATTGAACGCTCTGGT-1,17179,15001
3,5,7,AATTTGGGACATAGTA-1,18347,6925
1,1,5,AATTTGGTTCCAAAGA-1,14866,6418
1,1,2,ACAAATCGCACCGAAT-1,17033,16263
1,2,3,ACAAATGGTAGTGTTT-1,17325,14749
1,1,7,ACAACAGCATGAGCTA-1,15587,11718
1,1,7,ACAACGGTCCCTGCGA-1,9497,9189
1,1,1,ACAAGCAGTGCCTAGC-1,8915,11208
1,1,2,ACAAGGAAATCCGCCC-1,16018,16010
1,1,1,ACAAGGACAAGAGGTT-1,10510,10957
1,2,3,ACAAGGATGCTTTAGG-1,17756,19040
1,1,7,ACAAGGGCAGGCTCTG-1,16164,14748
1,3,5,ACAATAGTCGTACGTT-1,8042,14236
2,4,6,ACAATCCATTTAAACC-1,9784,12723
1,1,5,ACAATGAATACGGAGA-1,9634,18023
1,2,3,ACAATTGTGTCTCTTT-1,19209,16517
1,1,1,ACAATTTGAGCAGTGG-1,17038,10710
1,1,1,ACACAAAGACGGGTGG-1,13268,9697
1,2,3,ACACACCAGGACCAGT-1,18195,14750
3,5,7,ACACACTTTCTACACG-1,14430,7174
1,1,1,ACACCCAGCATGCAGC-1,12397,9696
2,4,6,ACACCCGAGAAATCCG-1,10803,8433
1,1,1,ACACCTTAAGTAGGGC-1,11382,9948
2,4,6,ACACCTTACTACTTGC-1,21242,13995
1,1,7,ACACGAGACTCCTTCT-1,15442,11466
1,2,3,ACACGGGAACTTAGGG-1,15443,10456
1,1,5,ACACTGATCAAGGTGT-1,12101,16763
1,3,5,ACAGAACTGAGAACAA-1,8619,16760
1,3,1,ACAGATTAGGTTAGTG-1,13417,5407
1,3,1,ACAGCATAGAGCCAGT-1,13561,6164
1,1,2,ACAGCGACATTCTCAT-1,19497,18537
1,1,7,ACAGCGCACCCGCAGC-1,16752,6167
1,1,5,ACAGGTGGAGGTGAGG-1,10796,16510
1,1,5,ACAGTAATACAACTTG-1,7170,15244
3,5,7,ACATAATAAGGCGGTG-1,14284,8941
3,5,7,ACATCAGCTGGGACGC-1,6883,11711
1,1,2,ACATCCCGGCCATACG-1,13406,17522
2,4,6,ACATCCTGGTAACTGT-1,19936,14246
1,1,7,ACATCGATCGTTTACC-1,14134,14241
2,4,4,ACATCGGTCAGCCGCG-1,10508,13985
1,2,3,ACATCGTATGCAATGG-1,16889,15001
1,1,1,ACATCGTTAACCTAGT-1,16027,5914
2,4,6,ACATGGCGCCAAAGTA-1,20227,13742
1,1,2,ACATTAGTTTATATCC-1,13987,16512
1,1,2,ACCAACGCTTATTTAT-1,12246,17016
1,1,2,ACCAAGAACGCGTGTC-1,12254,7930
1,1,4,ACCAATATGCAAGTTA-1,16451,17777
3,5,7,ACCACAAGTTTCTATC-1,12976,11211
2,4,6,ACCACCAATGTAACAA-1,20661,13995
1,1,2,ACCACGTGCAGCTATA-1,16163,15757
1,2,3,ACCAGTGCGGGAGACG-1,18774,15760
3,5,4,ACCATATCCGCAATAA-1,13264,13231
1,3,5,ACCATCCGCCAACTAG-1,6881,14739
2,4,6,ACCATCGTATATGGTA-1,11233,14238
2,4,6,ACCCAACGCCCGTGGC-1,17618,11216
1,1,1,ACCCACCTACATGCTC-1,8771,9946
1,1,2,ACCCATTTGTCCCTCT-1,19642,18789
1,2,3,ACCCGAGCGAAATTAC-1,9343,19032
3,5,2,ACCCGGAAACTCCCAG-1,14566,18027
2,4,6,ACCCGGATGACGCATC-1,19647,13236
3,5,7,ACCCGGTTACACTTCC-1,12103,14239
3,5,4,ACCCGTGTCATCAGTA-1,12970,18278
1,2,3,ACCCTCCCTTGCTATT-1,17324,15758
3,5,7,ACCCTTCATCTGCGAA-1,14576,6922
1,3,1,ACCGAAAGGGCCCTGC-1,12836,5911
1,1,7,ACCGACTGAGTCCCAC-1,14717,10708
1,1,7,ACCGATGGTAGCATCG-1,18487,12731
2,4,6,ACCGCGGTGGAAGTCG-1,20516,14752
1,2,3,ACCGGGCCTTTGTTGA-1,19355,15255
1,3,5,ACCTAAGTACCTTTCA-1,9490,16256
1,1,1,ACCTAATCGACTTCCT-1,9494,11713
2,4,6,ACCTACAGTATGTGGT-1,21532,13995
1,1,2,ACCTACTATAAATCTA-1,13548,20803
1,1,1,ACCTCCGTTATTCACC-1,21388,12228
1,3,5,ACCTGCGTGTCATGTT-1,7751,15245
1,1,1,ACGAAATGGGCGGCAC-1,8624,11712
1,1,7,ACGACTGGTCATACTC-1,10067,19790
1,1,1,ACGAGATATTTGCTTA-1,16897,5915
1,1,5,ACGAGGATACCACTCT-1,7750,16254
1,1,5,ACGAGTACGGATGCCC-1,20229,10713
3,5,7,ACGATACATAGAACTA-1,16749,9196
1,1,7,ACGATCATACATAGAG-1,14283,9951
1,1,5,ACGATCATCTTGTAAA-1,19937,12732
2,4,7,ACGATGCATATGTTAT-1,11379,12977
1,1,7,ACGATGGATCCGATGC-1,15302,6166
1,3,5,ACGCAATCACTACAGC-1,20955,9957
1,3,2,ACGCATACGTTTACTA-1,19933,17780
3,5,7,ACGCATTCGTGAGTAC-1,13991,11969
3,5,7,ACGCCAGATGATTTCT-1,15735,7933
3,5,7,ACGCCGCTAGACGACC-1,15439,14495
1,1,7,ACGCGAAGTCAGACGA-1,13697,16007
2,4,6,ACGCGCTACACAGGGT-1,9637,13985
3,5,7,ACGCGGGCCAAGGACA-1,14136,12222
1,1,5,ACGCTAGTGATACACT-1,19649,10713
1,3,5,ACGCTGTGAGGCGTAG-1,7027,13477
1,1,4,ACGGAATTTAGCAAAT-1,9063,7422
3,5,2,ACGGACTCTCAAAGCG-1,16015,19038
1,1,2,ACGGATGGTGCGGATA-1,16596,18029
1,1,2,ACGGCACTTGCTTGGG-1,13841,16765
1,1,2,ACGGCCAACATGGACT-1,13116,17017
1,1,2,ACGGCGACGATGGGAA-1,16308,16010
1,3,1,ACGGGAGTGTCGGCCC-1,8766,15498
1,1,5,ACGTACAGATTTCTCT-1,14721,6165
1,1,7,ACGTAGATTGCTGATG-1,14861,11970
1,1,7,ACGTATTACTCCGATC-1,19211,13993
3,5,7,ACGTGCGCCTCGTGCA-1,14285,7931
3,5,7,ACGTTAATGTCGAAGA-1,15149,13990
3,5,4,ACGTTAGATTTGCCCG-1,10798,13481
1,3,1,ACGTTCCGCGCTCCGT-1,12981,5659
1,1,1,ACGTTCGCAATCAATT-1,21534,11976
1,1,4,ACGTTCGTTCAGGAAA-1,11519,18782
3,5,7,ACGTTTAGTTGTGATC-1,15011,7175
1,1,1,ACTACCAGCTCTCTGG-1,11092,9948
3,5,4,ACTACGCGTTAGAATT-1,13259,18783
1,3,2,ACTAGTTGCGATCGTC-1,20224,16266
3,5,7,ACTATTCGTCCGTGGT-1,15881,7176
1,1,4,ACTATTTCCGGGCCCA-1,11084,18529
1,2,3,ACTCAAGTGCAAGGCT-1,17611,18787
1,1,7,ACTCAATAAAGGCACG-1,15153,9951
1,1,1,ACTCAGACCTGCTTCT-1,11385,5910
1,1,1,ACTCCAATATCATCAT-1,9342,19537
1,3,5,ACTCCCATTCCTAAAG-1,7605,15497
1,1,7,ACTCCCGAATTCGTTT-1,20228,11723
3,5,2,ACTCCCTAATGCTAAA-1,15146,18028
3,5,7,ACTCCCTAGAATAGTA-1,15293,15756
1,3,5,ACTCGTAACCCGTCCT-1,8475,16003
1,1,1,ACTCGTCAGTAATCCC-1,16456,12729
3,5,7,ACTCTCTGACTTAGGT-1,16455,14243
1,1,7,ACTCTTGTATAGTAAC-1,15296,12728
1,1,2,ACTGAAACGCCGTTAG-1,18627,18031
1,2,3,ACTGAATGGCGAAAGT-1,17179,15506
3,5,7,ACTGCCGTCGTAACTC-1,15300,7680
1,1,1,ACTGTACGATACACAT-1,16457,11214
1,1,1,ACTGTAGCACTTTGGA-1,10801,10452
1,1,1,ACTGTATACGCGAGCA-1,10370,6161
3,5,4,ACTGTCCAGGATTATA-1,13120,11969
3,5,7,ACTGTCTTCTTTAGAA-1,14427,11213
2,4,6,ACTGTGCTAGTAGATC-1,9644,6918
2,4,6,ACTTAGTACGACAAGA-1,9789,7170
1,1,7,ACTTATACTTACCCGG-1,18197,12730
3,5,7,ACTTATTAGGATCGGT-1,12684,13230
1,2,3,ACTTATTTATGTGCCA-1,18194,15254
1,2,3,ACTTCCATGCGGGACA-1,17466,19040
1,1,1,ACTTCGCCATACGCAC-1,16023,10457
1,1,7,ACTTGACTCCCTCTTT-1,15584,14242
3,5,7,ACTTGGGACCCGGTGG-1,12251,10958
1,3,5,ACTTGTAGTCCCTTCA-1,6591,14739
1,3,3,ACTTGTGGATGGAACG-1,20804,16771
1,1,7,ACTTTACCCTCATGAA-1,20518,11723
1,1,7,ACTTTCCTATAGCTTC-1,14137,10708
1,3,5,ACTTTGACTGCATCCT-1,6737,13477
1,1,1,AGAACGTGGTACATTC-1,15733,10457
1,1,5,AGAAGAGCGCCGTTCC-1,17906,13235
1,1,1,AGAAGGTACACTTCAC-1,7169,16759
2,4,6,AGAAGGTTGCCGAATT-1,11523,14239
1,1,2,AGAAGGTTGTAGGTCG-1,16450,19796
1,3,1,AGAAGTGATTCGTGAT-1,9201,15751
1,3,5,AGAATAAATCTTCAGG-1,6737,12972
1,1,5,AGAATTATGGATTCGA-1,19358,11722
1,1,1,AGAATTGTTTGACATA-1,8482,7926
1,1,1,AGACCATGGGATACAA-1,9207,9189
3,5,7,AGACCCACCGCTGATC-1,14567,16008
1,1,1,AGACCCGCCCTCCTCG-1,13267,10202
1,3,5,AGACCGGGAAACCCTG-1,7607,13983
1,2,3,AGACGAAGTGCCGGTC-1,19209,16012
1,1,5,AGACGACGATGCCGCT-1,9925,17014
1,1,1,AGACTAGCCTTCCAGA-1,11816,10705
3,5,7,AGACTGTTACCGGGTC-1,11663,19539
1,1,7,AGAGAACCGTCTAGGA-1,17909,10206
1,1,5,AGAGAAGGAGTACAAT-1,10069,18276
1,3,5,AGAGATCTCTAAAGCG-1,7752,13731
1,1,1,AGAGCAGTTATGAGAC-1,7899,10954
3,5,7,AGAGCGGGCTAATCAT-1,14430,7679
1,1,1,AGAGCGTACAAGCTCG-1,9206,9694
1,1,2,AGAGGCTTCGGAAACC-1,19789,16518
1,1,7,AGAGTAAACTTCACTA-1,20515,15761
3,5,7,AGATAACTTCAGGGCC-1,11525,11715
1,1,1,AGATACGACTTCATAT-1,10224,7423
1,2,3,AGATACTCAAGATCGA-1,17034,15253
3,5,2,AGATATAATACGACTA-1,15579,19795
1,1,1,AGATCGTGCATAAGAT-1,19215,8945
1,1,1,AGATCTCAGGTGTGAT-1,16022,10962
3,5,7,AGATGACTCGCCCACG-1,13123,8940
3,5,7,AGATGATGGAGTCTGG-1,20518,12228
1,2,3,AGATGCAAGACGTGCA-1,8618,18274
1,1,4,AGATTATAGGACGTTT-1,12975,12726
1,1,1,AGATTCACAACCGATA-1,7024,17011
3,5,2,AGCAAAGGCCGCTAGT-1,15580,18785
1,2,3,AGCAACATATCTTATT-1,18631,13993
1,3,5,AGCAACCGAAAGTAAT-1,8038,17769
1,1,7,AGCACCAGTACTCACG-1,14572,10456
1,1,1,AGCACTACCGGCCTGT-1,8043,12216
1,2,4,AGCACTACCTCACCAG-1,16887,17020
2,4,6,AGCACTTAAGGACGCC-1,10220,11461
3,5,2,AGCAGAAGGAGAAAGA-1,14999,19795
1,2,3,AGCATATCAATATGCT-1,18919,16517
1,3,5,AGCATCATTTCGAAAG-1,7894,17012
1,1,1,AGCATCGTCGATAATT-1,12688,9192
3,5,4,AGCCAAGCTTTGTGTC-1,13549,19793
1,2,3,AGCCACAGGTTACCCG-1,18045,19545
3,5,7,AGCCACTCCCGTGCTT-1,16894,9448
1,3,1,AGCCCATACATGTAAG-1,8912,14236
1,1,2,AGCCCGCAACAAGCAG-1,12967,20802
3,5,4,AGCCCGGTAGCCTGTA-1,12244,19035
3,5,7,AGCCCTAAGCGAAGTT-1,14575,7427
1,3,1,AGCCCTTCTAATCCGA-1,20087,7937
1,3,5,AGCCGTGGCTAAATGT-1,8330,16255
1,1,5,AGCCTAATACCCACGT-1,7169,16254
1,2,5,AGCGACAGGAACGGTC-1,10505,16509
3,5,4,AGCGACATCCCATTCA-1,13704,7931
1,1,1,AGCGACCAACGATATT-1,13122,9949
1,1,7,AGCGCGGGTGCCAATG-1,18490,9702
3,5,2,AGCGGACACTTCGTAG-1,14129,19289
1,1,1,AGCGGCGGTTAGCGGT-1,6879,16254
1,1,1,AGCGGGAAGGGTCCAT-1,10514,6918
3,5,2,AGCGGGTCTGACACTC-1,14709,20299
3,5,7,AGCGTGGTATTCTACT-1,15439,14999
1,1,5,AGCTAACAAGCAATGT-1,9923,19033
1,3,2,AGCTAAGTACGCAGGC-1,17610,19797
1,1,1,AGCTAGAAGCAGAAGT-1,19506,8946
3,5,7,AGCTATTTAATCCAAC-1,15880,7680
1,1,7,AGCTCTAGACGTTCCA-1,16165,13233
3,5,4,AGCTCTTCCCAGTGCA-1,17911,8187
2,4,6,AGCTCTTTACTCAGTT-1,11668,13986
3,5,7,AGCTGAAGTAAACCAA-1,17330,8691
1,2,5,AGCTGTAACCTCAATC-1,9199,17265
1,3,5,AGCTTGATCTTAACTT-1,8477,13984
3,5,2,AGGAAGCTGTCCGCCG-1,14565,19037
1,2,3,AGGACAGTCGAATCCC-1,17470,14496
1,1,1,AGGACATCGCACGTCG-1,10658,7676
3,5,7,AGGACGACCCATTAGA-1,11668,14491
1,1,1,AGGACGCTCGATGTTG-1,19361,8188
1,3,3,AGGAGGCCTTCGCGCG-1,19353,16770
1,1,2,AGGATAAAGTCGGGAT-1,14566,17018
1,2,3,AGGATATAGGGATTTA-1,19065,15255
1,3,5,AGGATCACGCGATCTG-1,7460,15749
1,1,7,AGGCAGATGCGTAAAC-1,17619,10206
1,5,4,AGGCAGGGAGCGTACT-1,12244,18530
1,2,3,AGGCATTGTCGTAGGG-1,19499,16013
1,1,1,AGGCCACCCGTTATGA-1,10656,10704
3,5,7,AGGCCCATTGTACAGG-1,13125,7426
1,3,5,AGGCCCTAGAACGCCA-1,8766,14993
1,2,3,AGGCCTGAGAATCTCG-1,17901,19292
1,1,1,AGGCTATGGTTAGCTT-1,9496,10199
1,1,5,AGGCTTCCCGAAGAAG-1,11231,16258
3,5,7,AGGGAAACGAGGTACT-1,18057,6925
1,1,7,AGGGACCGGCTGCGTT-1,21098,12733
1,1,1,AGGGAGACATACTTCG-1,21535,10967
1,1,1,AGGGCAGCGGCGTGGT-1,15882,5661
1,3,5,AGGGCGAGCAGCTGAT-1,8041,14740
3,5,2,AGGGCGTGATCGGCTA-1,11674,7929
1,1,5,AGGGCTGCAGTTACAG-1,14571,12475
1,1,1,AGGGTCAGAGCACTCG-1,10937,20800
2,4,6,AGGGTGCCGTTCTTTA-1,9922,20042
3,5,7,AGGGTGCTCTCGAGGG-1,18487,12226
1,3,5,AGGGTGGATAGTGCAT-1,6739,10953
1,1,5,AGGGTTCAGACGGTCC-1,11662,21053
1,1,5,AGGGTTCCCTTTGGTT-1,17908,11216
3,5,7,AGGGTTTAGTTCGGGA-1,14281,11970
2,4,6,AGGTAACCTCCTATTC-1,11094,6919
3,5,7,AGGTACGATATTGCCA-1,16171,6671
1,1,7,AGGTAGATCGAGATAT-1,10213,19538
2,4,6,AGGTAGGTACAAAGCT-1,9639,12470
1,1,1,AGGTATAATTGATAGT-1,20953,12480
1,3,5,AGGTCGCGGAGTTACT-1,20230,10208
3,5,4,AGGTGGTGACCTTCGC-1,13258,19793
3,5,7,AGGTGTATCGCCATGA-1,7608,12973
1,1,7,AGGTTGAGGCACGCTT-1,15879,9195
3,5,7,AGGTTTCACACACCTT-1,14859,13989
3,5,4,AGTAATGTCTTGCCGC-1,13850,7679
1,1,5,AGTACATCATTTATCA-1,20954,10966
1,1,5,AGTACGGCCCGTATCG-1,6738,12468
3,5,7,AGTACGGGCACCTGGC-1,16604,9953
1,1,2,AGTACTCTTATGCCCA-1,17902,17778
1,1,1,AGTAGGAAGGAAGTTG-1,19362,7684
1,1,1,AGTATAATACTAGGCA-1,9931,9947
1,2,3,AGTATGCTGGAGACCA-1,8908,18275
3,5,4,AGTATTTGGCACGACC-1,12680,18278
3,5,7,AGTCAACACCACCATC-1,11958,13987
1,2,3,AGTCAAGATGACACTT-1,18194,15759
1,3,3,AGTCACTAGCTCTCGA-1,19498,17527
1,1,7,AGTCAGCCACCGCCTG-1,9208,7674
1,1,6,AGTCCATTGGCTGATG-1,19646,14246
3,5,7,AGTCCCGCCTTTAATT-1,18636,7935
1,1,5,AGTCGACGGTCTCAAG-1,18196,13235
1,1,1,AGTCGGCCCAAACGAC-1,10801,9947
1,3,5,AGTCGGCTCAACTTTA-1,8476,15498
2,4,6,AGTCGGTTGCGTGAGA-1,21387,13743
1,3,2,AGTCGTATAAAGCAGA-1,16885,20049
1,1,2,AGTCGTCGACCACCAA-1,18337,18031
1,2,5,AGTCGTGGGCATTACG-1,9345,16508
1,1,1,AGTCTAAAGTATACTC-1,21244,10966
1,1,5,AGTCTCACAAGACTAC-1,9489,17266
1,1,7,AGTCTTCTCCTCAAAT-1,14718,9699
1,3,2,AGTCTTTAAAGTGTCC-1,16304,20553
1,2,3,AGTGAACAAACTTCTC-1,19936,14751
3,5,4,AGTGACCTACTTTACG-1,12683,14745
1,1,7,AGTGAGACTTCCAGTA-1,17762,12478
1,1,5,AGTGAGCCTCGCCGCC-1,20084,10965
1,1,2,AGTGATAACCTGCGCG-1,18046,18535
3,5,7,AGTGATATGAGTAGTT-1,12247,14997
2,4,6,AGTGATTCAAGCAGGA-1,17762,11973
1,2,3,AGTGCACGCTTAAGAA-1,19063,16769
2,4,6,AGTGCGTAGCTCGTAA-1,11232,15248
1,2,3,AGTGCTAAACACAGCA-1,18336,19040
3,1,7,AGTGCTTGCACGAATA-1,18050,13992
1,3,5,AGTGGCGGCAATTTGA-1,18780,9702
1,2,3,AGTGGCGTCTGAAGGT-1,17611,19292
1,3,5,AGTGGCTCCGTCGGCC-1,6882,13730
1,1,5,AGTGGTGTTACCCGTG-1,6445,15496
1,1,5,AGTGGTTGCGTATAGG-1,6157,12467
1,1,7,AGTGTATTGCGCATTG-1,18926,7936
1,1,1,AGTGTGGTCTATTGTG-1,8481,8936
2,4,6,AGTTAAACACTTGCGA-1,11523,13734
3,5,4,AGTTAAGCGGTCCCGG-1,16751,7681
1,3,5,AGTTAAGTCAACCGCT-1,8765,16508
3,5,4,AGTTACTCTATCGTGG-1,18056,7430
3,5,7,AGTTCCTACAGAATTA-1,12396,11211
3,5,7,AGTTCCTATTTATGTT-1,14569,14494
3,5,2,AGTTGACGGTCCTTGC-1,14274,20046
1,1,1,AGTTTCGCAGGTCGGA-1,14141,6669
1,1,2,AGTTTGCACCTGCCTC-1,15871,18281
1,2,2,AGTTTGGCACGGGTTG-1,19935,15761
1,3,1,AGTTTGGCCAGACCTA-1,9636,15499
3,5,7,ATAAACGGACCCGTAA-1,13988,15503
3,5,4,ATAAAGGCTCGGTCGT-1,12395,12220
2,4,6,ATAAATATTAGCAGCT-1,9203,13227
1,1,1,ATAACGCCGGAGGGTC-1,16891,12477
1,1,7,ATAACGGAGTCCAACG-1,16023,9952
1,1,2,ATAAGGTGGAGAACAT-1,15583,16262
1,1,5,ATAAGTAGGATTCAGA-1,20084,10461
3,5,7,ATAAGTTACCGCGACG-1,12682,15249
3,5,7,ATAATAGCTGTTGAAT-1,14278,15503
1,1,7,ATAATAGTGTAGGGAC-1,9498,8179
1,1,2,ATAATCTTGGAGAACC-1,16305,19039
3,5,2,ATAATTAGCTAAGTAG-1,14419,19794
1,1,2,ATACAGGCCCTCCAAT-1,15581,17776
2,4,6,ATACCACGGGCAACTT-1,9349,12470
1,3,1,ATACCAGGCTAATAGA-1,13126,5911
1,1,7,ATACGCCGGCGAAACC-1,16455,13738
1,3,5,ATACGGAACGTCGTTT-1,8328,17769
3,5,7,ATACGGGTTTCGATTG-1,17039,9196
3,5,7,ATACGGTGAAGATGCA-1,6738,11963
1,1,4,ATACGTACTTAGCCAC-1,16307,17524
1,2,3,ATACGTCCACTCCTGT-1,18629,15507
3,5,7,ATACTAGCATGACCCT-1,13994,8941
1,1,2,ATACTGCCTTACACCG-1,17321,18282
1,2,5,ATACTTGTTCTCGAGC-1,6594,11206
1,1,5,ATAGACAACGGGACCT-1,18489,10712
3,5,7,ATAGACGAAGAGAAAG-1,11670,11967
1,1,1,ATAGAGTACTGGGACA-1,12107,10201
1,1,7,ATAGAGTTATCAACTT-1,18634,10459
2,4,6,ATAGGCGGCTATAGAA-1,9927,14490
1,1,5,ATAGGCTAGCTTCGCA-1,19215,9955
1,1,7,ATAGGGATATCCTTGA-1,15444,8942
1,1,7,ATAGGTTGGGCAGATG-1,14427,10708
3,5,7,ATAGTGAAGCGTTCTC-1,13409,13988
2,4,6,ATAGTTCCACCCACTC-1,19937,13237
3,5,2,ATATAAAGCGCTCGTG-1,15000,18280
1,1,2,ATATAAATGTAGCTGC-1,15872,17271
2,4,6,ATATCGGTAGGGAGAT-1,21097,13238
1,1,2,ATATCGTTCCTCGAAC-1,18482,18283
3,5,7,ATATCTCCCTCGTTAA-1,17765,8439
3,5,7,ATATCTTAGGGCCTTC-1,13990,12474
3,5,7,ATATGTCTCCCTAGCC-1,19212,12479
2,4,6,ATATTCAGTTAAACCT-1,10942,14743
1,3,1,ATATTCCCACAGGTCA-1,13706,6416
2,4,6,ATATTGCTGTCAAAGT-1,9788,8180
3,5,7,ATATTTAACCCTCAAG-1,13121,11464
1,1,6,ATCAAACACTGTTCCA-1,20660,15509
1,3,5,ATCAAACGAAGGTTTG-1,9926,16004
1,1,7,ATCAATCTGGGCTGCA-1,14571,11970
2,4,6,ATCACGTGCTAATTAA-1,10362,15247
3,5,7,ATCACTTCATCCTCGC-1,14864,8941
2,4,6,ATCAGACGGCACGCCG-1,11232,14743
1,1,2,ATCAGCCTCATGCTGC-1,17757,18030
1,1,1,ATCAGCTCGTCCACTA-1,7315,16002
3,5,7,ATCAGTAGGCAGGGAT-1,17764,9449
1,1,1,ATCCAACGCAGTCATA-1,10511,9947
1,1,1,ATCCAATGGAGGGTCC-1,9057,14489
1,3,5,ATCCAATGGTACCGAA-1,6012,12719
3,5,2,ATCCACATCGACAGAA-1,15580,19290
1,1,1,ATCCAGAGCAACAACC-1,12681,16259
2,4,6,ATCCAGGATTCGTGAA-1,11813,13734
3,5,7,ATCCTACCTAAGCTCT-1,12103,14744
1,1,1,ATCCTGAATCGCTGCG-1,8913,13227
3,5,7,ATCCTGCGTGGAATGG-1,11957,14996
1,1,7,ATCGACCCAATACAGA-1,14279,14494
1,1,7,ATCGACTCTTTCCGTT-1,13993,9445
1,1,1,ATCGCACGCCGGGAGA-1,13412,9950
2,4,6,ATCGCCAGTCAACATT-1,20370,15004
1,1,1,ATCGGCAAGCAGTCCA-1,19071,8693
1,1,5,ATCGGTTACCTAGTAA-1,6303,12215
1,1,2,ATCGTTAGCTAGCGGA-1,19352,18284
1,1,2,ATCTAATATCCTACGG-1,14856,17523
1,1,7,ATCTAGCTTGTGAGGG-1,14563,20551
3,5,7,ATCTCCCTGCAATCTA-1,15590,7680
1,5,7,ATCTGACATGGAAGGA-1,11083,19539
1,1,5,ATCTGCACCTCTGCGA-1,19794,10965
3,5,7,ATCTGCTGTTATCGCC-1,13403,20550
1,1,1,ATCTGGTTAAGACTGT-1,16168,10205
3,5,7,ATCTGTAATTGTACCC-1,13415,7426
1,1,1,ATCTTGACCTGCAACG-1,11526,10200
1,1,5,ATCTTGACTTGTCCAA-1,20809,11218
1,1,1,ATGAAGCCAAGGAGCC-1,11818,9191
3,5,4,ATGACGCCGGCTCTAA-1,13560,7678
1,1,5,ATGACGCGTTCTATCC-1,9490,16761
1,1,4,ATGACTATCAGCTGTG-1,11373,19539
1,2,3,ATGACTATGCGACATT-1,17904,15759
1,1,1,ATGAGGAGTGTTAATC-1,10221,9947
3,5,7,ATGATCGGGAATAGAC-1,12979,7678
3,5,4,ATGATGCAATGGTACA-1,12393,14744
1,1,1,ATGCACTACCGCATTG-1,11671,10453
1,1,7,ATGCATGATCCAGGAT-1,14573,9951
1,2,3,ATGCCATTTGCGACCA-1,18340,14497
1,1,1,ATGCCGGTCTTGCATA-1,16022,11466
3,5,4,ATGCCGGTTGATGGGA-1,17185,8439
1,1,7,ATGCGACAGTCCCATT-1,15441,12476
1,1,2,ATGCGAGTCCCACCAC-1,20225,15761
1,1,7,ATGCTCAGTGTTGCAT-1,9352,8937
1,1,2,ATGCTCTGGCGCGGTA-1,16160,18786
1,1,5,ATGGAGCAGGCCGTGA-1,14715,12727
1,1,4,ATGGATCCGGCGTCCG-1,16605,8438
1,1,7,ATGGATTGACCAAACG-1,13992,10455
1,1,7,ATGGCAGCCGAGAAAC-1,6448,11963
1,2,5,ATGGGACCTGCTGAAC-1,9633,19033
1,2,3,ATGGGCCTCGGCCTCT-1,18340,15002
1,2,3,ATGGTCGCGTGGTTTC-1,17469,15001
1,1,1,ATGTAAGGCTGCTCTT-1,21389,11724
3,5,2,ATGTACGATGACGTCG-1,14418,20299
1,1,2,ATGTAGCGCGCGTAGG-1,15578,20805
1,1,1,ATGTGCATCCGACGCA-1,13413,9445
3,5,7,ATGTGGACATCTTGAT-1,15438,15504
1,1,7,ATGTTACGAGCAATAC-1,9353,7422
3,5,7,ATGTTCGTCGACCCAC-1,7173,12216
3,5,7,ATGTTGTAGTCTGTTT-1,11953,20044
3,5,7,ATTAAACATGCGGACC-1,13698,14493
1,1,7,ATTAATACTACGCGGG-1,14719,9194
3,5,7,ATTAATGAACCAGTCG-1,16604,9448
3,5,7,ATTAATTCGGTCACTC-1,14720,7175
3,5,7,ATTACAACTACCGGCC-1,17767,6420
1,1,2,ATTACATGTCAGTCTT-1,20804,16266
2,4,6,ATTACGCGCTGGCAGG-1,9493,13732
1,1,7,ATTACTAGCCTCTTGC-1,11528,8181
1,3,1,ATTACTTACTGGGCAT-1,19650,9198
1,3,5,ATTAGATTCCTCAGCA-1,20375,9956
1,1,1,ATTAGATTGATAGCGG-1,12253,8434
1,1,5,ATTAGGCGATGCTTTC-1,15440,12980
1,1,4,ATTATACTTTGCTCGT-1,16460,8186
1,1,1,ATTATCGGAATGTACG-1,13402,21055
1,3,1,ATTATCTCGACAGATC-1,13997,5407
1,1,1,ATTATGCCATAGGGAG-1,12833,8940
1,1,2,ATTCAACCATTTAAGG-1,19642,18284
1,1,2,ATTCACTGATGTTGGA-1,15001,17775
1,1,1,ATTCAGGACCTATTTC-1,19361,8693
1,1,1,ATTCAGTAGCAGGGTC-1,8770,10450
3,5,7,ATTCATATACTGTCCA-1,13843,15250
1,2,3,ATTCATCGTTGAGGCA-1,18046,19040
1,1,1,ATTCCCACATAAACAA-1,8625,10198
2,4,6,ATTCCTCCGCCAGTGC-1,10802,9443
1,1,1,ATTCGACGCCGGGCCT-1,8913,12722
2,4,6,ATTCGTGCTATCTCTT-1,21096,14247
3,5,7,ATTGAAGATCTTAGTG-1,12251,11463
1,1,1,ATTGACGTAACTCGGT-1,15592,5661
1,1,5,ATTGATGAGTCCTAAC-1,19503,11974
1,1,1,ATTGCCTTTATGTTTG-1,17320,19797
2,4,6,ATTGCTGCTCCTCCAT-1,11379,12472
1,3,3,ATTGGATTACAGCGTA-1,19933,17275
1,1,5,ATTGTACAACTCGGCT-1,20083,12480
3,5,4,ATTGTCGCAATACCTT-1,17476,7429
1,1,1,ATTTACAGTTTACTGG-1,10655,11209
1,1,1,ATTTACTAAGTCCATT-1,21244,11471
3,5,7,ATTTCATTATTTCGCG-1,16461,7176
1,1,5,ATTTCCGGGTTCTGCG-1,10214,17519
1,1,5,ATTTGCGCGAGTAGCT-1,9635,17013
1,1,7,ATTTGTCTTGGGAGCT-1,17325,13739
3,5,7,ATTTGTTCCAGGGCTC-1,15445,8437
1,1,7,CAAACGAGTATCGCAG-1,11957,15501
1,1,1,CAAACGGTCGCACTTT-1,10945,11209
3,5,7,CAAACTACGATAGAGA-1,17332,6672
1,1,7,CAAACTATTGAGCTTC-1,16027,6419
2,4,6,CAAACTCGCGACGCCG-1,21241,15005
1,1,5,CAAAGATTATTGGGCC-1,9489,17770
1,3,5,CAAATCTCTCACAAGG-1,8621,14741
3,5,7,CAAATTGTCAGCAAGC-1,14866,6922
1,1,1,CAACGACCCGTTTACA-1,12398,8687
2,4,6,CAACGGTTCTTGATAC-1,10658,8181
3,5,4,CAACTATATCGAATGC-1,16606,7429
1,1,7,CAACTCCTTGATCCCG-1,11818,8182
3,5,4,CAACTGCTCATCCGAT-1,13115,18531
1,1,1,CAACTTGTAGTGGGCA-1,11095,5909
3,5,7,CAAGAGGGCGGAGTAC-1,15874,15252
1,2,3,CAAGATATTATAACGT-1,18050,15002
2,4,6,CAAGCAACGTCGGAGT-1,10655,11714
3,5,7,CAAGCACCAAATGCCT-1,14719,8184
1,1,2,CAAGCGGCACATAATT-1,15582,17271
1,1,7,CAAGGATCGCATGTTC-1,15005,13737
1,1,1,CAAGGTCCTATAGGCT-1,21098,12228
1,1,1,CAAGTAAGTGATAGAC-1,12822,21055
1,1,7,CAAGTGTGGTTGCAAA-1,18776,13740
1,1,7,CAATAAACCTTGGCCC-1,15878,10204
1,3,5,CAATACGCTCTGAGGC-1,6591,13729
1,1,5,CAATATTCTTGACCTA-1,10940,17267
3,5,7,CAATCCCTATACCAGC-1,17912,6673
1,1,4,CAATGCGAGAAGTATC-1,17032,17272
1,1,7,CAATGGATCTCTACCA-1,17618,10711
2,4,6,CAATGTGCCAACCCTT-1,21823,12986
1,1,7,CAATTAAGGGTGATGA-1,14572,10960
1,1,7,CAATTTCGTATAAGGG-1,14280,12979
3,5,4,CACAATGAGCTGCTAT-1,12393,14240
1,3,3,CACACACGCTAACGAG-1,20078,17528
1,1,1,CACACAGGGATAGATT-1,9061,9946
1,1,7,CACAGCACCCACGGCA-1,13701,11464
3,5,7,CACAGCTAGGGAGTGA-1,13849,8688
1,1,2,CACAGGGCCATATAGT-1,19207,18032
3,5,2,CACAGGGCCGTTGTCA-1,13839,19289
3,5,7,CACATATTAGCAGGAT-1,15728,15504
1,1,7,CACATGATTCAGCAAC-1,14425,13232
3,5,7,CACATTCTTTCGATGG-1,18201,8187
2,4,6,CACATTTCTTGTCAGA-1,20806,14752
1,3,5,CACCACGCCACACAGA-1,6301,13729
1,2,3,CACCAGTCAGCATGCA-1,8328,18779
1,1,1,CACCATCGGAGGAGAC-1,13996,6417
1,1,7,CACCCACACGTCACCC-1,11383,7929
3,5,7,CACCCACGAGGCAATT-1,17620,8692
1,1,5,CACCCGGTTTGTGACT-1,10795,17014
1,1,4,CACCCTAACAAGATCT-1,16742,17777
1,1,1,CACCCTTGGTGAGACC-1,7460,16254
3,5,7,CACCGATACACCGAGC-1,17332,6167
1,1,1,CACCGCCAGAAGGTTT-1,13702,10455
1,1,1,CACCGCCGACCAGCGA-1,14867,5913
1,3,3,CACCGTATCCCATCCG-1,20224,16771
1,1,5,CACCGTTAGGGATCAC-1,10505,17014
1,3,1,CACCGTTGCGCGATAT-1,9346,15499
1,1,1,CACCTAATAGAGTCGT-1,8773,7926
1,1,7,CACCTAATCAGTTTAC-1,15589,8690
3,5,7,CACCTCGATGGTGGAC-1,15300,8185
3,5,7,CACCTTGCGAAACTCG-1,17329,9701
1,1,7,CACCTTGGCGCCTTTG-1,20081,14499
1,1,1,CACGAAAGTTAGTCCC-1,9349,11965
1,2,3,CACGCACAGCGCAGCT-1,15588,9699
1,1,1,CACGCAGCGAGGCTTT-1,11380,11462
1,2,3,CACGCGGAACTGTTGC-1,19356,14246
1,2,5,CACGGGATTGAGGGTT-1,6739,11458
1,1,5,CACGTCGGCAACCTCT-1,10506,16005
1,1,1,CACGTTCGTGCTCTAG-1,16891,12982
1,2,2,CACGTTTCGTACACAC-1,18337,17526
3,5,4,CACTAAAGTTGCCTAT-1,12540,12473
3,5,4,CACTCAAGAGCTATGG-1,13409,13483
3,5,7,CACTCAGCTCTTGAGG-1,15446,6418
1,1,5,CACTCCTATGTAAGAT-1,10359,17771
3,5,4,CACTCCTCTCGGTCGG-1,17766,7430
1,1,7,CACTCGAGCTGAACAA-1,15873,15757
3,5,7,CACTCGGTTAGGAGGA-1,7028,12468
1,1,2,CACTCTTCTGCTAGCC-1,19787,18537
1,1,4,CACTGACGATTGTGGA-1,12533,20045
1,1,7,CACTGTCCAAGTGAGA-1,11383,8434
3,5,7,CACTTAATCAGACGGA-1,12105,12220
2,4,6,CACTTCGCCACAGGCT-1,9642,8937
1,1,2,CAGACACCGATCGCTG-1,12536,17016
1,1,5,CAGACCTGTAAGTGTT-1,19503,11470
1,1,1,CAGACGAACCTGATAC-1,12391,16259
1,1,2,CAGAGACGGTCACCCA-1,13406,16512
1,2,3,CAGAGCATGAGCTTGC-1,15298,10204
3,5,2,CAGAGGCGATGCATGA-1,12100,17268
1,1,1,CAGAGTGATTTAACGT-1,15157,5913
1,1,1,CAGATACTAACATAGT-1,11817,10201
1,3,1,CAGATCATTTAAAGTC-1,20811,9199
1,3,5,CAGATCCTGGTTTGAA-1,7603,17516
1,1,1,CAGCAGCCCGTTCCTT-1,16458,10710
1,1,2,CAGCAGTCCAGACTAT-1,19644,16265
3,5,2,CAGCAGTCTGTGCTGC-1,15870,19291
3,5,7,CAGCCGGGCCCTCTAT-1,17477,6420
3,5,7,CAGCCTCCTGCAGAGG-1,16314,9448
1,1,7,CAGCCTCTCCTCAAGA-1,18927,7431
1,1,5,CAGCGATTCCCTTCAA-1,11375,17015
3,5,7,CAGCTCACTGAGACAT-1,13701,11969
3,5,7,CAGCTCGACAAGTTAA-1,18199,10711
2,4,6,CAGCTCGTGCTTGTGT-1,11239,7171
1,3,5,CAGCTGGCGTAACCGT-1,8330,15750
1,1,1,CAGCTTAGTAGGTAGC-1,9204,11713
3,5,4,CAGGAAGACTTTATAT-1,17477,6925
3,5,7,CAGGATATATCGTTGT-1,13843,14746
1,3,2,CAGGCAGTCTTACCAG-1,17465,20049
3,5,7,CAGGCCGTTTGGGTGT-1,11378,13481
1,2,5,CAGGCGCACGGTGGTC-1,9199,17770
1,1,2,CAGGCGCCATGCTAGG-1,15728,16009
1,1,1,CAGTAACTATTTATTG-1,19796,8441
1,1,1,CAGTAATCCCTCCCAG-1,8772,8936
1,3,1,CAGTACATTCTCTAAA-1,19941,8694
1,3,5,CAGTACCAGTTTACGT-1,7750,15750
1,1,7,CAGTAGCCCACGCGGT-1,18344,9954
1,1,5,CAGTCGAGGATGCAAT-1,19505,9955
3,5,7,CAGTCTGTATACTGGG-1,14714,14242
3,5,7,CAGTGAATAAATGACT-1,17184,9953
1,1,1,CAGTGTCCGCAGAATG-1,10514,7423
1,2,3,CAGTGTCGGCTGGCCC-1,18483,16769
3,5,7,CAGTTCAAATTGACAC-1,12541,10959
1,1,1,CAGTTCCGCGGGTCGA-1,8916,10198
1,1,7,CATAACGGACAGTCGT-1,18777,12731
1,1,2,CATAAGAAGCTTGGCT-1,15581,18281
1,3,5,CATAAGCTCTCCGTCT-1,7171,14235
1,1,7,CATACAAAGCCGAACC-1,10224,6918
3,5,4,CATACACGGTTCCCAC-1,13114,19036
2,4,6,CATACCCGTACCCAGT-1,9638,12975
2,4,6,CATACGAACTAGCTGG-1,9632,20042
1,1,7,CATACGGCGTCTGGGC-1,14280,13484
1,1,7,CATACTATGTAATTGT-1,12104,12725
2,4,6,CATACTTAGGCAATAC-1,21533,12986
1,1,2,CATACTTCTTTCTCCG-1,12677,20802
1,1,1,CATAGCCGCCCGGGAT-1,8335,10198
1,1,5,CATAGCGTTGCCCACC-1,11230,17267
3,5,7,CATAGTACATTGAGAG-1,16316,7428
1,1,7,CATAGTAGCATAGTAG-1,11673,8434
1,1,1,CATAGTCCACAAGAAC-1,9636,14994
1,3,1,CATATACTACTGATAA-1,19941,8189
3,5,7,CATATAGGTACAGTCA-1,13118,14493
1,3,5,CATATGTCAGGCTACG-1,8620,15750
1,1,1,CATATTATTTGCCCTA-1,16607,5914
3,5,7,CATCATCTACCCGGAC-1,15156,6418
1,2,3,CATCATTACCCTGAGG-1,18773,16769
1,2,3,CATCCTCTCAAAGATC-1,18483,17274
3,5,7,CATCGGACGGGTTAAT-1,13554,14241
1,1,1,CATCTATCCCGTGTCT-1,19651,8189
2,4,6,CATCTTACACCACCTC-1,19502,12984
1,1,7,CATGAACCGACATTTG-1,11385,6414
2,4,6,CATGACTTCGCTGAAT-1,20517,13742
1,1,2,CATGAGATGCACTCTC-1,16596,18534
1,1,7,CATGATGCACAATTCT-1,15154,8942
1,2,3,CATGATGGAAGTTAGC-1,20080,15004
1,3,5,CATGCCAACTCGCAAA-1,8186,14488
1,1,5,CATGCGACCAGTTTAA-1,19359,10208
3,5,7,CATGCGTTAGACAGAA-1,14285,7427
1,1,1,CATGCTGGCTCCAATT-1,13851,6669
1,3,3,CATGGATTGTCTTCCG-1,19788,17527
3,5,4,CATGGCAGGAAGATCG-1,13414,7931
1,1,4,CATGGGTATGCCTTAT-1,17032,17777
3,5,7,CATGGGTCGGGTGTGG-1,17475,8944
3,5,7,CATGGTAAGTAGCGTT-1,15729,15000
1,1,7,CATGGTCTAGATACCG-1,14718,10203
1,1,2,CATGTAAGAGACATTT-1,18193,17273
1,1,2,CATGTCTCATTTATGG-1,17468,16011
3,5,7,CATTACGTCGGCCCGT-1,14574,8436
1,1,1,CATTATGCTTGTTGTG-1,12687,10201
1,3,5,CATTGCGAAATGGGCG-1,6882,12720
3,5,7,CATTTAGCGGACCATG-1,17474,9953
1,1,1,CATTTCTAGCAGACTA-1,8918,7674
1,1,5,CATTTGAGTGGTACGT-1,12101,16258
1,1,1,CCAAACAGAACCCTCG-1,12108,9191
1,1,7,CCAACCTTATGTAACT-1,11082,20548
2,4,6,CCAACGATGCACTGAT-1,10510,11461
1,1,2,CCAAGAAAGTGGGCGA-1,12681,16764
3,5,7,CCAAGACTTCTGCGAA-1,14139,8688
1,1,7,CCAAGCGTAACTCGTA-1,15441,11971
3,5,4,CCAAGGAACAGAGAGG-1,12109,7172
2,4,6,CCAATAGTGCCGTCGA-1,11235,12219
3,5,4,CCAATCGGTAGATCGA-1,17331,7177
3,5,7,CCAATGTCACAGCAAG-1,12249,12977
2,4,6,CCAATTACGGGTCGAG-1,18636,8440
1,1,1,CCAATTGAATGTTAAT-1,11818,8686
2,4,6,CCACAATGTACGTCTT-1,17473,10963
3,5,7,CCACACTGAGATATTA-1,12249,13482
1,2,3,CCACAGTACCCATCCT-1,18484,15759
1,1,4,CCACCAACTTTACTGT-1,10940,16762
1,1,7,CCACCCAAGGAAAGTG-1,16021,12981
1,1,1,CCACGGAGCCATAAGA-1,9056,15498
1,5,7,CCACGGTGCCCGGTAG-1,20663,12480
1,3,5,CCACTGGTGGCTGGTT-1,8187,13479
1,1,5,CCAGAAAGCAACTCAT-1,10360,16762
1,1,7,CCAGATAGTTGAGTGA-1,17328,10710
1,1,5,CCAGCCTGGACCAATA-1,14570,12980
3,5,2,CCAGCTCGAACGCATT-1,14564,19542
1,1,1,CCAGCTGATGGTACTT-1,8188,12974
1,1,1,CCAGCTTCCGCCCGCA-1,7609,10954
1,1,7,CCAGGGACGTGGCCTC-1,12832,10454
3,5,7,CCAGTAGTCTGATCCA-1,18344,10459
1,3,5,CCAGTCAAATCTCTTA-1,6301,14234
3,5,7,CCAGTCTAGACGGCGC-1,17619,9701
3,5,7,CCATAAACAACCCGAC-1,16171,7176
1,1,5,CCATACCTTTACTTGT-1,19939,11218
3,5,4,CCATAGGTTGGCGTGG-1,14139,8184
1,3,3,CCATATGGAAACTATA-1,20079,17023
1,1,1,CCATCCATACCAAGTC-1,10659,7171
1,1,7,CCATCGCAGTTAAACT-1,14132,16260
2,4,6,CCATCTCACCAGTGAA-1,19357,13236
1,3,2,CCATGCCCTAGATTTC-1,19353,17779
3,5,4,CCATGCCTGTTTAGTA-1,12830,12473
2,4,6,CCATGCTCTGCAGGAA-1,11383,8938
1,1,1,CCATGGCCCTTGTACC-1,8334,11712
2,4,6,CCATTAGCGATAATCC-1,11235,11715
2,4,6,CCATTCCCTGCCCACA-1,10800,11967
1,1,2,CCATTTCTACCTATTA-1,15436,17523
3,5,7,CCCAAACATGCTGCTC-1,17907,12225
2,4,4,CCCAACATACGTCGCG-1,10217,14490
1,3,1,CCCAACCACACTAACA-1,14722,5660
1,1,4,CCCAATGAGATTTGCA-1,10939,18781
2,4,6,CCCAATTTCACAACTT-1,9928,13480
1,3,1,CCCAGAGGAGGGCGTA-1,20376,8946
1,1,4,CCCAGTAAACTTGGGA-1,6879,16758
1,1,1,CCCAGTTAAGGCGCCG-1,17035,14244
1,3,5,CCCGAAGTTTCGCGAA-1,6735,14992
1,1,7,CCCGACCATAGTCCGC-1,15879,8690
2,4,6,CCCGAGTTTCTCCGTA-1,20805,15761
3,5,7,CCCGCAGCGCGAACTA-1,14857,16008
3,5,7,CCCGCAGGGCCCAAAG-1,16607,6419
2,4,6,CCCGCCATGCTCCCGT-1,11093,8433
1,1,1,CCCGCGCAATGCACCC-1,8482,8431
1,3,5,CCCGGTGTATCGGAAT-1,7604,17012
1,1,7,CCCGTAAGTCTAGGCC-1,9202,13732
1,1,1,CCCGTCAGCGTCTGAC-1,12543,9444
1,3,3,CCCGTTTCGCAGATGT-1,20514,16771
1,2,3,CCCTATGTAGAGCAGA-1,8618,18779
3,5,7,CCCTCATTCTGGAATT-1,11529,7676
1,3,2,CCCTCCTCGCTCGTAT-1,20514,16266
2,4,6,CCCTGAAATGAGTTGA-1,10800,11462
1,3,5,CCCTGACTAACAAATT-1,6882,13225
1,3,5,CCCTGCCCAATCCGCT-1,7897,13983
1,1,1,CCCTGCGCTACGCATA-1,8624,12217
1,1,1,CCCTTTGACAGGTCTT-1,13262,16259
1,1,1,CCGAAAGTGGTGAGCA-1,9063,7927
1,1,2,CCGAACCTTCCCGGCC-1,15438,16009
1,1,1,CCGAAGTATATTGTTC-1,8336,9188
1,1,1,CCGACAAAGGGAGTGC-1,8189,11964
1,2,5,CCGACGGGCATGAGGT-1,8909,17265
2,4,6,CCGAGAAGTCGCATAA-1,21386,15257
2,4,6,CCGATCTCAACCTTAT-1,19792,12984
1,3,5,CCGATTCGAGGGACCC-1,8042,13226
1,1,7,CCGCACAAAGACCAAC-1,16166,12729
1,1,1,CCGCACGTGACCTCGG-1,8915,10703
1,1,2,CCGCATGTGGTACGAT-1,14711,17775
1,1,7,CCGCCGGTCAACACAC-1,13125,6921
1,1,1,CCGCCTGCGAATTGGT-1,19217,7431
1,3,5,CCGCGATTTGGTAGGT-1,6447,13477
1,3,5,CCGCGGAATGCGTCAC-1,11666,16510
1,1,1,CCGCGGGTACGAAGAA-1,8914,11712
1,1,1,CCGCGTAGGTAAGGGC-1,8334,11207
3,5,7,CCGCTATCAGCACCAG-1,14278,14998
1,1,5,CCGCTTACCTCACTCT-1,10216,15500
1,1,1,CCGGAATGGTTTCAGT-1,9786,9694
3,5,4,CCGGAGCGTACTTTCT-1,13260,18279
1,1,1,CCGGCACGACCGTTTC-1,21243,12481
1,1,7,CCGGCGCATATTGGAT-1,13270,7173
1,1,5,CCGGCGTGAGACTCTG-1,6735,15496
1,1,1,CCGGGCGGTCTCGTCA-1,16167,11719
1,1,1,CCGGGCTGCTCCATAC-1,17616,12730
2,4,6,CCGGGTTCGAGGTTAC-1,9783,13228
2,4,6,CCGGTAATGGCTAGTC-1,21678,13238
1,1,1,CCGTAAGTTGGTCCCA-1,16312,11972
1,1,7,CCGTACCCAAGCGCCA-1,10079,6666
1,1,1,CCGTAGGAAATCCCTG-1,19062,18789
1,2,5,CCGTATCTCGTCGTAG-1,9054,17013
1,1,4,CCGTGCCCATGACGGC-1,12110,6667
1,3,5,CCGTGGAACGATCCAA-1,20520,9704
1,1,5,CCGTGTTAAATTCCAT-1,10361,15752
3,5,7,CCGTTACGTTAGAACA-1,17910,8692
1,3,5,CCGTTCCGAATCTCGG-1,8332,13731
3,5,4,CCTAAAGGCTGACGCT-1,17041,7177
3,5,7,CCTAAATTAACGGTTC-1,15004,14242
1,2,3,CCTAACCCAAACAAGT-1,18049,16011
1,1,7,CCTAACTAAGGCTCTA-1,18635,8945
1,1,5,CCTACATTCACAGACG-1,9925,16509
1,1,7,CCTACGGCTCAGTCGA-1,9788,7675
1,1,1,CCTACTGCTTACACTT-1,12252,10453
1,1,7,CCTAGGCGTAGCGATC-1,17907,12730
1,1,4,CCTAGGTAAAGGTAGC-1,6734,16506
3,5,7,CCTAGTTAGTCGCATG-1,15591,6671
3,5,4,CCTATATTTGTCCTGG-1,12679,19288
2,4,6,CCTATGAAGTGGTGCC-1,21243,12986
1,3,5,CCTATGGCTCCTAGTG-1,8617,19284
1,1,1,CCTATGGGTTACCGTC-1,15152,10961
1,1,2,CCTATGGTCAAAGCTG-1,14998,20804
1,3,3,CCTATGTCCACTCCAC-1,18481,19293
2,4,6,CCTCACCAATCTTGAC-1,10223,7928
1,1,5,CCTCACCTGAGGGAGC-1,19939,10713
1,1,5,CCTCACCTTAGCATCG-1,19214,10460
1,3,1,CCTCCCGACAATCCCT-1,14286,5912
2,4,6,CCTCCGACAATTCAAG-1,9929,11966
1,3,5,CCTCCTGAGCCCACAT-1,6302,13224
1,3,3,CCTCCTGTTGTGTCGT-1,19061,19293
3,5,7,CCTCGAAGTGGACGGG-1,15445,7428
3,5,7,CCTCGCCAGCAAATTA-1,15880,8185
1,1,7,CCTCGCGCGATATAGG-1,18925,8945
1,1,1,CCTCGGACCGGGATAG-1,17470,13992
1,1,5,CCTCGGATGCTACCTG-1,6593,11710
1,1,7,CCTCTAATCTGCCAAG-1,15734,9447
1,2,5,CCTCTATCGATTAGCA-1,8910,16760
2,4,6,CCTCTCTCCCATCTAG-1,10364,12219
3,5,7,CCTCTGGCCTAGACGG-1,16026,7428
1,1,2,CCTCTGTACTATTCTA-1,13986,17017
1,1,1,CCTGAACGATATATTC-1,17471,12982
1,2,7,CCTGAATATTTACATA-1,15444,9447
1,1,7,CCTGACCACCGATGGT-1,13988,14998
1,1,5,CCTGCCCGTTGTCTAG-1,6448,12467
1,1,1,CCTGCGTTCTACGCTT-1,7174,11711
1,1,1,CCTGCTATTTGAGAAG-1,12397,10201
2,4,6,CCTGGAAACGTTCTGC-1,21532,13491
1,1,1,CCTGGCTAGACCCGCC-1,11381,10957
2,4,7,CCTGTAAGACATGATA-1,11089,12976
1,3,5,CCTGTACTCACGCCCA-1,8622,13731
1,1,7,CCTGTCACCCGGGCTC-1,14862,10961
2,4,6,CCTGTCCCTCACGTTA-1,21678,12734
1,1,7,CCTGTCGCCCGTAAAT-1,14135,12727
1,1,2,CCTGTTTGAAGACACG-1,18772,18284
1,3,1,CCTTCGTATAGAATCC-1,13983,21056
3,5,7,CCTTCTTGATCCAGTG-1,15735,8437
3,5,4,CCTTTAAGGGAGCACT-1,12390,18278
1,1,5,CCTTTCAATGAAGAAA-1,18924,9955
3,5,7,CGAAACATAGATGGCA-1,16317,6419
2,4,6,CGAAACGCAATTCATG-1,9927,13985
1,2,3,CGAACAGTATGGGCGT-1,19064,16265
1,1,1,CGAACCCGCATGCGTC-1,12247,16006
3,5,7,CGAACGCCCAGTGCCG-1,15301,7175
1,3,5,CGAACGGCCGGACAAC-1,7315,15497
1,1,1,CGAAGCTATAAATTCA-1,20376,8442
2,4,6,CGAAGTTGCTCTGTGT-1,10219,11966
3,5,4,CGAATGACGCATAATG-1,13404,19541
1,2,3,CGACAATTTGATCTAA-1,18920,14498
1,2,3,CGACACGCTCCGACAG-1,18775,15255
2,4,6,CGACAGTTCGCGTTAT-1,11234,12724
1,3,1,CGACATGCGATCTTCT-1,14432,5660
1,3,5,CGACCCTTAACGCCGG-1,6880,15749
1,1,1,CGACGCATCCGTACCT-1,6589,16253
3,5,7,CGACTCAGGATGTTAT-1,18055,9449
1,1,1,CGACTTTGTATAGCCT-1,20953,11976
1,1,7,CGAGACCCTAGAGTGT-1,13989,14493
1,1,1,CGAGAGATGTGAACCT-1,15732,10961
1,3,2,CGAGAGCTTTCACTAC-1,17900,19797
1,3,3,CGAGAGGGTAGCCGCG-1,20223,17780
1,1,1,CGAGCACTTCAAGTTT-1,8771,9441
3,5,7,CGAGCGTTGATCAGCC-1,11820,6667
3,5,7,CGAGCTGGGCTTTAGG-1,14865,7932
1,1,1,CGAGGCTAAATATGGC-1,15442,10961
1,1,7,CGAGGGACTGCGGTCG-1,16456,13234
3,5,7,CGAGGGTATCCAGGTG-1,13839,19793
2,4,6,CGAGTACTAAAGAGGA-1,10217,14995
1,1,5,CGAGTGAAGGTACCAG-1,9344,17518
1,1,1,CGAGTGCTATAGTTCG-1,10660,6161
1,1,1,CGAGTTCTGTCCCACC-1,17473,10458
1,1,7,CGAGTTTATCGGACTG-1,18632,12983
3,5,7,CGATACCTCGCGGACA-1,12104,13734
3,5,7,CGATCCGACCCAGTGC-1,12394,13230
1,1,7,CGATCCTCGCAACATA-1,10937,20296
1,3,1,CGATCTGTTGGAGGAC-1,8621,15246
1,3,1,CGATGGACCCTACGCC-1,19070,9198
1,1,2,CGATTAAATATCTCCT-1,14131,17775
1,1,2,CGATTCGCCTGGCTGC-1,15726,18028
1,1,1,CGCAAACACGAGTTAC-1,10511,10452
2,4,6,CGCAATTACTTTCGGT-1,9932,9442
1,1,1,CGCAATTAGGGTAATA-1,11526,10705
1,1,1,CGCAATTCTACAATAA-1,9206,10198
1,1,7,CGCACATGTCCACTAC-1,17761,13487
2,4,6,CGCACGTGCGCTATCA-1,19501,13489
1,3,1,CGCAGAAACATTTGCG-1,13561,5659
1,1,2,CGCAGGCGATCCAAAC-1,19934,16770
3,5,7,CGCATGGTGCGATGCT-1,14714,13737
1,1,7,CGCATTAGCTAATAGG-1,13412,10455
1,3,5,CGCCAAGAAGCCGAGT-1,7607,13478
1,1,7,CGCCACAGGTCGCGAT-1,6444,16001
3,5,7,CGCCATCCGATTATGA-1,16749,9700
1,3,2,CGCCCAGCGTTTCACG-1,18045,20050
1,1,4,CGCCCGCTTCCGTACA-1,16750,8186
1,1,1,CGCCGCCCATGCCTGT-1,17181,13487
3,5,7,CGCCTCCCTCCTCTAT-1,15729,14495
1,1,1,CGCCTGGCCTACGTAA-1,9057,13984
1,1,2,CGCGACCGCGACAGAT-1,16886,18534
1,3,5,CGCGAGTCTGCCGGGT-1,8039,16760
1,2,5,CGCGCAAATGTCCAGA-1,8619,17770
1,1,1,CGCGCATGTTTGATTG-1,12972,16259
1,1,7,CGCGCCCGACTTAATA-1,16024,8943
1,2,3,CGCGGCTCAACTTGAA-1,19210,14498
1,1,1,CGCGGGAATTAGGCAG-1,16748,10710
1,1,7,CGCGTTCATGAAATAC-1,12542,10454
3,5,7,CGCTACGGGACATTTA-1,12104,13230
2,4,6,CGCTAGAGACCGCTGC-1,19792,13489
1,1,1,CGCTATACCGCCCACT-1,10369,7171
2,4,6,CGCTATTCAATGTATG-1,9642,8432
1,5,7,CGCTATTCTTAGGCTC-1,13845,13231
1,1,6,CGCTCGACATAATGAT-1,11673,8939
2,4,6,CGCTCTCCGTAGATTA-1,10510,11966
1,2,3,CGCTGGTGACTACCCT-1,19354,15760
1,1,1,CGCTGTGACGCCGCAC-1,11962,9948
1,1,4,CGCTGTGTGGATGTTG-1,11374,18529
1,1,4,CGCTTAGTATTGATAC-1,12678,20297
2,4,6,CGCTTATTCCCGGTCG-1,9492,14237
1,1,1,CGCTTCCACTGAAATC-1,11238,8181
1,1,4,CGCTTTCATACCGGTG-1,12400,7172
2,4,6,CGCTTTCTTGCATTCG-1,17473,11468
1,1,7,CGGAACGTAAACATAG-1,11667,15501
1,1,2,CGGAGCAATTTAATCG-1,13841,17270
1,1,7,CGGAGCATGGCGATCC-1,14860,13485
3,5,7,CGGAGCTTATAACACC-1,17622,6168
1,1,1,CGGAGTTTGAGAGACA-1,10075,11209
1,1,2,CGGATCCTCAAGGACT-1,16741,18787
1,1,2,CGGCAAACATCGTGCG-1,14712,16766
1,1,5,CGGCAGGGTCGGGTTG-1,18778,11721
3,5,7,CGGCCACGCACAAAGT-1,13700,12474
1,1,7,CGGCCAGAGCGACCAT-1,12242,20549
1,1,1,CGGCCCAACCTGTAGT-1,21390,10714
2,4,6,CGGCCCAGGTATATCC-1,20371,14499
1,1,2,CGGCGCCATCAATCCC-1,18627,18536
2,4,6,CGGCTCTAAAGCTGCA-1,21095,15257
1,3,1,CGGCTTTGTATGATAA-1,13271,5659
1,1,1,CGGGAATATAGTATAC-1,20370,15509
3,5,7,CGGGAATTTATGTAAA-1,14568,14999
1,2,3,CGGGAGCTTCAGTGTA-1,18339,16012
1,1,7,CGGGATCAATGTAAGA-1,13703,9445
3,5,7,CGGGCAGCTAAACCGC-1,13266,11716
1,5,4,CGGGCCTTCTTTGTAA-1,13119,13988
1,1,1,CGGGCGATGGATCACG-1,16013,21057
2,4,6,CGGGTGTACCCATTTA-1,17617,11720
1,2,1,CGGTACTAGAATCAAA-1,17180,14496
3,5,7,CGGTAGAGGTGCAGGT-1,18490,9197
1,1,7,CGGTCAAGTGGGAACC-1,16748,10205
1,5,4,CGGTCCGTCGCAAGCC-1,12533,19540
3,5,4,CGGTCTATCAACCCGT-1,17040,8186
1,1,1,CGGTGAAGACTAAAGT-1,8478,12469
2,4,4,CGGTGCAGATAGAACG-1,10362,14238
1,3,5,CGGTGCGCGTTGGTCC-1,10796,16005
1,1,1,CGGTGGGCTCCAGCCT-1,19507,7431
1,1,7,CGGTGTACTTGATCCC-1,9643,7927
1,1,5,CGGTTATCCAACAGTG-1,19358,11217
1,1,5,CGGTTCAAGTAGGTGT-1,19360,9703
1,1,5,CGGTTGACCTGGCATA-1,8768,13479
1,1,1,CGTAACTTCGACACTT-1,12387,20802
1,1,7,CGTACCTGATAGGCCT-1,15009,9194
3,5,7,CGTAGCGAATTGTCAG-1,15446,6923
3,5,7,CGTATTAAGAGATCTA-1,12976,11716
1,1,1,CGTCAAGGCTATAAAT-1,7174,11206
3,5,7,CGTCACGTCCATTGGT-1,12537,15502
1,1,2,CGTCGCATGTGAGCCA-1,16304,20048
1,2,5,CGTCGCTTGGTTATAC-1,8762,19537
3,5,7,CGTCGGATAGTGTTGA-1,19067,12226
1,3,5,CGTCGGGTCTAAGCGC-1,8329,17265
1,1,2,CGTCGTCCTTCGCGAA-1,16161,17776
3,5,7,CGTCTGGAAGGGCCCG-1,14140,7679
3,5,7,CGTGAAGTTAATTCAC-1,13264,13736
3,5,4,CGTGACATTGGGTCGT-1,17186,7429
3,5,4,CGTGACCAGTCCTCTG-1,13114,19540
3,5,7,CGTGCAGACTGGGACA-1,15875,13738
2,4,6,CGTGCATTGTCGACGC-1,9638,13480
3,5,7,CGTGCCCTCCCGAAGA-1,16309,14495
1,1,1,CGTGCTTCTACCTAAA-1,9197,19285
1,2,3,CGTGGCCGAATATCTA-1,19790,15508
3,5,7,CGTGGTACCCAAAGGC-1,11227,20296
1,1,1,CGTGTCCCATTCGCGA-1,10946,10705
1,1,5,CGTGTCTCGTTACGAC-1,10068,18781
2,4,6,CGTTAAACTAGTTAGG-1,21240,16014
1,2,3,CGTTAATGTCCCGACG-1,17756,18535
3,5,7,CGTTAGCTCACAACTG-1,18202,7178
3,5,2,CGTTCAGACCCGCGAA-1,13984,20046
1,3,5,CGTTCATGGTGCGCGT-1,8040,15750
1,1,2,CGTTGAATACCGCGCT-1,16306,18029
3,5,7,CGTTGAGCGACCGTCG-1,15874,14747
1,3,5,CGTTGTAAGATTGATT-1,20810,10209
3,5,2,CGTTGTCGGCAATTGA-1,14709,19794
2,4,6,CGTTGTTTCAATTCCC-1,10944,12219
1,1,7,CGTTTAAGCGGAGCAC-1,13705,6921
3,5,7,CGTTTCACTTCGGGCG-1,18491,8188
3,5,4,CGTTTCGCTCATTACA-1,12250,12473
1,1,5,CGTTTGTGTAGAGGGT-1,11085,17519
2,4,4,CTAAAGAATGCCTACT-1,10364,12723
1,1,7,CTAAAGGGAAATAGGA-1,14133,14746
1,1,5,CTAAATCCGGTGTACA-1,10213,19033
1,1,7,CTAAATCCTATTCCGG-1,17329,10206
2,4,4,CTAACCGCGCGCCCGT-1,10218,12976
1,1,5,CTAACGAAACTTGCTG-1,18778,11217
1,3,2,CTAACTGATAATCGCC-1,19932,18285
1,1,5,CTAACTGGTCCGGTTC-1,10361,16257
3,5,7,CTAAGGGAATGATTGG-1,15584,14747
1,1,1,CTAATTCGCACGCGCT-1,10075,10704
1,1,5,CTAATTCTCAGATATT-1,20375,10461
1,1,1,CTAATTTCAACAACAC-1,9062,8936
1,1,2,CTACACTCGCAGATGG-1,19787,18032
1,1,5,CTACCCTAAGGTCATA-1,18343,11469
1,1,1,CTACGACTAGCTATAA-1,8623,13227
3,5,4,CTACGCACGGAGTACC-1,13410,12474
3,5,7,CTACGCCATTTCCGAT-1,16752,6672
1,1,5,CTACTATCATAGGTTT-1,8764,17013
1,1,5,CTACTATCTTTCAGAG-1,18633,10964
1,1,4,CTACTCAAGGTATAGT-1,11229,18782
1,1,1,CTACTCTAGGCCCGGC-1,8769,11460
1,1,7,CTACTGCCACCTGACC-1,14282,10455
1,1,5,CTAGATGTGAGTGTAA-1,20083,11975
1,1,7,CTAGATTTACGACGGC-1,15874,14243
1,1,7,CTAGCATAGTATAATG-1,14716,12222
1,3,5,CTAGCCGATGTTATGA-1,19795,9451
1,2,3,CTAGGCGCCCTATCAG-1,18338,16516
1,1,5,CTAGGTCTGAAGGAAT-1,20227,12732
3,5,2,CTAGGTTCGGACGTGA-1,15291,18280
1,1,2,CTAGTAGAAAGGGATT-1,16885,19544
3,5,4,CTAGTATTCGGAATTA-1,16751,7176
1,1,5,CTAGTCACGTCTTAAG-1,15150,12980
2,4,6,CTAGTGAAGGACAGGA-1,10654,12219
1,1,2,CTAGTTACAACCCGGT-1,14857,17018
1,2,3,CTAGTTGGGCCCGGTA-1,15008,10204
1,1,5,CTATAAGAGCCAATCG-1,19649,10208
1,2,3,CTATCGACGAAATACA-1,18628,17021
1,1,7,CTATCGGGTCTCAACA-1,15151,12475
3,5,4,CTATGCCCGAATGCAA-1,13694,19541
1,3,3,CTATGGGAAGCGGAAT-1,20223,17275
3,5,7,CTATGTCACTAGCCCA-1,14717,11213
1,1,1,CTATGTCTATTGAAAC-1,13125,6416
1,1,2,CTATTCATGTGTCCCA-1,14132,16765
1,1,1,CTATTTGGTTACGGAT-1,17036,12729
3,5,7,CTCAAACCACTGCCCG-1,10938,19791
1,2,3,CTCAACTAACCCGGAT-1,17465,19544
1,5,2,CTCACATTTACTAAAT-1,15000,19290
3,5,2,CTCACTGTGATACTTA-1,16015,19543
1,3,5,CTCACTTGGCTGGTAA-1,8912,13732
1,1,7,CTCAGGACTCACCTGT-1,9498,7675
1,3,5,CTCAGTCACGACAAAT-1,19070,9702
3,5,7,CTCATGGCTCACAATC-1,14285,6922
1,3,5,CTCATGGTAATTTGCG-1,8910,16256
1,1,2,CTCATTGCTCTAACAA-1,16451,18786
3,5,7,CTCATTTGATGGGCGG-1,14138,9193
1,3,5,CTCCCTCCTTTCGATC-1,8475,16508
3,5,7,CTCCGGCCTAATATGC-1,13704,8436
1,1,7,CTCGAGGTCGAACAGT-1,13702,10960
1,3,1,CTCGATATTTGCGAGC-1,19505,9450
1,1,7,CTCGCACCTATATAGT-1,15008,9699
1,2,3,CTCGGGTTCTCTGGCC-1,9053,19032
3,5,7,CTCGGTACCACTGCTC-1,16890,13991
1,1,7,CTCGGTCCGTAGCCTG-1,12399,8182
1,2,5,CTCGGTTGTCGGCCCT-1,8909,17770
1,3,1,CTCGTTTCTAATGTTT-1,20231,9199
1,3,5,CTCTAATGCATTGATC-1,21100,9704
1,3,5,CTCTACACTGGCGATT-1,7606,14488
3,5,7,CTCTATTTGGCTGCAG-1,15003,15756
1,1,7,CTCTCACAATCGATGA-1,15297,11718
1,3,5,CTCTCTAACTGCCTAG-1,8183,18022
3,5,7,CTCTGGACGCCTGGTG-1,14136,11717
3,5,7,CTCTGTTTGAGGATTC-1,15591,7175
1,2,3,CTCTTCTATTGACTGG-1,19645,15256
1,1,5,CTCTTCTGGAAGTTAG-1,10938,19286
1,1,2,CTCTTGTCCCGCTTGG-1,13551,17269
2,4,6,CTGAAAGAGATCCGAC-1,15154,8437
3,5,7,CTGAATCCGAGACCTC-1,12827,15502
1,3,1,CTGAATTTATTGCCAG-1,20521,9199
1,1,5,CTGACTGCGCAGCTCG-1,19793,11470
1,1,4,CTGAGCAAGTAACAAG-1,8773,7422
1,1,1,CTGATAGTGTATCTCA-1,7464,11711
1,1,2,CTGCACAACTACATAT-1,16163,16262
1,1,4,CTGCACCTGGAACCGC-1,12254,7425
1,1,2,CTGCACTCCAGTACAG-1,15292,17271
3,5,7,CTGCCAAGGTTGGAAG-1,16314,8943
1,1,7,CTGCCATGCATCACAT-1,14134,13736
1,1,1,CTGCCTTTAATACCTT-1,9197,19789
1,3,3,CTGCCTTTCTAGTAAA-1,18626,19545
1,1,1,CTGCGGGTGAAATGTT-1,8479,11460
3,5,7,CTGCGTTACGATATAA-1,18201,7683
1,1,5,CTGCTGAGGCCACGAA-1,10216,16004
1,1,2,CTGCTTGGCGATAGCT-1,16017,17019
3,5,7,CTGGAAATGGATGCTT-1,12831,10959
1,2,3,CTGGAAGACACGGTGG-1,17903,16264
1,1,5,CTGGACGCAGTCCGGC-1,7024,16506
1,1,1,CTGGATTTACACTTGA-1,13117,16007
1,1,5,CTGGCATCCGAATGAG-1,8911,15751
3,5,4,CTGGCGACATAAGTCC-1,16896,7934
1,1,5,CTGGCGCACAGGTCTG-1,18051,12983
1,1,1,CTGGCGGGAATAAGTA-1,8337,8683
1,2,3,CTGGCTGATTCATCCT-1,19065,14750
1,1,2,CTGGCTGGTTGTCAGT-1,13261,17269
1,1,1,CTGGGATAAATAATGG-1,17326,13234
1,1,6,CTGGGCCTGCTATATC-1,9492,14742
1,1,7,CTGGGTAGGCAGTTAA-1,16599,14496
1,1,7,CTGGTAACACATAGAA-1,17905,14244
1,1,5,CTGGTAACGAGCTCTT-1,19214,10965
1,2,3,CTGGTTTCGAGCAAGA-1,17904,15254
1,1,5,CTGTAGTGAGGATCGA-1,11372,21053
2,4,6,CTGTATGGTGTAGAAA-1,9787,8685
3,5,7,CTGTCAAATGGCTCGG-1,17184,9448
1,1,7,CTGTGCAGGGTAGGTC-1,15294,14242
1,1,2,CTGTGGTCGGGAGATA-1,18047,17526
1,1,1,CTGTTACCCAATCTAG-1,13552,15755
1,1,7,CTGTTCACTGCCTGTG-1,13268,9192
2,4,6,CTGTTCATCTCACGGG-1,10077,9190
1,1,1,CTTAACTTCGAAGTAC-1,14286,6417
3,5,7,CTTACACGGTATTCCA-1,11670,11463
3,5,7,CTTACACTGGGAAATA-1,12109,7677
3,5,7,CTTAGCCTTCCACATG-1,16459,9195
1,1,5,CTTAGTAGGCCTACAG-1,19938,11722
1,1,2,CTTAGTGTAGTAGCAT-1,17176,19039
1,3,5,CTTATGCGCTCAGGGC-1,6736,14487
1,1,2,CTTCAACTCCACTTGG-1,16306,18534
1,3,5,CTTCAGTGGTCGCCTA-1,7749,17264
2,4,6,CTTCATAGCTCAAGAA-1,10513,8433
1,1,7,CTTCATTGTCAGTGGA-1,13845,12726
1,1,2,CTTCGGCCAATTGTTT-1,21095,16267
3,5,7,CTTCGTAGATAGGTGA-1,11669,13482
1,3,1,CTTCTATGTTGAAGTA-1,9201,15246
1,3,5,CTTCTATTAATGCTAG-1,11956,16511
2,4,6,CTTCTGGGCGTACCTA-1,10067,20295
3,5,7,CTTCTTACGTCGTATA-1,13850,7174
1,3,1,CTTGACCCGAAAGATA-1,13416,5911
1,1,7,CTTGAGTTAGGGTAAT-1,18631,13488
1,3,5,CTTGCAACCGCCTCCT-1,8767,14489
3,5,7,CTTGCCCAGGCTCTAC-1,13118,14997
3,5,4,CTTGGCCAAGCTGGGA-1,13404,19036
1,1,1,CTTGTACTTGTTGACT-1,12543,8939
1,1,2,CTTGTCAACATTCGAG-1,14712,16261
1,1,1,CTTGTGAGTCTTTGAC-1,10080,6161
1,1,7,CTTGTGCTCACCGATT-1,18780,9197
1,1,1,CTTGTTGCTGAGTCAA-1,16746,13234
1,1,1,CTTGTTTATGTAGCCA-1,9207,8179
1,1,7,CTTTAACTTTCAAAGG-1,14863,9446
1,1,2,CTTTAATATTGGTCGA-1,15727,16514
1,1,2,CTTTACCGAATAGTAG-1,17323,16263
1,1,7,CTTTAGGAACACTGTT-1,17760,13992
3,1,7,CTTTAGTGCTATTATT-1,14423,14746
1,1,2,CTTTCTGTGCGGGCTT-1,14711,17270
1,1,2,CTTTGCATCGCTCTTG-1,18771,18788
1,1,1,CTTTGGCGCTTTATAC-1,7754,11711
2,4,6,CTTTGGCTTTAGTAAA-1,10945,11714
1,1,4,CTTTGGGATTGTTGCA-1,11518,19287
1,1,7,GAAACAGATGACCACC-1,18486,13740
3,5,7,GAAACAGCCATGCAGT-1,13995,6922
1,3,5,GAAACATAGGAAACAG-1,8037,18779
1,3,5,GAAACCATGGTGCGCT-1,20955,10461
3,5,7,GAAACCGAATTACCTT-1,12538,14997
1,1,1,GAAACTCGTGCGATGC-1,8625,10703
3,5,7,GAAACTCTAATGAAGG-1,15736,6923
1,1,5,GAAAGAACAGCGTTAT-1,20082,12984
1,1,1,GAAAGCCCTTTGGACC-1,8188,12469
1,1,1,GAAAGTGACTAACTGC-1,9641,9946
1,1,1,GAAATACTAAACGTTT-1,8337,8178
1,1,1,GAAATATCACCATCAG-1,8479,11964
3,5,6,GAAATCGCGCGCAACT-1,15010,8184
3,5,7,GAAATGGCGGTGTTAG-1,12686,11211
1,1,7,GAAATTAGCACGGATA-1,19071,8188
1,1,4,GAAATTCACATCGCTG-1,12255,6920
3,5,4,GAAATTGTCTCTATAA-1,12828,14492
1,1,1,GAACACACATCAACCA-1,12398,9192
1,1,2,GAACAGATTACTAAAT-1,15436,18028
1,3,5,GAACCTCGACCTACAC-1,6446,13982
1,1,2,GAACCTTTAACGATCC-1,16595,19544
3,5,7,GAACGACCGAATGATA-1,14284,8436
2,5,7,GAACGTCTCATGGTCG-1,17763,11468
1,5,7,GAACGTTAGGAAGACG-1,7318,11963
1,1,2,GAACTGTGGAGAGACA-1,14708,20804
1,2,3,GAAGAAACGATATTGT-1,9343,18527
1,4,7,GAAGAACGGTGCAGGT-1,10949,7171
3,5,2,GAAGCCACTGATTATG-1,15144,20047
3,5,2,GAAGCCTGCACATTCC-1,13984,19036
3,5,7,GAAGCGTGAGGAATTT-1,13846,12222
1,3,5,GAAGCTCGGACCCGTC-1,8184,17517
1,1,1,GAAGCTTGCTGACCGC-1,10220,10956
3,5,2,GAAGGAGTCGAGTGCG-1,13838,20298
1,1,2,GAAGTCAGTTGCACTA-1,13551,16765
1,1,7,GAAGTCTCCCTAGCGA-1,18342,12983
3,5,7,GAAGTGATTTATCGTG-1,11959,13482
3,5,7,GAAGTGCTGGATAGCT-1,13995,7426
1,1,7,GAAGTTTCCACTCAAT-1,11814,12725
1,2,3,GAATAGACGCGACCCA-1,18485,14245
1,1,5,GAATAGTGCTCGATTA-1,10358,18781
3,5,4,GAATATTCGGAGTCCC-1,17187,6924
1,1,1,GAATCGACATGGTCAC-1,11236,10200
1,1,7,GAATCGCCGGACACGG-1,11095,6414
3,5,7,GAATCTGAACATTCTC-1,14424,14241
3,5,2,GAATGCGAATCGGTTC-1,15144,19542
3,5,7,GAATGTATGGCAGGTC-1,18347,7430
1,1,1,GAATGTGGTCCGGATT-1,16890,14496
1,1,7,GAATGTTGGGTAATCT-1,15154,9447
1,1,7,GAATTATAGTGAAAGG-1,15006,12223
3,5,7,GAATTCACCCGGGTGT-1,13117,15502
1,1,1,GAATTTCTCGCTGCAG-1,9495,10703
1,2,3,GACAAACATATGCAGG-1,19645,14751
3,5,7,GACAACGACCATTGAA-1,16313,9952
3,5,7,GACAACGCAGCTTACG-1,12978,8687
1,1,1,GACACAAGGGAAGAAA-1,15587,11214
1,1,1,GACACGAGTTAGAGGA-1,8772,8431
3,5,7,GACACTGAGTTCAGTG-1,11812,14744
1,2,1,GACAGCCAGACCTGAC-1,17615,14244
1,3,1,GACAGGCACACACTAT-1,8333,13226
3,5,2,GACATCCGTCGAACTG-1,15434,20047
1,1,2,GACATCGATTTATAAC-1,12391,16763
3,5,7,GACCAGAGCCCTGTAG-1,11961,11463
1,3,5,GACCCAATTATGATAC-1,8039,17264
1,3,1,GACCCGTCGCCGGCTA-1,13706,5912
2,4,6,GACCGACGTGAAAGCA-1,21387,13238
1,1,1,GACCGACTGAAGCGTC-1,8333,12217
3,5,7,GACCGTCAGGTCGTGA-1,16896,6924
3,5,4,GACCGTGCTGACGGTG-1,12684,13735
1,3,5,GACCGTTACATGCGAC-1,6012,13224
1,1,2,GACCTTCCACGTCTAC-1,15869,20300
1,1,2,GACGACGATCCGCGTT-1,15292,16766
1,1,2,GACGAGGCTAATAAAC-1,19643,17780
1,1,2,GACGCCGTAAAGGCTA-1,12971,17269
1,1,5,GACGGTCAATAGAAGC-1,19649,11217
1,1,1,GACGTGTAGGGATTAT-1,9785,10704
1,1,1,GACTAAGATCATGCAC-1,12833,9444
1,1,1,GACTAAGTAGGCTCAC-1,11381,10453
1,3,5,GACTACAAAGCGGTGG-1,8185,16002
1,1,2,GACTAGGCCGTTAGGT-1,16449,20301
2,4,6,GACTCACCCACGTGAG-1,20517,13237
1,1,1,GACTCCCAGAATAAGG-1,21245,10462
1,1,5,GACTCGCGGGAATGAC-1,19069,10712
1,1,2,GACTGCAAATCGAGCT-1,16016,18533
1,2,3,GACTGCACCAGCCCAG-1,16744,15253
1,2,5,GACTGCGGCACGTGTA-1,7320,10449
1,1,1,GACTGCTGGTGAGAAA-1,10792,20548
3,5,7,GAGACTGATGGGTAGA-1,13267,10707
1,1,2,GAGACTTCGCGACCGA-1,13406,17017
3,5,4,GAGAGGGCGCGAGGTT-1,10944,13229
1,1,1,GAGAGGTGCATTCTGG-1,9202,14741
2,4,6,GAGATCTGCTTGGCAT-1,11525,12220
1,1,1,GAGATCTGTCACTCCG-1,15877,11214
1,1,7,GAGATCTTCCATGACA-1,16309,15000
1,1,2,GAGATGGGAGTCGACA-1,15582,16766
2,4,6,GAGCATCAACAACTTG-1,9487,19790
1,1,7,GAGCATCATCCCTGGG-1,10949,6666
1,3,1,GAGCCACGGTAGTAGG-1,11966,5910
1,1,2,GAGCCAGCTACCTGTG-1,18048,17021
3,5,7,GAGCGAGGGAGTACCG-1,13560,7174
1,3,2,GAGCGCAAATACTCCG-1,20659,16519
1,2,3,GAGCGCGCACGAGTAG-1,18629,16012
1,3,3,GAGCGCTGTTAGGTAA-1,8472,19031
1,1,7,GAGCGGAATGCGGTGT-1,12097,20801
1,1,7,GAGCTAAGGGCATATC-1,17183,10963
1,1,7,GAGCTCTCGGACCTAA-1,9933,7423
1,1,1,GAGGAATGGAGAGGTT-1,9641,10451
2,4,6,GAGGATAAACAGTGCT-1,21677,13743
1,3,5,GAGGCCCGACTCCGCA-1,8474,17517
1,1,1,GAGGCTATCAAAGTCG-1,9059,12470
3,5,7,GAGGGAGTCAGATCGC-1,11082,20043
1,1,1,GAGGGCATCGCGTATC-1,9934,6413
1,1,7,GAGGGCGCAGCTCTGC-1,18054,10459
1,1,5,GAGGGTAGTAACAAAG-1,9632,19537
3,5,7,GAGGTACATCCATCTT-1,15011,6670
1,1,2,GAGGTACGCGTGTCCC-1,14853,20552
1,1,1,GAGGTCCCAAAGATCT-1,8917,8179
1,3,5,GAGTAAGGCCACGGGA-1,7170,15749
3,5,7,GAGTACGGGTATACAA-1,11384,7424
3,5,2,GAGTAGATACTAGTTG-1,14419,19289
1,1,5,GAGTATGCCCGCCTTG-1,11376,16005
3,5,2,GAGTATGCGCGTGCAT-1,15435,19543
1,1,7,GAGTCCGCTTACCGGA-1,13553,15250
1,1,2,GAGTGTCAACCAGAAA-1,17175,19544
1,2,3,GAGTGTGCGGTACCCA-1,17905,14749
1,1,5,GAGTTGATGGCAATTT-1,7894,16507
1,1,7,GATAAATCGGTGGATG-1,11094,7424
1,1,5,GATAACTCGCACTGTG-1,18051,13487
3,5,7,GATACGATGGGAGTCA-1,11667,14996
1,1,7,GATAGGTAACGTTGAC-1,13842,15755
1,1,5,GATAGTGCGAGTAAGT-1,11517,20801
1,1,1,GATATCTCATGCAATA-1,13560,6669
1,1,1,GATATGAGACACTAAC-1,16891,13486
2,4,6,GATATGCGGTAGCCAA-1,18346,8440
1,1,1,GATATGGATTACGCGG-1,7755,10702
3,5,4,GATATTTCCTACATGG-1,18056,7935
1,1,7,GATCAACATAAAGGGA-1,10358,19286
3,5,7,GATCATTCCAAACATT-1,13266,11212
1,1,1,GATCCCTTTATACTGC-1,13847,10707
1,1,2,GATCCGGGAATTAACA-1,15730,13485
1,1,5,GATCCTAAATCGGGAC-1,18924,10460
1,1,5,GATCCTCGACACTGGC-1,9780,16256
1,1,1,GATCGACACTATCTGA-1,11961,10453
1,1,4,GATCGCGGGCTCTCCA-1,12685,12725
1,2,3,GATCGCTACCCGATTT-1,19354,16265
1,3,5,GATCGCTATATCTCAG-1,8762,19032
1,3,5,GATCGGATAGAACCAT-1,7026,13982
1,1,1,GATCGGTGGCCATAAC-1,15007,10708
1,1,2,GATCGTGACTGATATC-1,15585,13233
3,5,4,GATCTGCTATCTAAGG-1,13259,19288
3,5,7,GATCTTGGAGGGCATA-1,15294,14747
2,4,4,GATCTTTGCAGGGTAT-1,10654,12724
1,1,5,GATGACAAGTAGGGCA-1,9924,18023
1,3,5,GATGAGGAACCTTCGG-1,16884,20553
1,1,7,GATGCGTCCTGCATTC-1,13410,12978
1,1,7,GATGCTACAAGCGCCT-1,12544,7930
3,5,7,GATGCTGTATTTCATC-1,16019,14495
1,4,6,GATGGCGCACACATTA-1,9352,8432
1,1,7,GATGGTGCCCTAGGCA-1,16462,6167
1,3,5,GATGTAACGAACCACC-1,8185,16507
1,1,1,GATGTCGGTCAACTGC-1,15737,5914
2,4,6,GATGTTCAATCCACGA-1,11378,13986
2,4,6,GATGTTTGTGCGAGAT-1,9497,8684
1,2,3,GATTAACCGAAAGCCC-1,18628,17526
1,1,7,GATTCCCTTGTCGCAG-1,14863,9951
1,1,1,GATTCCTATACGGCGC-1,8481,9945
1,1,7,GATTCGACGGTTCACG-1,15440,13990
1,1,1,GATTGCTCCAGTTGCA-1,9052,19537
1,1,5,GATTGGGAAAGGTTGT-1,16739,20301
1,2,3,GCAAACCCTACATTAT-1,17034,15758
3,5,2,GCAAACCTTGGCCATA-1,14856,18028
2,4,6,GCAAATATTACGCTTT-1,11089,12472
1,3,5,GCAACACACTAGAACT-1,7460,15245
2,4,6,GCAACAGCAGTATGCG-1,20515,15256
3,5,7,GCAACCACCAGACCGG-1,18492,7178
1,1,7,GCAACCACGGCCGCGT-1,9347,14489
2,4,6,GCAACGGCTAGTTATG-1,21531,14500
2,4,6,GCAAGAATTCCTTGGC-1,10362,14742
1,1,7,GCAAGTGCACAGAGAA-1,11237,9695
1,1,5,GCAAGTGTAAAGCATG-1,11662,20549
2,4,6,GCACAAACGAGGCGTG-1,21676,15257
1,1,1,GCACAAGTGTCGGAAG-1,14431,6165
1,1,2,GCACACACTGGTAGCC-1,18772,17779
1,1,7,GCACACGCCCATGGTC-1,6593,12215
1,1,5,GCACGCCTACTTAGAT-1,10795,17519
3,5,2,GCACTGCCTACCTTTA-1,14999,20299
2,4,6,GCAGACCCAGCACGTA-1,20082,13489
1,5,7,GCAGATTAGGGATATC-1,13990,12979
3,5,7,GCAGCACACAGCCCAG-1,11234,13229
1,1,1,GCAGCCTATATCACAT-1,21533,12481
1,1,1,GCAGGAACTTAGATCT-1,7314,17011
2,4,4,GCAGGACTATAGAATA-1,10509,12471
2,4,7,GCAGGTAGAGTATGGT-1,18781,8188
1,1,2,GCAGTGTGGCTATAGG-1,17176,18535
1,3,5,GCATACGAGGTCTTTA-1,7172,13225
1,5,7,GCATAGAGCACTCAGG-1,13700,12979
3,5,7,GCATCCCTAACTTTGA-1,11239,7676
1,1,2,GCATCGGCCGTGTAGG-1,20079,16013
1,1,5,GCATGAGGGACGCGGC-1,18198,11216
1,1,5,GCATTCAAGGCAACGC-1,20809,10714
1,2,5,GCATTCGAAATGAACA-1,7174,10701
1,3,5,GCATTGTAATTCATAT-1,8187,13983
1,1,1,GCATTTCCAAGGCTCC-1,21243,11976
1,3,5,GCCAACCATTTCCGGA-1,20520,10209
1,3,5,GCCAAGAATACTTCTG-1,6590,15244
1,3,5,GCCAATAGGGCATCTC-1,20085,9956
2,4,6,GCCACAATTTAAGGAC-1,10797,14995
1,1,2,GCCACTCAGAGCGCGA-1,18917,18536
3,5,7,GCCAGGAGTAACCGAT-1,18055,8944
3,5,7,GCCATATTGCACACAG-1,18200,9197
1,1,5,GCCATCGAGCTGCGTG-1,11955,17015
1,1,1,GCCATCGATGCTGCAT-1,21099,11723
1,1,5,GCCATTAGCCTCAAAC-1,7023,17516
1,1,1,GCCCACCAAGGCTGTC-1,10659,6666
2,4,6,GCCCAGTTGGTATGCC-1,10657,9190
1,3,5,GCCCGACTTCTTCCCG-1,8765,16003
1,1,2,GCCCGATCTGTGGTCG-1,14276,17018
1,1,5,GCCCGCGCGTAAACGG-1,11086,16005
2,4,6,GCCCGCGCGTTTGACA-1,10948,8686
1,1,7,GCCCGTAATACCTTCT-1,16603,10457
1,3,5,GCCCTAGCCGTCGCGA-1,7459,17264
1,1,1,GCCCTGAGGATGGGCT-1,15869,20805
2,4,6,GCCGAAATTCCTACGT-1,11669,12472
1,1,5,GCCGACCCACGACTGC-1,9488,19285
1,1,7,GCCGATTGGCCAAGCT-1,13989,13989
3,5,7,GCCGCATTAGTCCGGC-1,7608,12468
2,4,6,GCCGCTTGTGAGAAAC-1,10944,12724
3,5,7,GCCGGGTTAGGGTCGC-1,13699,13988
2,4,6,GCCTAGCGATCTGACC-1,11238,8686
1,1,5,GCCTATAGTGTCAGGG-1,18343,10964
1,1,1,GCCTATTCCGATATAG-1,9496,9694
1,3,1,GCCTATTTGCTACACA-1,12401,5658
1,1,1,GCCTCATCTGGAAATA-1,18921,13993
1,1,1,GCCTCCGACAATTCAC-1,19352,18789
1,1,2,GCCTCTATACATAGCA-1,16017,17524
1,2,7,GCGAAACTTAACTGGA-1,17034,14748
1,3,5,GCGAAGAATCTGACGG-1,17320,20301
3,5,7,GCGAAGCCATACCCGT-1,13991,11465
1,1,5,GCGACCCAACCATCTG-1,9923,18528
1,1,7,GCGACGATAGTTGTAC-1,12972,15754
1,1,7,GCGAGAGTTGCGTCCA-1,20663,11975
1,1,7,GCGAGCGCATGCTCCC-1,20952,12985
1,1,7,GCGAGGCCCGAGCAGA-1,11959,12977
1,1,7,GCGAGTTCTGCAAAGA-1,14280,12474
1,1,1,GCGATTCTGGAAGCAG-1,15882,6166
1,1,1,GCGATTGTTAACGTTA-1,16311,12981
1,2,3,GCGCAAATATATTCAA-1,9198,18275
2,4,6,GCGCAAGAGCGCGCTG-1,19646,13741
1,1,5,GCGCATCCAGTCAGCA-1,18924,10964
3,5,7,GCGCCGTTCCACGATA-1,14569,13989
2,4,6,GCGCCTCCCACTCCGA-1,21095,15762
1,1,2,GCGCGGTCTAGTAACT-1,13838,20803
1,1,7,GCGCTAATTGAATAGA-1,15296,12223
3,5,7,GCGCTATGCCGAGGCA-1,11958,14492
3,5,4,GCGCTGATCCAGACTC-1,17766,7935
1,1,5,GCGCTGCTTTGCATTT-1,18779,10712
1,1,2,GCGCTTAAATAATTGG-1,18047,18031
1,1,5,GCGGACCGCGTTGTGG-1,11376,16510
1,1,5,GCGGAGAAACTTCGCA-1,9924,17518
1,1,3,GCGGAGAGGGAGAACG-1,16454,15253
1,2,3,GCGGCAAAGTATTGCC-1,9053,18527
2,4,4,GCGGCTCTGACGTACC-1,10653,13228
1,1,7,GCGGGAACCAGGCCCT-1,12109,8182
3,5,7,GCGGTCCCTAGACGCA-1,11674,6919
1,1,7,GCGGTGAACTGCGCTC-1,18781,8693
3,5,7,GCGGTTCCCTATCATG-1,12247,15501
1,1,5,GCGTAAATGGCCATAA-1,19938,12227
3,5,7,GCGTCGAAATGTCGGT-1,14575,7932
1,1,2,GCGTCGCCAGGGTGAT-1,14131,17270
3,5,7,GCGTGGTACTGGGTTA-1,18922,12479
1,1,5,GCGTTATATTTGGAAC-1,7029,11458
1,1,1,GCGTTCGGAGACCGGG-1,20086,8441
1,1,1,GCTAAACCTGAGGTGA-1,8481,9441
1,1,2,GCTAACTGAAGTCTGA-1,17902,18283
1,2,5,GCTAAGTAAAGGCGAT-1,7030,10449
1,1,1,GCTAAGTAGTTTCTCT-1,16747,12224
1,1,1,GCTAATACCGAATGCC-1,11963,8939
1,3,5,GCTACAGTACGGACCG-1,7172,13730
3,5,7,GCTACGACTTATTGGG-1,15149,14494
1,2,3,GCTACTATAGTAGAGT-1,18774,16264
1,1,7,GCTAGACCGTCTACTG-1,20226,14247
1,2,3,GCTAGAGTAGAGATGT-1,19062,17779
1,1,5,GCTAGCTTGAATAGCT-1,11521,16763
1,1,4,GCTAGGCACCACGGAG-1,17322,17273
1,1,7,GCTAGTAGAGCTTGTA-1,14570,13484
2,4,6,GCTAGTTTCATTGAGG-1,10513,7928
1,1,2,GCTATACGTCTCGGAC-1,17903,16768
1,1,1,GCTATCGCGGCGCAAC-1,8627,8683
1,1,5,GCTCAATCCGTTTATT-1,10215,17014
3,5,4,GCTCAATGTAATACCG-1,13549,19288
3,5,7,GCTCATTACTGCATGT-1,18637,6926
1,1,1,GCTCCATGCAAAGCAA-1,13112,21055
2,4,6,GCTCCCAGTCGGTCCA-1,20951,14500
2,4,6,GCTCCGCTCGCTTCAG-1,21386,14248
1,1,5,GCTCCTGACATACTGG-1,9779,17771
3,5,7,GCTCGGAATTTAAAGC-1,17330,9196
1,1,1,GCTCTAAACCCTGACG-1,13558,9697
1,1,1,GCTCTATGTTACGTGC-1,10946,10200
1,1,7,GCTCTCGGGTACCGAA-1,13557,10202
3,5,4,GCTCTTTCCGCTAGTG-1,12968,19793
1,2,3,GCTGAATCTTCCAATC-1,8473,18527
1,1,7,GCTGAGGCGTGAGTAT-1,14424,13737
1,1,7,GCTGCACGGTTTCTTA-1,15730,13990
1,1,2,GCTGCTACTGCGTAGC-1,16017,16514
3,5,7,GCTGCTCTCCGGACAC-1,14281,11465
1,1,1,GCTGGCATATTCACCT-1,9640,11461
1,1,2,GCTGGCGGCGCATGCT-1,14421,17270
2,4,6,GCTGTATTACTGGCCC-1,10652,15248
1,1,7,GCTGTTGCTACCGAAC-1,18921,13488
1,2,1,GCTTAATGTAACTAAC-1,17325,14244
1,1,7,GCTTACGTAGTTAGTA-1,21388,12733
1,4,7,GCTTATGAAGCAGGAA-1,18052,12478
1,1,1,GCTTCCGTCCCTAGAC-1,16313,10962
2,4,6,GCTTGATGATAATCAG-1,10367,9190
1,1,5,GCTTGGATCGATTAGG-1,19213,11469
1,1,5,GCTTTCAGAGGAGGTG-1,18923,11974
1,3,1,GGAAACCTTGTTGAAT-1,20521,8694
2,4,6,GGAAAGTGCCCATGCC-1,18200,8692
1,1,5,GGAACCGTGTAAATTG-1,11956,16006
1,1,1,GGAACCTTGACTCTGC-1,8183,18526
3,5,7,GGAAGCTCGCTTACAG-1,17187,6420
2,4,6,GGAATGCGCTAGCGTG-1,17037,11720
2,4,6,GGACACAAGTTTACAC-1,21240,15509
1,1,2,GGACCAACAGGATAAC-1,14857,16513
1,2,3,GGACCTCTAGGCCGCC-1,9488,18275
1,1,5,GGACTCGACAGCGCAT-1,11807,20801
3,5,7,GGACTCGTGAGTGGTC-1,10648,19791
2,4,6,GGAGAAGTCATTGGCA-1,11092,9443
3,5,7,GGAGACGACACCTTTG-1,14859,14494
1,1,2,GGAGCAACATTTCAAG-1,20078,18032
3,5,7,GGAGCACCAAGAACTA-1,17039,10205
1,1,2,GGAGCGAGGCCTACTT-1,15143,20552
1,1,1,GGAGGGCTTGGTTGGC-1,16457,11719
3,5,7,GGAGTGCCGCCCTGGA-1,12834,8435
1,1,1,GGATACTCATGAATTG-1,11675,5910
1,3,1,GGATCATCCCGTACGC-1,19797,7936
1,1,7,GGATCCGGAATATACT-1,17037,12225
1,1,7,GGATCTTACTGCCCTT-1,10212,20043
1,1,1,GGATCTTGACTCAACC-1,7604,16507
1,2,3,GGATGAAGATCGCTGA-1,18776,14245
1,1,7,GGATGACGCGAGTTTA-1,11669,12977
1,3,5,GGATGCTGGCGTTCCT-1,7897,13478
3,5,7,GGATGTCCTTACCGCA-1,18342,12478
2,4,6,GGATTCAGTACGGTGG-1,9932,8432
1,5,4,GGATTCCGCTATACCC-1,16895,8439
1,2,5,GGATTGCTGTGACTCC-1,17321,18787
2,4,6,GGATTTCACTTCTATA-1,17182,11468
1,1,5,GGCAAAGGCGCCAATA-1,10070,17266
1,5,4,GGCAAATTACTTTACT-1,12829,13988
3,5,7,GGCAAGCCCATAGTGG-1,13983,20551
3,5,7,GGCAAGGCGAAATAGC-1,15149,14999
1,1,1,GGCAATAGTCAATGAG-1,15297,11213
3,5,7,GGCACTCCACTGGGCA-1,11815,12220
1,3,2,GGCAGCAAACCTATGC-1,20079,16518
2,4,6,GGCATACAGGTAGCGG-1,9784,12218
3,5,4,GGCATATCGGTTCTGC-1,17186,7934
1,3,1,GGCCCTCACCCACTTA-1,8478,12974
1,1,5,GGCCGAGACTCTGGTG-1,9778,19285
1,1,2,GGCCGGCGTCTGCTAT-1,16594,20048
1,1,4,GGCCGTTTGGGTTTCA-1,11664,18530
1,3,5,GGCCTTTGCAACTGGC-1,6302,12720
1,2,3,GGCGAAATCTAACTTG-1,17760,14497
1,1,1,GGCGCAGGACATCTTC-1,9058,12975
3,5,4,GGCGCATGAATTGATG-1,12973,14240
1,1,2,GGCGCGGAGATCTTTC-1,17611,18283
1,1,7,GGCGCGTTCGAGTTTA-1,13698,15503
1,1,2,GGCGCTTCATTCCCTG-1,15434,20552
3,5,7,GGCGGAGTAATATTAG-1,11815,11715
1,1,7,GGCGGTAGGATCATTG-1,15152,11466
1,1,2,GGCGTAGGGAAAGCTG-1,17030,19796
1,1,1,GGCGTCCTATCCGCTG-1,9930,11461
1,1,1,GGCTAAAGGGCGGGTC-1,19506,8441
2,4,6,GGCTATTAAGTTGTAT-1,11090,11967
1,1,5,GGCTCCTCCACCTGTT-1,10213,18528
1,1,5,GGCTCGCGTTGAGGTA-1,18633,11469
2,4,6,GGCTCGTGCCACCAGC-1,10658,8685
1,2,7,GGCTCTGCTCCAACGC-1,15588,10204
1,1,2,GGCTGAAATAGCAAAG-1,16598,16010
2,4,4,GGGAACGGGAGGTTAG-1,10508,13481
2,4,6,GGGAACGGTTTCAGAT-1,9777,19790
1,1,2,GGGAAGACGGTCTGTC-1,16160,19796
1,2,3,GGGAAGGGCTTTCTCA-1,17755,19545
1,2,5,GGGACAGAGTTACTCC-1,7893,18021
3,5,7,GGGACTGCATAGATAG-1,13846,11717
3,5,7,GGGAGAACTCACAGTA-1,14426,11717
3,5,7,GGGAGGATGCCCGAAA-1,12539,12978
1,1,1,GGGAGTAATGGCTGGC-1,11240,6162
1,1,1,GGGAGTTAATGAGGCG-1,16022,11971
1,1,1,GGGATGGTCGTAACCG-1,11377,15501
1,2,3,GGGATTTACCGCACCT-1,18195,14245
1,3,5,GGGCAACCGCACGTGC-1,7894,17517
3,5,4,GGGCCCGTCTTAAACA-1,12683,14240
1,1,5,GGGCCCTACGAAAGGG-1,7462,13225
1,1,1,GGGCCGGCCGAAGTAC-1,17326,12730
1,3,5,GGGCCTAAATGGGCTA-1,6445,14991
1,1,1,GGGCGATATGTGTGAA-1,13557,10707
1,1,5,GGGCGGCAAATGAATT-1,11666,16006
2,4,4,GGGCGGGTTCCCTACG-1,10507,14490
1,1,7,GGGCGGTCCTATTGTC-1,9208,7170
1,1,1,GGGCGTACATTTATAT-1,12977,9697
1,1,7,GGGCGTCACCACGTAA-1,12392,15754
3,5,4,GGGCGTCCACTGGCTC-1,17331,7682
1,1,2,GGGCGTGGTTTCCCAG-1,16886,19039
1,1,7,GGGCTCATCGAACCCA-1,18054,9954
1,1,7,GGGCTGCCTAGGGCGA-1,15151,11970
2,4,4,GGGTACTTCATGAACT-1,10799,12976
1,1,1,GGGTATGTATGCACTT-1,9205,10703
1,3,5,GGGTATTCTAGCAAAC-1,7313,17516
3,5,7,GGGTCACCGTGACGGT-1,11960,12472
3,5,4,GGGTCAGGAGCTAGAT-1,13113,20045
1,3,5,GGGTCGTGGCAAGTGT-1,20665,9956
3,5,7,GGGTGACACCTTAACT-1,13263,15250
1,1,1,GGGTGCATATGAAAGC-1,21389,11219
3,5,7,GGGTGTTTCAGCTATG-1,15010,7680
3,5,2,GGGTTAACATTTGAGT-1,12390,17268
2,4,6,GGGTTTAGGATAGGAT-1,20661,14499
3,5,7,GGTAAATGTGCGTTAC-1,16897,6419
1,2,5,GGTAACCGGGAGGATA-1,9054,18022
2,4,6,GGTAACTATGTATCTG-1,11530,6667
3,5,4,GGTACAAACATGCTAT-1,12974,13735
1,3,5,GGTACATCTGGGACGA-1,7752,13226
1,1,5,GGTACCATTAAGACGG-1,20374,10966
1,1,2,GGTAGAAGACCGCCTG-1,15437,17019
1,1,2,GGTAGACCGTTGGGCG-1,12826,17016
1,1,7,GGTAGTGCTCGCACCA-1,15586,12223
1,1,1,GGTATAGTGACACATA-1,21678,12229
3,5,4,GGTATTGCCGAGTTTA-1,12830,11968
1,3,3,GGTCAAGACTACTTCG-1,20369,17023
3,5,7,GGTCAGTGGGTCCCAC-1,14132,15755
1,3,1,GGTCGGATAAACGGCG-1,19215,9450
2,4,6,GGTCGGCCAGGAGCTT-1,17327,11720
1,1,1,GGTCGGTAATTAGACA-1,10369,6666
1,3,5,GGTCGTAAGCTCGCAC-1,7895,16002
1,1,5,GGTCTCTGAATGGACT-1,10070,16761
1,1,7,GGTCTGAGAATCTGGA-1,16748,11215
3,5,2,GGTCTTGAGCGCTCTT-1,14564,20047
1,1,6,GGTGAAGTACAGGGAT-1,10506,15500
1,1,1,GGTGAGATGCAGATAA-1,10368,7675
1,1,1,GGTGATAAGGAGCAGT-1,16601,12981
1,1,7,GGTGCATAAATGATTA-1,11952,20549
3,5,7,GGTGCGGATAAGTGGC-1,11819,7677
1,1,1,GGTGCTGATCACAAAG-1,8190,10450
3,5,7,GGTGCTGGTACACATT-1,11813,14239
1,1,2,GGTGGACTGCTCTGGC-1,17467,17525
1,1,2,GGTGTAAATCGATTGT-1,14563,21056
1,1,1,GGTGTAGGTAAGTAAA-1,12387,21307
2,4,6,GGTTACCACCCTCGGG-1,9927,14994
1,2,3,GGTTAGCTATATGTCT-1,17759,15506
1,1,1,GGTTAGGCTTGGAGAA-1,10366,10704
1,1,1,GGTTAGTTACGGCGCC-1,8480,10450
1,3,5,GGTTCGGATTATACTA-1,6157,13477
2,4,6,GGTTCTACTCGTCTGA-1,20372,13490
3,5,7,GGTTGTGTAGCCTGGC-1,7028,11963
1,2,7,GGTTTACAATCTCAAT-1,15733,9952
1,2,3,GGTTTAGCCTTTCTTG-1,19935,15256
2,4,6,GGTTTGAGTGCTGGAA-1,11240,6667
1,1,1,GTAACTTGCGGCAGTC-1,10950,6162
1,1,7,GTAAGCGGGCAGTCAG-1,14283,9446
1,1,7,GTAAGGATTTGTCGGA-1,15011,6165
1,1,7,GTAAGTAACAGTCTGG-1,17035,13739
1,1,1,GTAAGTAGGGTATACC-1,10366,10199
1,1,5,GTAATAAAGGGCTCCC-1,20084,11470
1,1,5,GTAATCTGATTCTTCG-1,11521,16258
1,1,5,GTACACTTACCTGAAG-1,14425,12727
1,1,1,GTACAGAGGCAAGGGT-1,17181,12982
3,5,7,GTACGAGATTGCGACA-1,13413,8940
3,5,7,GTACGCTTCATTGCAC-1,15583,15252
3,5,7,GTACGTTTGCCCGTCA-1,15004,14747
1,1,7,GTACTAAGATTTGGAG-1,13122,10454
1,1,1,GTACTCCCTTATCGCT-1,9203,12722
1,3,5,GTACTCCTGGGTATGC-1,19940,10208
1,1,1,GTACTGCATGAAGCGT-1,10805,6414
1,1,7,GTACTGGAGTTAGACC-1,16892,11972
1,1,6,GTACTTGGGCACTTCT-1,9933,7927
1,3,1,GTAGACAACCGATGAA-1,13126,5406
1,1,6,GTAGACGTCGTTACAT-1,10804,6919
1,1,5,GTAGAGGGAGACAAGT-1,9635,16509
1,1,2,GTAGCCAAACATGGGA-1,15292,16261
1,1,7,GTAGCGGCTATACACT-1,15150,13485
1,1,7,GTAGCTCCGGGAGGCT-1,10502,20043
1,1,5,GTAGCTTCCTCTTGTT-1,18053,11468
3,5,4,GTAGGTGATCCGTGTA-1,16605,7933
1,1,2,GTAGTCGCGGGAATCA-1,16888,16010
3,5,2,GTAGTCTACGATATTG-1,16305,19543
3,5,7,GTAGTTCGAAGGCGAA-1,10792,20043
3,5,7,GTATAGGACTCAGTAG-1,13559,8688
1,2,3,GTATCAAACGTTAGCT-1,19208,17527
2,4,6,GTATCAGCTTGGGTTC-1,10077,8685
1,3,3,GTATCCTTTGGTAACC-1,18480,19798
1,3,5,GTATCTCAGTCTTGAC-1,8328,18274
3,5,7,GTATCTTTCATAACCA-1,14713,15251
1,3,5,GTATGAAATTTCACTC-1,8329,16760
1,1,7,GTATGTGGGTCTAGTT-1,18486,13235
1,1,1,GTATTAAGGCGTCTAA-1,8917,8684
1,1,5,GTATTCTGAGAAACGA-1,10651,15752
1,3,5,GTCAAAGAAGTGGTGT-1,7748,17769
1,5,7,GTCAAAGTTTACATAG-1,9354,6917
1,1,7,GTCAAGCGGACTCGGG-1,16310,13486
1,3,1,GTCACAAAGTTTCCAA-1,13996,5912
1,1,1,GTCACTCTCCAAATCT-1,9641,9442
1,1,1,GTCAGAATAGTCTATG-1,9785,11208
1,1,1,GTCAGTTGTGCTCGTT-1,15447,5913
1,3,5,GTCAGTTTGGTAGTCG-1,7029,10954
1,1,7,GTCATGCACCTCCGTT-1,13992,10960
1,1,7,GTCATGGACATGACTA-1,14137,10203
1,1,7,GTCATTAGAGCGAACG-1,14860,12980
1,1,1,GTCATTGCATTGACCC-1,7609,11459
1,1,4,GTCCAATATTTAGCCT-1,12823,20045
2,4,6,GTCCATTACTGCTACG-1,20516,14247
1,1,7,GTCCCAACGTAAAGTA-1,15731,11971
1,1,2,GTCCGGACCTGAAATT-1,17902,17273
3,5,7,GTCCGGCTGAATTGCG-1,12686,10706
1,1,2,GTCCGGGTTCACATTA-1,15433,21057
1,1,2,GTCCTACGAATAGTCT-1,18338,17021
1,1,7,GTCCTTCTAGTGGGTT-1,17042,6167
1,1,7,GTCGCGTAACCCGTTG-1,16020,13486
2,4,6,GTCGGATATCTCAGAC-1,10365,11714
1,5,4,GTCGGATGTAGCGCGC-1,16315,7933
3,5,7,GTCGTACCATCTCGGG-1,14133,15251
1,3,5,GTCGTACCTACGATTG-1,6447,12972
2,4,7,GTCGTATTGGCGTACA-1,18926,8440
1,1,1,GTCGTGTCTGGTCATC-1,21100,10714
3,5,7,GTCGTTATTCGCTTAT-1,16164,15252
1,3,5,GTCTACTCAATTACAA-1,7027,12973
3,5,7,GTCTATCTGAGTTTCT-1,11233,13734
1,2,3,GTCTATTGGTTCCGGT-1,18193,16264
2,4,6,GTCTGGGCGGTCGAGA-1,11522,15248
3,5,7,GTCTTAGTACAGCCGG-1,16462,6671
2,4,6,GTCTTGTAGCTATTCA-1,21386,14752
3,5,7,GTGAAACGGCGCCACC-1,17909,9701
1,1,1,GTGAAACGTGCTCCAC-1,10515,6414
1,1,7,GTGAACTCCCATTCGA-1,20229,11218
1,3,1,GTGAAGATTTCAAGTG-1,20086,8946
3,5,2,GTGACAGCTTCCCACT-1,15869,19795
1,1,7,GTGACCGCACACTACG-1,18341,13488
1,1,1,GTGACGAGGGTGACCC-1,21679,11724
1,1,2,GTGACGCAGGTTTCAT-1,16014,20048
3,5,7,GTGACTTCAGTAGTGC-1,12392,15249
1,1,1,GTGAGCGTGCTGCACT-1,8769,11965
1,1,7,GTGAGGACACTTAAGG-1,16310,13991
3,5,7,GTGAGGAGCGGTTGAG-1,17767,6925
1,1,2,GTGAGTGGTACAACGC-1,13261,16764
1,2,3,GTGATCACTAACGCCT-1,19210,15508
3,5,7,GTGATCATAGATCTGC-1,13408,14998
1,2,3,GTGATCCTTGTCATGA-1,17320,19292
1,1,5,GTGATTCGCCGCTCAA-1,10941,15753
3,5,7,GTGCAACAAATGTGGC-1,14140,7174
1,1,4,GTGCACCAGCTTCAAC-1,12968,20297
3,5,7,GTGCACGAAAGTGACT-1,15445,7932
2,4,6,GTGCCATCACACGGTG-1,10072,14237
1,1,1,GTGCCCGTTCGGATTC-1,17471,13487
2,4,7,GTGCCGCTTCAAAGGT-1,11522,14744
2,4,6,GTGCGAAATCGAACAC-1,11377,14996
3,5,7,GTGCGGGTCTCCAAAT-1,13268,8688
1,1,7,GTGCGTGTATATGAGC-1,17180,13991
3,5,4,GTGCTCAAGTACTGTC-1,12685,12221
1,3,5,GTGCTGCAGATAAGGA-1,6157,12972
3,5,4,GTGGAACCTACATGCG-1,16896,7429
1,1,5,GTGGACCAACCCGATT-1,9346,14994
1,1,2,GTGGACGCATTTGTCC-1,14421,17775
1,1,7,GTGGACGTGCTGAGAC-1,10803,7928
1,1,5,GTGGAGTCGGCGGTTG-1,10650,17267
1,3,5,GTGGCAAACAGCGGCA-1,8040,16255
1,3,5,GTGGCGGTCCCAGCGT-1,8042,13731
1,3,5,GTGGGAAGACTGAATC-1,7316,14992
1,1,1,GTGGGCTTAGACACAC-1,10801,10957
1,1,7,GTGGTGGCCAAGTGAA-1,16599,15000
1,1,5,GTGGTTACTTCTTTCG-1,20374,11470
2,4,6,GTGGTTTCCGCCTTTC-1,9782,14237
1,1,7,GTGTACCTTGGCTACG-1,16458,10205
1,1,1,GTGTCAGTGTACGTGG-1,11227,20801
1,1,4,GTGTCGTATAGCGTTC-1,16162,17272
2,4,6,GTGTGAATAACTTAGG-1,17182,11972
1,1,7,GTGTTACTATGCGTCC-1,16020,13990
1,1,2,GTTAAAGTAGGACTGG-1,17178,16011
1,1,2,GTTAACATCACTTAAA-1,15726,17524
2,4,6,GTTAACTATGTTGTCA-1,21241,14500
1,2,5,GTTAATGTCTATCTTA-1,6884,11206
2,4,6,GTTACAATTGGTGACG-1,9928,12975
3,5,7,GTTACCTACAACTTGC-1,14858,15504
3,5,4,GTTACTTTGGGCCTAG-1,12538,14492
1,3,2,GTTAGCCCATGACATC-1,16014,20553
1,1,1,GTTAGCCGTAAATCAA-1,21099,11219
1,1,1,GTTAGGCTACCCGTTT-1,7168,17264
1,3,3,GTTATAATACGGTGAA-1,20659,17023
1,1,1,GTTATATTATCTCCCT-1,13262,15755
2,4,6,GTTCACAGGAGTCTAG-1,10075,11713
1,1,7,GTTCATCGTTTGGCTG-1,20373,11975
3,5,7,GTTCCAGTCTGACCAT-1,12834,7930
3,5,7,GTTCGCCATAAGTGCC-1,12829,12978
2,4,6,GTTCGGATCGGGAACA-1,21096,14752
1,1,1,GTTCGGGCGTACCATT-1,20809,11723
1,2,3,GTTCGTCTAAAGAACT-1,18048,16516
2,4,6,GTTGAACCGGTTCCAT-1,10943,14238
1,1,2,GTTGAGTCCCGCCGGT-1,16452,16767
1,1,1,GTTGCACGGAGTTTCG-1,12107,9696
1,1,1,GTTGGATTCAGTGGCT-1,19072,7683
2,4,6,GTTGGATTGAGAACAC-1,17907,11721
3,5,4,GTTGGATTTGCGTTGG-1,12395,12725
1,1,2,GTTGGTCATGCTATCC-1,14276,17522
3,5,4,GTTGTCGTGTTAGTTG-1,11964,7424
3,5,7,GTTTACGTTCCATCTG-1,14423,15756
1,1,7,GTTTCATATCGTCGCT-1,9058,13479
1,1,1,GTTTCCTGGAGGGTGA-1,12252,9949
1,1,7,GTTTCTGCAGTCTCCC-1,15585,13738
1,5,7,GTTTGACCAAATCCTA-1,13556,11212
3,5,7,GTTTGGCCCAAGTTAT-1,16745,14243
2,4,6,GTTTGGCCGCTCAGCG-1,9789,6665
1,1,2,GTTTGGGCTTGTGAGC-1,14567,16513
1,2,3,GTTTGGGTTTCGCCCG-1,18336,19545
1,1,2,GTTTGGTAGGGTCAAC-1,13696,17017
1,1,7,GTTTGGTGATCGGTGC-1,10647,20295
1,1,5,TAAACCCAGGAGGGCA-1,10360,17266
1,1,2,TAAAGAGCCCGAAACC-1,11820,6162
3,5,7,TAAAGCGTTAGGAGAA-1,17908,10711
1,1,1,TAAAGCTGCAATAGGG-1,19216,7936
1,1,1,TAAATGAATCCGTTTC-1,9351,9441
2,4,6,TAACAAAGGGAGAAGC-1,10222,8937
1,1,1,TAACAATATTTGTTGC-1,7465,10702
1,1,7,TAACAGCGTTTGTGCT-1,10503,19538
1,1,5,TAACATACAATGTGGG-1,15295,13233
1,1,5,TAACATACACGCGATC-1,8764,17517
1,3,1,TAACCGCCCGCAGTGC-1,12256,5910
1,1,5,TAACCTACCGTCCGAG-1,19793,11975
1,1,1,TAACGCTTTGAGAGCG-1,9350,10451
1,1,1,TAACTATCGAAGGTCC-1,10076,9694
1,1,5,TAACTATTACGCCAAA-1,20664,10966
3,5,4,TAACTCATCCGCGCGG-1,12248,14492
1,1,1,TAACTCCATGGAGGCT-1,9062,8431
3,5,7,TAAGCAGGCGACACGC-1,7898,12469
1,1,1,TAAGGAACTTGTGGGA-1,10949,7676
1,1,7,TAAGGCAACATAAGAT-1,15443,9952
1,2,3,TAAGGCTGAATCCCTC-1,19210,15003
1,1,2,TAAGGGCCTGTCCGAT-1,18917,18031
3,5,7,TAAGGGCTGGGAGAGG-1,7753,12216
2,4,6,TAAGTAACATCTTGAC-1,10942,15248
1,1,5,TAAGTCGCCGAGTATC-1,9779,17266
1,2,3,TAAGTTGCGACGTAGG-1,18918,17022
3,5,7,TAATAAACAAGGAGAT-1,18346,7935
3,5,7,TAATACACAGTAGTAT-1,14429,8689
1,1,5,TAATAGAACAGAGTTA-1,10651,16257
1,3,5,TAATAGGTCACCAGAA-1,8182,19031
1,1,1,TAATAGTGACGACCAG-1,17183,10458
3,5,2,TAATATTGAAATTCGC-1,11964,7929
1,1,1,TAATCGATCCGTACGT-1,18634,9954
2,4,6,TAATTAGGACATCCGT-1,20806,14247
1,1,1,TACAAGTCTCGTGCAT-1,9059,11460
1,2,3,TACAGAAACGGTGGGC-1,17466,18535
1,1,7,TACATAGGCATACACC-1,13844,13736
1,3,5,TACATCCCTATCCCTG-1,7171,14740
3,5,4,TACATTTCTAACGTGC-1,13119,13483
1,1,4,TACCAATAAAGTACCA-1,17177,17525
1,1,1,TACCAGAAGTAGGTTC-1,12537,16006
1,1,7,TACCAGCTAGGTTTAA-1,14576,6417
1,1,5,TACCGCGGACTTGCAG-1,19213,11974
3,5,7,TACCGGCTCACTGCCC-1,14568,15503
2,4,6,TACCGGTCGTTTCCAT-1,10072,14742
3,5,4,TACCGTAGGTTAACTA-1,13405,18531
1,1,2,TACCGTGCCTCGGACC-1,15147,16514
3,5,7,TACCTCACGCTTGTAC-1,13269,7678
3,5,4,TACCTCAGTTGTCTGT-1,12389,18783
1,1,1,TACCTGCTGCACTGTG-1,8335,10702
1,3,5,TACCTTAAGATTTCCC-1,9345,16004
3,5,4,TACGAACACGACTTCA-1,12831,11464
3,5,7,TACGACGCTTGCTGCG-1,12972,15250
3,5,7,TACGACTGCCTCTTAG-1,14714,14746
2,4,6,TACGAGAACTTCACGT-1,10799,12471
2,4,4,TACGATGTTGATCATC-1,10219,12471
3,5,4,TACGCAGTTCTTTCCT-1,12538,13987
3,5,7,TACGCCATATTCTAAT-1,13554,13736
1,1,5,TACGCCGAGGGTACCC-1,10069,17771
1,1,2,TACGCCTCCATTCCGA-1,13696,17522
1,5,5,TACGCTATAGAAACCT-1,20228,12227
1,1,2,TACGGAAGCCAAACCA-1,15723,21057
3,5,7,TACGGGATGCTAGCAG-1,17185,8944
1,1,4,TACGTACTAGTGCTGA-1,11228,19286
2,4,6,TACGTGCACTATGCTG-1,9932,8937
2,4,6,TACGTTTACCGGCAAT-1,9783,13732
1,1,7,TACTCCTCTAGTTGAC-1,10357,19790
3,5,7,TACTCGGCACGCCGGG-1,7463,12721
3,5,7,TACTCTCCGAACAAAT-1,16895,8943
1,3,1,TACTGCAATCAATTAC-1,19941,9198
1,1,1,TACTGGACAGCTCGGC-1,8768,12469
1,1,1,TACTTGTTAGTAGTCC-1,17761,12982
1,1,5,TACTTTACTGAGCCGG-1,19068,11217
1,3,5,TACTTTCCGCACGCCA-1,7895,15497
1,1,7,TAGAAAGGTGGCGCTA-1,16892,11467
1,3,5,TAGAAATTCACGTATA-1,6592,12720
1,1,1,TAGAATTAAGGGCAAC-1,16172,6166
3,5,2,TAGACGAAACGCCAAT-1,15725,19543
1,1,5,TAGACGCCCGTACCGG-1,18198,11721
2,4,6,TAGACTACCTAGCGTT-1,20227,13237
1,3,5,TAGAGATCATGCAACT-1,8911,14741
1,2,3,TAGAGGTTCTACTTGT-1,19063,17274
3,5,7,TAGAGTCTAAGCGAAC-1,13121,10959
1,1,5,TAGATATGGACTGGAA-1,12827,16007
1,1,1,TAGATCCGAAGTCGCA-1,15592,6166
1,1,2,TAGATGGTTCCTTACT-1,19207,18536
1,1,1,TAGATTCCTGGTTATT-1,8044,11712
1,1,1,TAGCAACCTGTCACAA-1,8916,9189
1,2,3,TAGCCATTTCAAAGTC-1,18050,14497
2,4,6,TAGCCGGCGGTCAGCG-1,17472,11973
2,4,6,TAGCGTCCCTCGATTG-1,20951,15004
1,1,5,TAGCGTTGGGTCTTAC-1,15005,13232
1,1,7,TAGCTAAGTCCGGGAG-1,13412,10959
1,1,2,TAGCTAGAAGGCATGA-1,12536,16511
1,1,1,TAGCTCGCCTGATAAC-1,13552,16260
1,3,5,TAGCTGATGTGAAGCG-1,6591,14234
3,5,7,TAGGCATGTTACGCCA-1,17474,9449
1,1,7,TAGGGAGCTTGGGATG-1,19067,12731
1,1,1,TAGGGTGTTTCAAGAG-1,12978,9192
1,1,1,TAGGTCCAAGTAAGGA-1,8480,10955
1,1,5,TAGGTCGCCGGAACTG-1,19648,11722
1,1,2,TAGGTGACGATAACCT-1,16595,19039
1,1,1,TAGGTGAGCCCTACTC-1,9930,10956
1,1,1,TAGGTGCTCGCCTAGC-1,17616,13739
1,1,5,TAGGTTCGAGTTCGTC-1,14861,12475
1,1,1,TAGTACCTTAGTGGTC-1,8191,8935
1,1,4,TAGTAGCTTATACCAG-1,11373,19034
3,5,4,TAGTCCGCAGAGAATG-1,12829,13483
1,2,3,TAGTCGATCACGGGTT-1,19064,15760
2,4,4,TAGTCTAACAACGAGA-1,10073,13733
1,3,5,TAGTCTGTGACGTTGC-1,20085,9451
3,5,4,TAGTGCCCTCCAGAGT-1,12686,11716
3,5,7,TAGTTAAGATAGGATA-1,17042,6672
1,1,7,TAGTTTATTCTTGCTT-1,13415,6921
1,1,6,TATAAATCCACAAGCT-1,11528,8686
2,4,6,TATAAGTGAGGATAGC-1,10802,8938
1,1,2,TATACACAGACGCCTT-1,13842,16260
2,4,6,TATACACGCAAAGTAT-1,10368,8180
3,5,2,TATAGAGTCGCTTGAA-1,11808,19792
2,4,6,TATAGATGGTCGCAGT-1,19936,13742
1,1,7,TATAGGGTACTCATGA-1,8043,12721
1,1,7,TATATAGGGCTTTACG-1,9922,19538
1,2,3,TATATATCGAGAAATG-1,9198,18780
1,3,1,TATATTCGCGTCGATA-1,14142,5660
1,3,5,TATCACCCAACCGACC-1,19650,9703
1,1,1,TATCACTTCGAGTAAC-1,19506,7936
1,1,7,TATCCATATCATGCGA-1,12689,8182
3,5,4,TATCCGCACCGTCGGG-1,12824,18531
1,1,1,TATCCTATCAACTGGT-1,13693,21055
1,1,7,TATCCTGCATGGGAAT-1,12980,7173
3,5,7,TATCGATCTATGCATA-1,17910,9197
1,1,1,TATCGATGATTAAACG-1,12252,9444
1,1,1,TATCTACAGAGGTAAT-1,8624,11207
1,1,7,TATCTACCACAGCGGG-1,13844,14241
3,5,7,TATCTAGCCTAAAGGA-1,6883,12215
1,3,5,TATCTTGCAATACAAC-1,7458,17769
1,1,1,TATGAAGACAGGTGCG-1,8190,10955
1,1,2,TATGATCTTCTCTTTA-1,18192,18283
1,1,7,TATGCTCCCTACTTAC-1,13993,9950
1,1,7,TATGGATGTGCTACGC-1,12977,10202
1,1,1,TATGGCCCGGCCTCGC-1,9495,11208
1,1,7,TATGGGACCGAGCAGG-1,13265,12726
3,5,7,TATGGGTACGTATCGT-1,13556,11717
1,1,7,TATGGTCTGAGTAACA-1,13555,12726
1,5,7,TATGGTTAGTGGGAGA-1,20371,13994
3,5,7,TATGTAAAGTGCTTAA-1,11517,20296
2,4,6,TATGTCAAGACCGACT-1,18490,8692
2,4,6,TATGTCTCATTGTGCC-1,17038,11215
1,1,5,TATTATGTTTGCCTGC-1,7603,18021
1,1,7,TATTCAATTCTAATCC-1,15876,12224
1,1,1,TATTCCACTCAGCTCG-1,13407,16007
1,3,5,TATTCCTCCGCCCACT-1,9781,15752
1,1,7,TATTCGTGCCAGAATA-1,14426,12222
3,5,4,TATTTAGTCTAGATCG-1,13559,8183
3,5,4,TATTTATACCGAGTAG-1,16461,7681
1,1,1,TATTTGTTACCCTTTA-1,11817,9696
1,1,7,TCAAACAACCGCGTCG-1,13848,9698
3,5,7,TCAAACTTAGATTGTT-1,14571,11465
1,1,5,TCAACAAAGATAATTC-1,9345,17013
1,1,1,TCAACACATTGGGTAA-1,10224,6413
1,1,4,TCAACATAGCGCCCTA-1,11519,18277
1,1,1,TCAACCATGTTCGGGC-1,12542,9949
1,3,5,TCAACGCAGGAAATAA-1,9636,16004
1,3,5,TCAACGCGACCGGCAG-1,8477,13479
1,1,1,TCAACTAACGTATAAC-1,7899,11459
1,1,7,TCAAGAAATACTAGCT-1,20808,12228
1,2,3,TCAAGGTTACTACACC-1,20080,15508
3,5,2,TCAATACGCCGTCATG-1,13984,19541
1,2,3,TCACAAACCGAGGTAC-1,18916,19041
1,3,5,TCACAGCAAACTCGAA-1,12246,16511
1,2,3,TCACAGGGAATCGCAA-1,16599,15505
3,5,7,TCACAGGTTATTGGGC-1,12105,11715
1,1,1,TCACATCTTATCTGAT-1,8045,10702
1,1,7,TCACCCTCTTAAGATT-1,13698,14998
1,1,5,TCACCGCTCGGCACTC-1,18488,11216
1,1,5,TCACGATGTCCGTGGA-1,9200,16761
3,5,4,TCACGCATTGTAGATC-1,12250,11968
1,1,7,TCACGGTCATCGCACA-1,11672,9443
1,1,7,TCACGTGCCCGATTCA-1,14135,13232
3,5,7,TCACTCGTGCAACGGC-1,18637,7431
1,1,7,TCAGAACCTCCACAGG-1,20519,11218
1,1,7,TCAGACGCTATAGAAG-1,15583,15757
1,1,1,TCAGCAAATGCATCTC-1,15732,11466
1,1,4,TCAGCAGTAGGCCCTG-1,11083,19034
1,1,1,TCAGGGTGTAACGTAA-1,15588,10709
1,1,1,TCAGGTTCTTTGAGAA-1,11235,11210
1,1,1,TCAGTACTGACCCGCG-1,10076,10199
3,5,7,TCAGTAGGGACTATAA-1,12102,15249
1,1,5,TCAGTGTATACGTCAT-1,10359,18276
1,1,1,TCATACTTACAGATCC-1,8626,9188
3,5,2,TCATATGAGCTTTGTT-1,14129,19794
1,1,1,TCATCACTCGAGCTCG-1,9353,7927
3,5,7,TCATCCCAGAGGGTGG-1,15301,6670
1,2,5,TCATCGATGGTCCCAA-1,9344,18023
3,5,4,TCATGCAGGTTCTCAT-1,17330,8187
3,5,4,TCCAACTTTAAATTCT-1,10943,13733
1,3,5,TCCAAGCCTAGACACA-1,16594,20553
1,1,1,TCCACAATGGTTTACG-1,10365,11209
1,1,2,TCCACATCGTATATTG-1,14853,21056
3,5,4,TCCACCTCTAGCCTTT-1,12824,19035
1,1,1,TCCACTTTATCTAGGT-1,16602,11467
1,1,7,TCCAGAGCACCGGTTC-1,15295,13737
3,5,7,TCCAGGCGAGTACGGT-1,13411,11464
1,1,7,TCCCAAAGACGAAGGA-1,13847,10203
1,1,1,TCCCACTCTCTTCCGG-1,20664,11471
3,5,7,TCCCAGCTTTAGTCTG-1,13265,12221
3,5,7,TCCCAGGCTTAGCTAA-1,12106,11211
1,2,3,TCCCGCGTACTCCTGG-1,15153,10456
2,4,6,TCCCGGGTGTGCTGCT-1,10074,12218
1,1,7,TCCCGTCAGTCCCGCA-1,16024,9447
1,1,7,TCCCGTGTGCAATTTG-1,16744,14748
1,3,5,TCCCTGGCGTATTAAC-1,7748,18274
1,1,1,TCCCTGGCTCGCTGGA-1,9059,11965
3,5,4,TCCCTTAGATTACTCG-1,17621,8187
1,1,1,TCCGAACTTGGCTTAC-1,7899,11964
1,1,1,TCCGAATGGTCCTGAG-1,21534,11471
3,5,7,TCCGATAATTGCCATA-1,14429,8184
3,5,7,TCCGATGACTGAGCTC-1,16169,9195
1,1,1,TCCGATGGTGCGACAT-1,12832,9949
1,1,1,TCCGATTACATTGCCG-1,9784,11713
1,1,7,TCCGCGGCAGCATCTG-1,17327,12225
1,2,3,TCCGCTGTCATCCCGG-1,16889,15506
1,5,7,TCCGCTTATCCCATTA-1,14422,16260
1,1,5,TCCGGCCTAGCGTACA-1,19359,10712
1,1,2,TCCGGTTCGTCCGGTC-1,12826,16511
1,1,2,TCCGTTAAGCTAATAT-1,19644,16770
1,1,5,TCCGTTTAGCCTTGAA-1,18053,10964
1,1,2,TCCTAAATTGGGAAGC-1,15291,17776
1,5,4,TCCTAACCGTCGGGCA-1,11808,19287
1,2,3,TCCTACATCCACGGCC-1,17324,15254
2,4,6,TCCTAGCAAAGAAGCT-1,11088,13986
1,1,7,TCCTCGGGCTGGGCTT-1,16165,13738
1,1,1,TCCTCTACGAGATGGC-1,9786,10199
1,1,1,TCCTCTCCAGTTGTCC-1,8044,11207
3,5,7,TCCTGCCAACTGGAGA-1,18202,6673
2,4,6,TCCTGCGTTGATACTC-1,9493,13227
1,2,3,TCCTTACGACGGTCCG-1,18919,16012
3,5,7,TCCTTCAGTGGTCGAA-1,15155,7427
1,1,2,TCCTTGTCCTTTAATT-1,15143,21057
1,2,2,TCCTTTAAATCCGCTT-1,18482,17779
3,5,7,TCCTTTCTTACGCTTA-1,14137,11212
1,1,1,TCGAAATTTAGGACCA-1,11671,10958
1,2,3,TCGAAGAACCGAGCAC-1,19500,15003
1,1,5,TCGAATATCCCGCAGG-1,9779,18275
1,1,7,TCGAGACCAACACCGT-1,13120,12978
1,1,5,TCGAGCCAGGCAGGCC-1,10504,18024
1,3,1,TCGATAGGCTAGTCGC-1,12111,5658
3,5,7,TCGCAAAGATGCATTT-1,16018,15505
1,1,2,TCGCACCAGGAGGCAG-1,16743,16263
1,5,7,TCGCATCCCTAAGTGT-1,9643,7422
2,4,6,TCGCCGAAGTTGCGTC-1,10507,14995
1,1,2,TCGCCGACATATTCGC-1,17610,20302
3,5,7,TCGCCGGTCGATCCGT-1,13994,8436
1,1,2,TCGCGTAGCAGTGTCC-1,19497,18032
1,1,1,TCGCGTCCAGAAGGTC-1,9350,11460
3,5,7,TCGCTAAACCGCTATC-1,18055,8440
3,5,2,TCGCTACTGGCTTTGA-1,15724,20048
1,1,7,TCGCTCGATATATTCC-1,14282,10960
1,3,5,TCGCTCGGCACCAGCG-1,20810,9704
1,3,5,TCGCTGCCAATGCTGT-1,16739,20806
1,1,1,TCGCTGGGCGGATTGT-1,15878,10709
1,1,7,TCGCTGTGCGTAAATC-1,11093,7929
3,5,7,TCGCTTTAAACGTTTG-1,17764,9954
1,1,1,TCGGAATGCGCTCTGA-1,9205,11208
1,1,1,TCGGACGCCCAGCCCA-1,16602,11972
1,3,1,TCGGAGAGTATCGGGA-1,8476,14993
1,1,1,TCGGAGTACATGAGTA-1,15877,11719
1,1,2,TCGGCGAACCCAAACC-1,20370,16013
1,1,5,TCGGCGTACTGCACAA-1,7025,16001
1,1,2,TCGGCTTGTATCGACG-1,19062,18284
1,1,1,TCGGGAACGTGCCTAG-1,20954,11471
3,5,2,TCGGGAGACAGCGTAC-1,15435,18533
1,3,5,TCGGGATTCAAACATA-1,7317,13478
1,1,7,TCGGGCCGTCGTGGTA-1,17906,13740
1,3,1,TCGGGTGAAACTGCTA-1,13271,6164
1,2,3,TCGGTCCCGACAATAG-1,8473,18022
1,1,1,TCGTAAGACGACATTG-1,16313,10457
1,1,7,TCGTACCGACGTCAAG-1,13258,20803
1,1,1,TCGTATAGTGCAATTA-1,13270,6668
1,1,1,TCGTATTACCCATTGC-1,8768,12974
1,1,5,TCGTCAAGTACGCGCA-1,10649,17771
2,4,6,TCGTCCGCTGGCGTCT-1,10947,9190
1,1,4,TCGTCTTAGGCGTTAA-1,17177,17020
1,1,2,TCGTGTACTATGGATG-1,16308,15505
1,3,5,TCGTGTCACGCTGACA-1,8476,14488
1,1,2,TCGTTAGGAGTCCCTA-1,12971,16764
1,3,1,TCGTTCGTTATTATGT-1,14141,6164
1,1,5,TCGTTGCTATCCGGTC-1,11810,17268
1,2,3,TCTAATACTGCCTCAG-1,8763,18022
1,1,7,TCTACCGTCCACAAGC-1,14862,10456
1,1,1,TCTAGCAATCTCCGCC-1,9491,15246
1,1,6,TCTAGCATCTTCGATG-1,11382,9443
3,5,7,TCTAGCATGCCCAGAA-1,14713,15756
1,1,5,TCTAGGTGGCGACGCT-1,19504,10965
1,2,3,TCTAGTGATATCGTGG-1,19355,14751
2,4,6,TCTATCATGCAGTTAC-1,10948,8181
1,1,7,TCTATCGGTCGCAACA-1,14428,9193
1,1,6,TCTATTACGCTGGCGA-1,10079,7170
1,3,5,TCTATTACTAGAGGAT-1,7317,13983
1,2,3,TCTCATGAGATAGGGT-1,17759,16011
1,2,3,TCTCCACAAGTTGAAT-1,18626,19041
2,4,6,TCTCGACGTATCGCCG-1,21531,15005
1,1,1,TCTCTAATAGCTGGTA-1,12688,8687
3,5,2,TCTCTTACCGCGAACC-1,11373,20044
2,4,6,TCTGAACCGGTCGGCT-1,10512,8938
1,2,3,TCTGAACTCGTACCCG-1,18919,15507
3,5,7,TCTGAATTCCGTACAA-1,18777,12226
3,5,7,TCTGCCAGAAACTGCA-1,16600,13991
2,4,4,TCTGGGTAGCGCTCAT-1,10363,13733
1,1,7,TCTGTCATACAAGAGC-1,11530,6162
1,1,1,TCTGTGCCATCATAGT-1,16747,11720
1,2,5,TCTGTTACCCAGCATA-1,10215,16509
3,5,7,TCTTACAGAGGTACCG-1,11674,7424
3,5,7,TCTTACCGGAACTCGT-1,18345,8945
1,1,1,TCTTACGGCATCCGAC-1,9351,9946
1,2,3,TCTTACTTATGCCTCT-1,18630,15002
2,4,6,TCTTAGAGCTCCAATT-1,20807,13742
1,2,3,TCTTAGAGTGAACTCT-1,19501,14498
1,1,5,TCTTCCCATGGGCACA-1,19068,11722
1,1,7,TCTTCGAATAGACGTT-1,15440,13485
3,5,7,TCTTCGATACCAATAA-1,14716,11718
2,4,6,TCTTCTATAACCCGCC-1,20661,15004
1,1,7,TCTTGATGCGTAGCGA-1,15006,11718
3,5,2,TCTTGCTCCCGATACT-1,14854,20047
3,5,7,TCTTGGTAACACCAAA-1,14574,8941
1,1,7,TGAAACTTATGCAAGC-1,15736,6418
1,1,7,TGAAAGGACCTGACTC-1,17182,12477
1,1,7,TGAACAAGCAGGGACT-1,10357,20295
1,3,5,TGAATACCGACGCGTA-1,17029,20301
2,4,6,TGAATGTCAGCCGGCC-1,20950,15509
1,1,5,TGACATCGAGCGGACC-1,19793,12479
1,1,2,TGACATGTAACGTGAC-1,14273,21056
3,5,2,TGACCAAATCTTAAAC-1,14128,20299
3,5,7,TGACCCACGTTAGACA-1,11960,11968
1,3,5,TGACGAATATTTCCCT-1,8331,14741
1,1,7,TGACGATGCACTAGAA-1,18922,12983
3,5,7,TGACTATAATCCTTTC-1,15003,15251
3,5,7,TGAGAATGCTTTACCG-1,12979,8183
1,1,7,TGAGAGATTTACCACG-1,18341,13992
1,3,1,TGAGATCAAATACTCA-1,14287,5407
3,5,7,TGAGATTAGGCCCTAA-1,18781,7683
2,4,4,TGAGCCATACAGTCTC-1,10653,14238
1,1,2,TGAGCGGAAAGTGTTC-1,14566,17523
1,1,7,TGAGTAAATTAGCGTA-1,13407,15502
2,4,6,TGAGTGCCTCTTAAAT-1,11087,14996
2,4,6,TGAGTGGTCCGTGACG-1,17328,11215
2,4,6,TGAGTTAAAGACATTC-1,21385,15762
1,2,5,TGATAGCGGGATTCTA-1,6884,10701
1,3,5,TGATCAGGGAACTGCT-1,8622,14236
1,1,5,TGATCCCAGCATTAGT-1,20665,10461
3,5,7,TGATCGGTTTGACCCT-1,12977,10707
1,1,1,TGATCTACGCTGATCT-1,19652,7684
3,5,7,TGATCTCCGGCGCCAG-1,12396,10706
1,5,4,TGATTCCCGGTTACCT-1,12388,19792
2,4,6,TGATTCGTCTATCACT-1,11090,11462
1,1,5,TGATTCTGTCGCCGGT-1,11521,15753
2,4,4,TGATTTATTAGCTGTG-1,10073,13228
1,1,7,TGATTTCCTCCTGACG-1,10078,7675
1,2,3,TGCAACCCATCTGCGG-1,18191,18788
1,1,7,TGCAAGAATGACGTAA-1,13846,11212
1,2,3,TGCAATCTAACACGGT-1,18191,19293
1,3,5,TGCAGAACTATATCGT-1,8332,14236
3,5,7,TGCAGAGTACCGAGCA-1,11814,13229
1,3,5,TGCAGATCGTCCTAGG-1,7751,14235
1,3,5,TGCAGCTACGTACTTC-1,7461,14235
1,1,7,TGCAGGATCGGCAAAG-1,15879,9700
1,1,7,TGCAGTTTCCTCCCAT-1,18196,13740
1,1,7,TGCATATGTCTGTCAC-1,17472,12477
3,5,6,TGCATGGATCGGATCT-1,14864,8437
1,1,1,TGCATGTGACCCATAG-1,10647,20800
1,1,1,TGCATGTGGTAATCTA-1,16893,10962
1,3,5,TGCCAAAGTCAGACTT-1,7896,14488
3,5,2,TGCCAATGGGTACTCT-1,12681,17269
1,1,7,TGCCACCTGGCGAAAC-1,16170,8690
1,1,2,TGCCAGTACGTGGAGA-1,15437,16514
3,5,7,TGCCATTACTAAAGAA-1,17765,8944
3,5,7,TGCCCGTACCGTTAAA-1,16019,15000
1,1,5,TGCCGGATGTACGAGC-1,10068,19285
1,3,3,TGCCTAATTGAAGATT-1,20368,17528
3,5,7,TGCCTGATCAAACGAT-1,15299,8689
1,1,4,TGCCTTGGCCAGGCAA-1,17033,16768
1,3,5,TGCGAATATGGGATTT-1,7025,14992
1,1,7,TGCGACACCCTAGTGC-1,11812,15249
1,2,5,TGCGACGGCCGAACGT-1,9778,18780
1,1,5,TGCGAGAATATTACCC-1,10941,16257
3,5,7,TGCGCAAAGCATTTGG-1,14862,11465
1,1,1,TGCGCGATTAACGGAG-1,11091,10452
1,3,1,TGCGGACTTGACTCCG-1,16159,20805
1,1,7,TGCGGAGTAAAGGTGC-1,15299,9194
1,1,1,TGCGGCATAGTTCAAC-1,12980,6668
3,5,7,TGCGGTGAAATTTCAT-1,14721,6670
2,4,6,TGCGTAAGAACCTGAT-1,11378,14491
1,3,5,TGCGTCATGACTGAGC-1,8184,17012
3,5,7,TGCGTTTGTTGACACT-1,16165,14243
1,1,2,TGCTAAGTGTCTATTT-1,18193,16769
1,2,3,TGCTCCACAGTTCTTA-1,18920,15003
3,5,2,TGCTCGGTGGGTCACC-1,15579,20300
3,5,2,TGCTCTTGAGAGTTTG-1,15289,19795
2,4,6,TGCTGGTTGGACAATT-1,11092,8938
1,1,7,TGCTGTTGAAGAACTC-1,14715,13232
1,2,5,TGCTTAGAGAGAATGC-1,8907,19284
3,5,2,TGCTTCCCAAGCAGTA-1,14709,19289
1,3,5,TGGAACCACTGACACA-1,19940,9703
2,4,4,TGGAAGAAGGGAACGT-1,10218,13480
3,5,4,TGGAAGACGAACACCA-1,11819,7172
2,4,6,TGGAAGGATAAAGATG-1,15009,8689
1,3,1,TGGAATATCCTTGACC-1,20666,9451
1,1,2,TGGACCAATCTAAGAT-1,16740,19291
1,3,5,TGGACGCAATCCAGCC-1,8038,18274
1,1,7,TGGACTGTTCGCTCAA-1,15731,12981
1,1,1,TGGAGTGATGCGATGA-1,11091,10957
1,1,2,TGGCAAACTAAATTAC-1,16453,16262
3,5,7,TGGCAACTCGCGCGCC-1,17620,9196
1,3,3,TGGCAATGGGACGGCG-1,20513,17276
3,5,7,TGGCAGATTACGATCA-1,13553,14745
1,1,7,TGGCAGCAGTAATAGT-1,13989,13484
1,1,1,TGGCCAAACTGAAGTA-1,16168,10709
1,1,7,TGGCCAATTTGGTACT-1,6734,16001
1,1,1,TGGCCGTATATTGACC-1,10656,10200
1,1,2,TGGCGATCAAGTTATG-1,13116,16512
1,1,2,TGGCTATGTGACATAC-1,17031,18787
1,3,5,TGGCTCTTGTCGCGTA-1,6881,14235
1,1,1,TGGCTTTGGGTAGACA-1,12543,8435
1,1,1,TGGGAAATGCCTTTCC-1,9061,9441
2,4,6,TGGGCAATAGTTGGGT-1,20805,15257
1,3,1,TGGGCACAAACAGAAC-1,11821,5658
3,5,7,TGGGCACGTTCTATGG-1,15736,7428
3,5,7,TGGGCCACAAGAGCGC-1,15590,8185
1,2,3,TGGGCCCATACTAATT-1,18049,15507
1,1,2,TGGGCGATACAATAAG-1,14128,20803
3,5,7,TGGGTAAGGTTCCCGC-1,16606,6924
1,3,5,TGGTAAGCAGGATTGA-1,6736,13982
1,2,3,TGGTAGAATATATGGG-1,19644,15760
1,3,1,TGGTATCGCATCCCAA-1,15012,5660
1,3,1,TGGTATCGGTCTGTAT-1,13707,5407
1,1,2,TGGTCCCACGCTACGG-1,15872,16767
2,4,6,TGGTCTGTTGGGCGTA-1,9348,12975
1,2,5,TGGTGATCGTATTTGT-1,7465,10197
1,1,2,TGGTTCAACGGGTAAT-1,15873,16262
1,1,1,TGGTTCGTAGCAAAGG-1,13123,9445
3,5,7,TGTAATGACCACAATA-1,7173,12720
1,1,2,TGTACCTACACGAGGG-1,18336,18536
1,5,7,TGTACGAACAAATCCG-1,13555,13231
2,4,6,TGTAGGAGAAATTTCC-1,17617,12225
2,4,6,TGTAGTGATCTATAAT-1,9929,12471
1,1,1,TGTATAACAGATCCTG-1,16603,10962
1,1,5,TGTATCCTTATTCCAT-1,12400,6163
1,2,3,TGTATGGCGCAGACAG-1,18630,14498
1,3,1,TGTCCCGACATAGCAC-1,13416,6416
1,1,1,TGTCCGTGGCGCCTTT-1,7754,11207
2,4,6,TGTCCTAAGTCACCGC-1,9494,12218
1,1,1,TGTCTACAGTTTCTGT-1,12835,6416
1,1,7,TGTGACTACGCCAGTC-1,15734,8942
1,2,3,TGTGCCGGTGCCGGAA-1,19208,17022
3,5,7,TGTGCTTTACGTAAGA-1,7753,12721
1,1,7,TGTGGCAAAGCGTATG-1,17763,10963
3,5,2,TGTGGCGGGCTTCTGG-1,13693,20046
1,5,4,TGTGGTTGCTAAAGCT-1,12243,20044
1,1,1,TGTGTCGCGAGTTGCA-1,10367,9695
1,1,1,TGTGTTCGTATCCAAG-1,8189,11459
1,2,3,TGTTATTGTATGTGGC-1,17615,14749
2,4,6,TGTTCCGCTTCCATGA-1,11524,12724
3,5,7,TGTTCGTATTGCGGTG-1,13987,16008
2,4,6,TGTTCTTCCATTGACT-1,11380,11967
3,5,7,TGTTGTCAAGAAGTCT-1,17039,9701
1,1,1,TGTTTAATACTTCATC-1,16317,5914
3,5,7,TGTTTCGGTACTTCTC-1,13269,8183
1,1,5,TTAAACCTGGTTCCTT-1,6885,10196
1,1,5,TTAAACTCGAATTCAT-1,18923,11469
1,1,1,TTAACACCTCGAACAT-1,8336,9693
3,5,7,TTAACCAACCCTCCCT-1,13124,8435
1,1,1,TTAACGTCGCAAGACC-1,12981,6163
1,3,1,TTAACTTCAGGTAGGA-1,8911,15246
1,2,3,TTAAGATAGGATTGAC-1,19791,14499
3,5,7,TTAAGCCGACAACTTC-1,16316,6924
1,1,1,TTAAGCGCCTGACCCA-1,11526,11210
1,2,3,TTAAGGCCCGTACTTT-1,8763,18527
3,1,7,TTAATGTAGACCAGGT-1,15007,11213
3,5,2,TTAATTGCTTTGGGTG-1,16160,19291
3,5,7,TTAATTTCAGACGCGG-1,15155,7932
1,1,1,TTACAACTACGCATCC-1,12687,9697
1,1,5,TTACAGACCTAAATGA-1,19069,10207
2,4,6,TTACATCGTGGCCTGG-1,10367,8685
2,4,6,TTACATGCCACAACTA-1,20081,13994
1,1,1,TTACCATTGATTACCC-1,9204,12217
3,5,4,TTACCCATTGCCGGGT-1,17476,7934
1,1,1,TTACCCTAACAGTCCT-1,8626,9693
3,5,4,TTACCCTAGGGATTGG-1,13549,18784
1,1,2,TTACTAAAGGACTTTA-1,16453,15758
3,5,7,TTACTATCGGCTTCTC-1,7463,12216
1,1,1,TTACTCCGGCCGGGAA-1,16456,12224
2,4,6,TTACTCTGGTACGTAC-1,9637,14489
3,5,7,TTACTGGGATATTTCA-1,12973,14745
1,1,2,TTAGAAGAACATGACT-1,14422,16765
1,1,4,TTAGAATAAGGGTCGG-1,11664,19034
3,5,4,TTAGACACGATCGTTG-1,17621,7682
1,1,2,TTAGACGAGTCACCTC-1,16743,15758
1,2,3,TTAGAGTTTAGAAGGA-1,17614,15254
1,1,1,TTAGCAACATGGATGT-1,9207,8684
1,3,1,TTAGCTAATACGATCT-1,19360,9198
1,1,1,TTAGCTCTGTAATCCG-1,7319,11459
1,1,7,TTAGCTGATTTGCCGT-1,18776,13236
1,1,5,TTAGGTCATAACCGAC-1,10649,18276
1,3,3,TTAGTAAACCTGCTCT-1,18771,19293
1,1,1,TTAGTAGGGCGGCGGG-1,8914,12217
1,2,3,TTAGTTATTCGTGGCA-1,18339,15507
3,5,2,TTATAGGTAATTGTCT-1,15725,19038
1,1,7,TTATATACGCTGTCAC-1,15875,13233
1,1,7,TTATATTTGGCAATCC-1,14428,10203
2,4,6,TTATCCAATCGAACTC-1,9934,6918
1,1,2,TTATCCGGGATCTATA-1,17758,16516
1,3,5,TTATCCTCAAGGAATA-1,7749,16759
1,2,5,TTATCGCCTGCGAAGC-1,7610,10449
1,1,7,TTATCTGTATCATAAC-1,13848,9193
3,5,7,TTATGAATGAAAGGGA-1,14279,13989
1,1,1,TTATGACAAACTGGAT-1,10221,10452
1,1,1,TTATGATCTTAACGAA-1,17036,13234
3,5,7,TTATTAGAGCGTGTTC-1,15293,15252
3,5,7,TTATTAGGGAAGCATC-1,13705,7426
1,1,7,TTCAAAGTCTCTAGCC-1,16021,12476
1,1,1,TTCAACGACCCGACCG-1,12108,8687
3,5,7,TTCAAGCCGAGCTGAG-1,16026,6923
1,1,5,TTCAATACTCTGAATC-1,17616,13235
1,1,2,TTCACTCGAGCACCTA-1,15146,17523
1,1,2,TTCACTTCCTAGAACG-1,12533,20549
1,2,3,TTCAGCCCTGGTCCAC-1,17469,15506
1,2,3,TTCAGCTGGCGTGCCC-1,18918,17527
1,3,5,TTCAGGCGTCAAAGCC-1,7462,13730
1,1,7,TTCATGGCGCAACAGG-1,16025,8438
1,3,1,TTCCAATCAGAGCTAG-1,18925,9450
1,1,7,TTCCAATCTGGCTATC-1,11812,15753
1,1,5,TTCCACACAGATTTGA-1,11811,16258
2,4,6,TTCCAGACGAGATTTA-1,21242,13490
1,1,5,TTCCCGGCGCCAATAG-1,6880,15244
1,3,1,TTCCGCAGAGAAATAT-1,19796,8946
3,5,7,TTCCGCGTGAGGCGAT-1,14423,15251
1,1,5,TTCCGGCCTTGAGGCT-1,11520,17267
2,4,6,TTCCGGTATCTGTGTC-1,21822,13996
1,2,3,TTCCGGTTACCCACTT-1,17759,15002
1,1,1,TTCCTCGAGGGTGTCT-1,12253,8939
1,1,2,TTCCTCGGACTAACCA-1,17613,16263
3,5,7,TTCCTCTGCCCGAATA-1,7318,12468
1,1,2,TTCGACAGAGCCCGTG-1,15002,16766
1,1,1,TTCGACGGGAAGGGCG-1,11527,9696
1,1,1,TTCGCACTCGCGTGCT-1,11672,9948
3,5,4,TTCGCACTGTACGACA-1,13694,19036
1,1,4,TTCGCGCGCCATACGA-1,11954,18530
1,1,1,TTCGCTATCTGACGTG-1,19651,8693
3,5,4,TTCGGCAACCCGCTGA-1,17911,7682
1,1,1,TTCGGCTAGAGATGGT-1,8627,8179
1,1,7,TTCGGGACTAATCGCG-1,15586,12728
1,1,5,TTCGGGCGCTAGTCTT-1,10505,17519
1,1,7,TTCGGTACTGTAGAGG-1,14273,20551
3,5,7,TTCGTAATCCCAGCGG-1,17622,6672
1,1,1,TTCGTACTCCAGAACG-1,9350,10956
1,3,5,TTCGTTCAACGAAGTT-1,20375,9451
3,5,7,TTCTAACCGAAGCTTA-1,18197,12226
2,4,6,TTCTACTTGCGAGGGC-1,9787,9189
1,1,4,TTCTAGAAAGTCTTAT-1,11809,18782
2,4,6,TTCTAGGCCAATTGTG-1,11527,9191
1,1,7,TTCTGCCGCGCCTAGA-1,15148,16009
3,5,7,TTCTGCGAGCGCCCTT-1,7608,11964
1,1,7,TTCTGCGGGTTAGCGG-1,16745,13739
1,1,5,TTCTGCTAGACTCCAA-1,20519,10713
2,4,6,TTCTTAGTGAACGGTG-1,10078,8180
3,5,4,TTCTTAGTGGCTCAGA-1,13994,7931
2,4,6,TTCTTGAGCCGCGCTA-1,11087,15500
1,1,5,TTCTTGGACGATCTGC-1,9780,16761
3,5,7,TTCTTGGAGTAATGAG-1,16605,8943
2,4,6,TTCTTGTAACCTAATG-1,10222,9442
1,3,5,TTCTTTGGTCGCGACG-1,20230,9703
1,1,1,TTGAACGAATCCTTTG-1,8192,8431
1,2,3,TTGAACGACGTGCTGA-1,17901,18788
3,5,4,TTGAAGAATTCCCAGG-1,12395,11716
1,1,1,TTGAATATGGACTTTC-1,16166,12224
1,3,5,TTGAATCGTTGTATAA-1,6590,15749
1,2,3,TTGACAGGAGCTCCCG-1,19500,15508
2,4,6,TTGACATGAACGTGGA-1,9782,14742
1,1,2,TTGACCAGGAACAACT-1,16740,19796
3,5,7,TTGACCATGTTCTCCG-1,16459,9700
1,1,5,TTGACCGTGTTAATGA-1,10070,16257
1,3,1,TTGACGATTCAGCACG-1,12546,5911
2,4,6,TTGACGCTCCATGAGC-1,19791,13994
2,4,6,TTGACTACCATATGGT-1,11087,14491
1,2,6,TTGACTATTGTCCGGC-1,20225,15256
2,4,6,TTGAGAGTACTGCTAA-1,10652,14743
3,5,7,TTGATCTAACTTTGTC-1,11961,10958
3,5,7,TTGATGTGTAGTCCCG-1,18199,9702
1,3,5,TTGATTAGCTGTTTCT-1,10071,15752
1,1,1,TTGATTATGCAGATGA-1,9931,10451
3,5,7,TTGCACAATTCAGAAA-1,13408,14493
3,5,7,TTGCACGGAGCAGCAC-1,13703,8940
2,4,4,TTGCATGCTGATCACG-1,10218,13985
2,4,6,TTGCCAAGCAGAACCC-1,21676,14753
1,2,5,TTGCCATAGCCCGCTC-1,8619,17265
2,4,4,TTGCCCTGATCACGGG-1,10074,12723
1,1,2,TTGCCGCTTTCTAGTA-1,16450,19291
1,1,5,TTGCGGCATCAGAAAG-1,11665,17015
1,1,5,TTGCGTCGGCCAACCG-1,11086,16510
1,1,7,TTGCGTGAACGCTTAG-1,19072,7179
1,1,7,TTGCTCCCATACCGGA-1,15589,9195
3,5,4,TTGCTGAAGGAACCAC-1,13414,8435
3,5,7,TTGCTGATCATGTTCG-1,13411,11969
1,3,5,TTGGAAGAATACAGTC-1,8620,16255
1,1,7,TTGGACATGTGGCTTA-1,9347,13984
1,3,2,TTGGACCATCTGGCAA-1,20369,16518
1,1,2,TTGGACCTATAACAGT-1,17612,17778
1,3,1,TTGGAGTCTCCCTTCT-1,11531,5657
1,1,7,TTGGATATCGTCTACG-1,12682,15754
1,3,1,TTGGATCGACTTCTGG-1,13851,6164
3,5,7,TTGGATTGGGTACCAC-1,13124,7930
3,5,4,TTGGCCTAGAATTTCG-1,17041,7681
2,4,6,TTGGCTCGCATGAGAC-1,10512,9442
1,1,2,TTGGGAAGACGAGCCG-1,14418,20804
1,1,1,TTGGGACACTGCCCGC-1,15297,10709
1,1,2,TTGGGACGTAAGAGTT-1,20949,16519
1,1,1,TTGGGCGGCGGTTGCC-1,16167,11214
1,1,7,TTGGTCACACTCGTAA-1,12102,15754
1,3,5,TTGGTTGCGGTGCGCG-1,8474,17012
1,1,1,TTGTAAGGACCTAAGT-1,9781,15247
1,1,1,TTGTAAGGCCAGTTGG-1,16893,10458
3,5,4,TTGTAATCCGTACTCG-1,13120,12473
1,5,7,TTGTATCACACAGAAT-1,15881,6671
1,1,7,TTGTCGTTCAGTTACC-1,13558,9193
1,2,3,TTGTGAACCTAATCCG-1,18192,17778
1,3,5,TTGTGAGGCATGACGC-1,7026,14487
3,5,2,TTGTGCAGCCACGTCA-1,15870,18786
3,5,4,TTGTGGCCCTGACAGT-1,13849,8183
1,3,5,TTGTGGTAGGAGGGAT-1,9200,16256
1,1,2,TTGTGTATGCCACCAA-1,13841,17774
1,1,2,TTGTGTTTCCCGAAAG-1,13697,16512
2,4,6,TTGTTAGCAAATTCGA-1,11237,9191
1,1,7,TTGTTCAGTGTGCTAC-1,14428,9698
1,1,1,TTGTTGTGTGTCAAGA-1,16312,11467
1,1,4,TTGTTTCACATCCAGG-1,11229,18277
1,2,3,TTGTTTCATTAGTCTA-1,9488,18780
1,3,5,TTGTTTCCATACAACT-1,9056,14994
