mclust_pca3_3,mclust_pca3_5,mclust_pca3_7,barcode,x,y
2,3,3,AAACAAGTATCTCCCA-1,19934,16265
2,5,2,AAACACCAATAACTGC-1,7893,18526
3,4,4,AAACAGAGCGACTCCT-1,18782,7178
2,5,5,AAACAGCTTTCAGAAG-1,6446,14487
2,2,2,AAACAGGGTCTATATT-1,7025,15497
3,4,6,AAACCGGGTAGGTACC-1,9202,14237
2,2,2,AAACCGTTCGTCCAGG-1,11230,16762
2,2,2,AAACCTAAGCAGCCGG-1,17175,20049
3,4,6,AAACCTCATGAAGTTG-1,7898,12973
3,4,6,AAACGAGACGGTTGAT-1,16601,12477
1,1,1,AAACGGTTGCGAACTG-1,13693,20551
1,1,1,AAACTCGGTTCGCAAT-1,15289,20300
1,1,1,AAACTGCTGGCTCCAA-1,14858,14999
2,5,5,AAACTTGCAAACGTAT-1,7896,14993
2,2,2,AAAGACCCAAGTCGCG-1,12110,6163
2,2,2,AAAGACTGGGCGCTTT-1,7319,10954
2,5,7,AAAGGCTACGGACCAT-1,12969,19288
2,2,2,AAAGGGATGTAGCAAG-1,14138,9698
2,2,2,AAAGGGCAGCTTGAAT-1,8916,9693
2,2,2,AAAGTAGCATTGCTCA-1,9055,16508
3,4,4,AAAGTCACTGATGTAA-1,12691,6163
2,2,2,AAAGTCGACCCTCAGT-1,7317,12973
2,2,2,AAAGTGTGATTTATCT-1,18775,14750
2,2,2,AAAGTTGACTCCCGTA-1,19066,14246
2,3,3,AAATAACCATACGGGA-1,17912,7177
1,1,1,AAATACCTATAAGCAT-1,15148,15504
2,5,2,AAATCCGATACACGCC-1,17755,20049
1,1,1,AAATCGTGTACCACAA-1,13263,14745
2,5,7,AAATCTAGCCCTGCTA-1,19788,17023
2,2,2,AAATGCTCGTTACGTT-1,8628,7674
2,3,3,AAATGGCATGTCTTGT-1,15156,6923
2,2,2,AAATGGCCCGTGCCCT-1,7605,16002
2,3,7,AAATGGTCAATGTGCC-1,12540,11968
2,3,3,AAATTAACGGGTAGCT-1,13555,12221
2,3,7,AAATTACACGACTCTG-1,17621,7177
2,2,2,AAATTACCTATCGATG-1,18779,10207
2,5,5,AAATTGATAGTCCTTT-1,9634,17518
2,2,6,AAATTTGCGGGTGTGG-1,9926,15499
2,2,2,AACAACTGGTAGTTGC-1,11236,10705
2,5,2,AACAATACATTGTCGA-1,10503,19033
2,2,2,AACAATTACTCTACGC-1,8770,10955
2,2,6,AACACACGCTCGCCGC-1,18628,16517
2,5,2,AACACGACTGTACTGA-1,14576,5912
2,5,5,AACACGAGACGCGGCC-1,8186,14993
2,5,5,AACAGCTGTGTGGCAA-1,9633,18528
1,1,1,AACAGGAAATCGAATA-1,14865,7427
2,2,2,AACAGGATGGGCCGCG-1,9640,10956
2,3,7,AACAGGTAGTATGGAT-1,21530,16015
2,2,2,AACATATCAACTGGTG-1,19504,10460
2,5,7,AACATTGTGACTCGAG-1,12678,19792
2,2,5,AACCAAGACTTCTCTG-1,8623,12722
2,3,3,AACCATGGGATCGCTA-1,9498,7170
2,2,2,AACCCAGAGACGGAGA-1,10804,7423
2,2,2,AACCCGACAACCCGTG-1,11372,20548
2,2,2,AACCCTACTGTCAATA-1,19066,13741
2,2,2,AACCCTGGTGGAACCA-1,15302,5661
2,2,2,AACCGAGCTTGGTCAT-1,15298,9699
2,2,2,AACCGCTAAGGGATGC-1,18485,15255
2,2,2,AACCGTTGTGTTTGCT-1,14431,6670
3,4,6,AACCTCGCTTTAGCCC-1,17030,19292
2,2,2,AACCTTTAAATACGGT-1,15001,17271
1,1,1,AACCTTTACGACGTCT-1,18491,7683
2,3,3,AACGATAATGCCGTAG-1,15727,17019
2,2,2,AACGATAGAAGGGCCG-1,12834,7425
1,1,1,AACGATATGTCAACTG-1,16169,9700
2,5,2,AACGCATGATCTGGGT-1,20231,8694
2,2,2,AACGCGACCTTGGGCG-1,12823,20550
2,2,2,AACGCGGTCTCCAGCC-1,14573,9446
2,2,2,AACGCTGTTGCTGAAA-1,18773,17274
3,4,4,AACGGACGTACGTATA-1,18484,16264
2,2,2,AACGGCCATCTCCGGT-1,10796,15500
3,4,6,AACGTACTGTGGGTAC-1,11231,15753
2,2,2,AACGTCAGACTAGTGG-1,10947,9695
2,2,2,AACGTGATGAAGGACA-1,17187,5915
2,2,2,AACGTGCGAAAGTCTC-1,15876,12728
1,1,1,AACTACCCGTTTGTCA-1,21530,15510
2,2,2,AACTAGGCTTGGGTGT-1,13986,17522
1,1,1,AACTCAAGTTAATTGC-1,11524,13229
2,5,5,AACTCCAGAGCGTGTT-1,18481,18788
2,3,3,AACTCTCAATAGAGCG-1,18632,12478
2,2,5,AACTCTCAGTGTGCTC-1,11085,17015
2,3,3,AACTGATATTAGGCCT-1,14720,7679
1,1,1,AACTGGGTCCCGACGT-1,14719,8689
2,2,2,AACTTGCCCGTATGCA-1,9060,10955
2,5,7,AAGACCCAACTGAACA-1,12969,18783
2,3,7,AAGACTGCAAGCTACT-1,15005,12728
3,4,6,AAGAGATGAATCGGTA-1,9060,10451
3,4,4,AAGAGCTCTTTATCGG-1,16311,12476
1,1,3,AAGAGGATGTACGCGA-1,9348,13480
3,4,4,AAGAGGCATGGATCGC-1,16746,12729
3,4,4,AAGATTGGCGGAACGT-1,18199,10206
2,3,3,AAGCACCCTGCGTATC-1,15726,18533
3,4,6,AAGCATACTCTCCTGA-1,15147,17018
2,5,7,AAGCCGAAGCGGTTTA-1,20660,16014
2,2,2,AAGCGCAGGGCTTTGA-1,15724,20552
2,5,5,AAGCGTCCCTCATCGA-1,10214,18023
2,2,2,AAGCTAGATCGAGTAA-1,15002,16261
2,2,2,AAGCTCGTGCCAAGTC-1,15731,12476
2,2,2,AAGCTCTTTCATGGTG-1,16886,18029
2,2,2,AAGGAGCGGTTGGTGC-1,12106,10706
1,1,1,AAGGATCGATCGCTTG-1,20952,13490
2,2,2,AAGGATGAGGGACCTC-1,17764,10458
2,2,2,AAGGCGCGTAAAGCTT-1,10657,9695
2,3,3,AAGGCTGTGCTCATCG-1,11816,11210
3,4,4,AAGGGACAGATTCTGT-1,18489,10207
3,4,6,AAGGGACTATGCATTC-1,8908,18779
1,1,1,AAGGTATCCTAATATA-1,16894,9953
2,2,2,AAGGTGATAAACCAGC-1,18485,14750
3,4,6,AAGTAGAAGACCGGGT-1,11963,8434
2,3,3,AAGTAGTGACGCGAGG-1,9639,11965
3,4,4,AAGTCAATTGTCGTCA-1,19790,15003
2,2,5,AAGTGACGACCGAATT-1,8767,13984
2,5,7,AAGTGAGTCGGGTTTA-1,12099,19287
2,2,2,AAGTGCCTTGACTGTA-1,20226,14751
2,2,2,AAGTGCGTTAGAATCT-1,9055,16003
2,5,2,AAGTGTTTGGAGACGG-1,16743,16767
2,2,2,AAGTTCACTCCAAGCT-1,17467,18030
2,5,5,AAGTTCAGTCTGCGTA-1,20232,8189
3,4,4,AAGTTCGGCCAACAGG-1,10071,15247
2,2,2,AAGTTTATGGGCCCAA-1,15288,20804
1,1,1,AATAACAACGCTCGGC-1,9493,12723
3,4,6,AATAACACTAGAACAA-1,10650,16762
3,4,4,AATACCGGAGGGCTGT-1,10502,20548
3,4,6,AATAGAACAGAGTGGC-1,11811,16763
2,2,2,AATAGAATCTGTTTCA-1,17614,15759
2,2,2,AATATCAAGGTCGGAT-1,11240,5657
2,2,7,AATATCGAATCAATGC-1,20950,16014
2,2,2,AATATCGAGGGTTCTC-1,19794,10460
2,2,5,AATATTGGAGTATTGA-1,8333,12721
2,2,2,AATCATGTAAAGACTC-1,19353,17275
2,5,7,AATCCAAGGGCCTGAG-1,11965,6920
2,2,2,AATCGCCTCAGCGCCA-1,16600,13486
1,1,1,AATCGCGCAGAGGACT-1,21677,14248
2,5,2,AATCGGGACACTACGA-1,13851,5659
2,2,2,AATCGTGAGCCGAGCA-1,17174,20554
2,2,2,AATCTAGGTTTACTTG-1,7459,16759
3,4,4,AATCTATGCCGGAGCC-1,21100,10209
2,5,5,AATCTCTACTGTGGTT-1,6592,13225
2,5,7,AATCTGCGTTGGGACG-1,18488,11721
2,2,2,AATCTGGCTTTCTAGT-1,7314,16506
2,2,2,AATGACAGCAATGTCT-1,9491,15751
2,2,2,AATGACGTAGGATGTC-1,16454,14748
2,5,2,AATGACTGTCAGCCGG-1,11962,9444
3,4,4,AATGATGATACGCTAT-1,18635,9450
3,4,4,AATGATGCGACTCCTG-1,19795,9956
2,2,2,AATGCAACCGGGTACC-1,13703,9950
2,5,2,AATGCACCAAGCAATG-1,19216,8441
2,2,2,AATGGTCCACCGTTCA-1,7464,11206
1,1,1,AATGGTTCTCACAAGC-1,10223,8433
2,2,2,AATGTGCCCGAGGTGT-1,9054,17518
2,3,7,AATTAAAGGTCGGCGT-1,12394,13735
2,2,6,AATTAGCGCTGCAGCG-1,14277,16513
1,1,3,AATTCATAAGGGATCT-1,18345,9449
2,3,3,AATTCCAAGCATGTAC-1,13548,20298
2,2,2,AATTCGATTCGAGGAT-1,16159,20300
1,1,1,AATTCTAGAGTTAGGC-1,14277,16008
3,4,4,AATTGAACGCTCTGGT-1,17179,15001
2,3,3,AATTTGGGACATAGTA-1,18347,6925
3,4,6,AATTTGGTTCCAAAGA-1,14866,6418
2,3,3,ACAAATCGCACCGAAT-1,17033,16263
3,4,4,ACAAATGGTAGTGTTT-1,17325,14749
3,4,4,ACAACAGCATGAGCTA-1,15587,11718
3,4,6,ACAACGGTCCCTGCGA-1,9497,9189
2,2,6,ACAAGCAGTGCCTAGC-1,8915,11208
2,2,2,ACAAGGAAATCCGCCC-1,16018,16010
2,2,2,ACAAGGACAAGAGGTT-1,10510,10957
2,5,2,ACAAGGATGCTTTAGG-1,17756,19040
2,3,2,ACAAGGGCAGGCTCTG-1,16164,14748
2,5,5,ACAATAGTCGTACGTT-1,8042,14236
1,1,1,ACAATCCATTTAAACC-1,9784,12723
2,3,3,ACAATGAATACGGAGA-1,9634,18023
2,2,2,ACAATTGTGTCTCTTT-1,19209,16517
3,4,6,ACAATTTGAGCAGTGG-1,17038,10710
2,2,2,ACACAAAGACGGGTGG-1,13268,9697
2,2,2,ACACACCAGGACCAGT-1,18195,14750
1,1,1,ACACACTTTCTACACG-1,14430,7174
2,5,5,ACACCCAGCATGCAGC-1,12397,9696
1,1,1,ACACCCGAGAAATCCG-1,10803,8433
2,2,2,ACACCTTAAGTAGGGC-1,11382,9948
1,1,1,ACACCTTACTACTTGC-1,21242,13995
2,2,2,ACACGAGACTCCTTCT-1,15442,11466
3,4,6,ACACGGGAACTTAGGG-1,15443,10456
2,2,2,ACACTGATCAAGGTGT-1,12101,16763
3,4,6,ACAGAACTGAGAACAA-1,8619,16760
2,2,2,ACAGATTAGGTTAGTG-1,13417,5407
2,2,2,ACAGCATAGAGCCAGT-1,13561,6164
2,5,5,ACAGCGACATTCTCAT-1,19497,18537
2,3,2,ACAGCGCACCCGCAGC-1,16752,6167
3,4,4,ACAGGTGGAGGTGAGG-1,10796,16510
2,5,5,ACAGTAATACAACTTG-1,7170,15244
1,1,1,ACATAATAAGGCGGTG-1,14284,8941
2,2,2,ACATCAGCTGGGACGC-1,6883,11711
2,2,2,ACATCCCGGCCATACG-1,13406,17522
2,2,2,ACATCCTGGTAACTGT-1,19936,14246
2,2,2,ACATCGATCGTTTACC-1,14134,14241
2,3,7,ACATCGGTCAGCCGCG-1,10508,13985
3,4,4,ACATCGTATGCAATGG-1,16889,15001
3,4,6,ACATCGTTAACCTAGT-1,16027,5914
1,1,1,ACATGGCGCCAAAGTA-1,20227,13742
2,2,2,ACATTAGTTTATATCC-1,13987,16512
2,2,2,ACCAACGCTTATTTAT-1,12246,17016
2,3,2,ACCAAGAACGCGTGTC-1,12254,7930
2,5,7,ACCAATATGCAAGTTA-1,16451,17777
1,1,1,ACCACAAGTTTCTATC-1,12976,11211
2,3,2,ACCACCAATGTAACAA-1,20661,13995
2,2,2,ACCACGTGCAGCTATA-1,16163,15757
2,2,2,ACCAGTGCGGGAGACG-1,18774,15760
2,3,7,ACCATATCCGCAATAA-1,13264,13231
2,5,5,ACCATCCGCCAACTAG-1,6881,14739
1,1,1,ACCATCGTATATGGTA-1,11233,14238
2,3,3,ACCCAACGCCCGTGGC-1,17618,11216
3,4,6,ACCCACCTACATGCTC-1,8771,9946
2,5,5,ACCCATTTGTCCCTCT-1,19642,18789
2,2,2,ACCCGAGCGAAATTAC-1,9343,19032
2,3,2,ACCCGGAAACTCCCAG-1,14566,18027
1,1,1,ACCCGGATGACGCATC-1,19647,13236
2,3,3,ACCCGGTTACACTTCC-1,12103,14239
2,5,7,ACCCGTGTCATCAGTA-1,12970,18278
3,4,4,ACCCTCCCTTGCTATT-1,17324,15758
1,1,1,ACCCTTCATCTGCGAA-1,14576,6922
2,2,2,ACCGAAAGGGCCCTGC-1,12836,5911
3,4,6,ACCGACTGAGTCCCAC-1,14717,10708
2,2,2,ACCGATGGTAGCATCG-1,18487,12731
1,1,1,ACCGCGGTGGAAGTCG-1,20516,14752
2,2,2,ACCGGGCCTTTGTTGA-1,19355,15255
3,4,4,ACCTAAGTACCTTTCA-1,9490,16256
3,4,4,ACCTAATCGACTTCCT-1,9494,11713
1,1,1,ACCTACAGTATGTGGT-1,21532,13995
2,2,2,ACCTACTATAAATCTA-1,13548,20803
3,4,4,ACCTCCGTTATTCACC-1,21388,12228
2,5,5,ACCTGCGTGTCATGTT-1,7751,15245
2,2,2,ACGAAATGGGCGGCAC-1,8624,11712
3,4,4,ACGACTGGTCATACTC-1,10067,19790
2,2,2,ACGAGATATTTGCTTA-1,16897,5915
2,2,2,ACGAGGATACCACTCT-1,7750,16254
2,2,2,ACGAGTACGGATGCCC-1,20229,10713
1,1,1,ACGATACATAGAACTA-1,16749,9196
2,2,2,ACGATCATACATAGAG-1,14283,9951
2,3,7,ACGATCATCTTGTAAA-1,19937,12732
1,1,1,ACGATGCATATGTTAT-1,11379,12977
3,4,6,ACGATGGATCCGATGC-1,15302,6166
3,4,6,ACGCAATCACTACAGC-1,20955,9957
2,5,7,ACGCATACGTTTACTA-1,19933,17780
1,1,1,ACGCATTCGTGAGTAC-1,13991,11969
1,1,1,ACGCCAGATGATTTCT-1,15735,7933
1,1,3,ACGCCGCTAGACGACC-1,15439,14495
2,2,2,ACGCGAAGTCAGACGA-1,13697,16007
2,3,3,ACGCGCTACACAGGGT-1,9637,13985
1,1,3,ACGCGGGCCAAGGACA-1,14136,12222
2,5,2,ACGCTAGTGATACACT-1,19649,10713
2,5,5,ACGCTGTGAGGCGTAG-1,7027,13477
3,4,4,ACGGAATTTAGCAAAT-1,9063,7422
1,1,1,ACGGACTCTCAAAGCG-1,16015,19038
2,5,2,ACGGATGGTGCGGATA-1,16596,18029
2,2,2,ACGGCACTTGCTTGGG-1,13841,16765
3,4,6,ACGGCCAACATGGACT-1,13116,17017
2,2,2,ACGGCGACGATGGGAA-1,16308,16010
2,5,5,ACGGGAGTGTCGGCCC-1,8766,15498
2,2,2,ACGTACAGATTTCTCT-1,14721,6165
2,2,2,ACGTAGATTGCTGATG-1,14861,11970
2,2,2,ACGTATTACTCCGATC-1,19211,13993
2,3,3,ACGTGCGCCTCGTGCA-1,14285,7931
2,2,2,ACGTTAATGTCGAAGA-1,15149,13990
2,3,7,ACGTTAGATTTGCCCG-1,10798,13481
2,2,2,ACGTTCCGCGCTCCGT-1,12981,5659
2,2,6,ACGTTCGCAATCAATT-1,21534,11976
2,5,7,ACGTTCGTTCAGGAAA-1,11519,18782
1,1,1,ACGTTTAGTTGTGATC-1,15011,7175
2,2,2,ACTACCAGCTCTCTGG-1,11092,9948
2,5,7,ACTACGCGTTAGAATT-1,13259,18783
2,3,3,ACTAGTTGCGATCGTC-1,20224,16266
1,1,1,ACTATTCGTCCGTGGT-1,15881,7176
2,5,7,ACTATTTCCGGGCCCA-1,11084,18529
2,2,2,ACTCAAGTGCAAGGCT-1,17611,18787
2,2,2,ACTCAATAAAGGCACG-1,15153,9951
2,2,6,ACTCAGACCTGCTTCT-1,11385,5910
2,2,2,ACTCCAATATCATCAT-1,9342,19537
2,2,2,ACTCCCATTCCTAAAG-1,7605,15497
2,3,3,ACTCCCGAATTCGTTT-1,20228,11723
2,3,3,ACTCCCTAATGCTAAA-1,15146,18028
1,1,1,ACTCCCTAGAATAGTA-1,15293,15756
2,2,2,ACTCGTAACCCGTCCT-1,8475,16003
3,4,4,ACTCGTCAGTAATCCC-1,16456,12729
1,1,1,ACTCTCTGACTTAGGT-1,16455,14243
2,2,2,ACTCTTGTATAGTAAC-1,15296,12728
2,5,5,ACTGAAACGCCGTTAG-1,18627,18031
3,4,4,ACTGAATGGCGAAAGT-1,17179,15506
1,1,1,ACTGCCGTCGTAACTC-1,15300,7680
2,2,2,ACTGTACGATACACAT-1,16457,11214
3,4,6,ACTGTAGCACTTTGGA-1,10801,10452
2,2,2,ACTGTATACGCGAGCA-1,10370,6161
2,3,3,ACTGTCCAGGATTATA-1,13120,11969
1,1,1,ACTGTCTTCTTTAGAA-1,14427,11213
2,3,3,ACTGTGCTAGTAGATC-1,9644,6918
1,1,1,ACTTAGTACGACAAGA-1,9789,7170
2,2,2,ACTTATACTTACCCGG-1,18197,12730
2,3,7,ACTTATTAGGATCGGT-1,12684,13230
2,2,2,ACTTATTTATGTGCCA-1,18194,15254
2,2,2,ACTTCCATGCGGGACA-1,17466,19040
2,2,2,ACTTCGCCATACGCAC-1,16023,10457
2,2,2,ACTTGACTCCCTCTTT-1,15584,14242
1,1,1,ACTTGGGACCCGGTGG-1,12251,10958
2,5,5,ACTTGTAGTCCCTTCA-1,6591,14739
2,5,7,ACTTGTGGATGGAACG-1,20804,16771
2,2,2,ACTTTACCCTCATGAA-1,20518,11723
3,4,4,ACTTTCCTATAGCTTC-1,14137,10708
2,5,5,ACTTTGACTGCATCCT-1,6737,13477
3,4,6,AGAACGTGGTACATTC-1,15733,10457
2,2,2,AGAAGAGCGCCGTTCC-1,17906,13235
3,4,6,AGAAGGTACACTTCAC-1,7169,16759
2,3,2,AGAAGGTTGCCGAATT-1,11523,14239
2,3,3,AGAAGGTTGTAGGTCG-1,16450,19796
2,2,2,AGAAGTGATTCGTGAT-1,9201,15751
2,5,5,AGAATAAATCTTCAGG-1,6737,12972
2,5,7,AGAATTATGGATTCGA-1,19358,11722
2,2,2,AGAATTGTTTGACATA-1,8482,7926
3,4,4,AGACCATGGGATACAA-1,9207,9189
1,1,1,AGACCCACCGCTGATC-1,14567,16008
3,4,6,AGACCCGCCCTCCTCG-1,13267,10202
2,5,5,AGACCGGGAAACCCTG-1,7607,13983
3,4,4,AGACGAAGTGCCGGTC-1,19209,16012
2,5,2,AGACGACGATGCCGCT-1,9925,17014
2,2,2,AGACTAGCCTTCCAGA-1,11816,10705
2,5,7,AGACTGTTACCGGGTC-1,11663,19539
3,4,4,AGAGAACCGTCTAGGA-1,17909,10206
2,5,5,AGAGAAGGAGTACAAT-1,10069,18276
2,5,5,AGAGATCTCTAAAGCG-1,7752,13731
2,2,2,AGAGCAGTTATGAGAC-1,7899,10954
1,1,1,AGAGCGGGCTAATCAT-1,14430,7679
3,4,4,AGAGCGTACAAGCTCG-1,9206,9694
2,3,3,AGAGGCTTCGGAAACC-1,19789,16518
2,2,2,AGAGTAAACTTCACTA-1,20515,15761
2,3,3,AGATAACTTCAGGGCC-1,11525,11715
2,2,2,AGATACGACTTCATAT-1,10224,7423
3,4,4,AGATACTCAAGATCGA-1,17034,15253
1,1,1,AGATATAATACGACTA-1,15579,19795
2,2,2,AGATCGTGCATAAGAT-1,19215,8945
3,4,6,AGATCTCAGGTGTGAT-1,16022,10962
1,1,3,AGATGACTCGCCCACG-1,13123,8940
2,3,3,AGATGATGGAGTCTGG-1,20518,12228
2,2,2,AGATGCAAGACGTGCA-1,8618,18274
2,3,7,AGATTATAGGACGTTT-1,12975,12726
2,2,2,AGATTCACAACCGATA-1,7024,17011
2,3,3,AGCAAAGGCCGCTAGT-1,15580,18785
3,4,6,AGCAACATATCTTATT-1,18631,13993
2,2,2,AGCAACCGAAAGTAAT-1,8038,17769
3,4,6,AGCACCAGTACTCACG-1,14572,10456
2,5,2,AGCACTACCGGCCTGT-1,8043,12216
2,5,7,AGCACTACCTCACCAG-1,16887,17020
2,2,2,AGCACTTAAGGACGCC-1,10220,11461
2,3,3,AGCAGAAGGAGAAAGA-1,14999,19795
2,2,2,AGCATATCAATATGCT-1,18919,16517
3,4,4,AGCATCATTTCGAAAG-1,7894,17012
2,5,5,AGCATCGTCGATAATT-1,12688,9192
2,5,7,AGCCAAGCTTTGTGTC-1,13549,19793
2,5,5,AGCCACAGGTTACCCG-1,18045,19545
1,1,3,AGCCACTCCCGTGCTT-1,16894,9448
2,2,2,AGCCCATACATGTAAG-1,8912,14236
2,2,2,AGCCCGCAACAAGCAG-1,12967,20802
2,5,7,AGCCCGGTAGCCTGTA-1,12244,19035
1,1,1,AGCCCTAAGCGAAGTT-1,14575,7427
2,5,2,AGCCCTTCTAATCCGA-1,20087,7937
2,2,2,AGCCGTGGCTAAATGT-1,8330,16255
2,2,2,AGCCTAATACCCACGT-1,7169,16254
3,4,4,AGCGACAGGAACGGTC-1,10505,16509
2,3,2,AGCGACATCCCATTCA-1,13704,7931
2,2,2,AGCGACCAACGATATT-1,13122,9949
3,4,6,AGCGCGGGTGCCAATG-1,18490,9702
2,5,7,AGCGGACACTTCGTAG-1,14129,19289
2,2,2,AGCGGCGGTTAGCGGT-1,6879,16254
3,4,4,AGCGGGAAGGGTCCAT-1,10514,6918
1,1,1,AGCGGGTCTGACACTC-1,14709,20299
2,3,3,AGCGTGGTATTCTACT-1,15439,14999
3,4,6,AGCTAACAAGCAATGT-1,9923,19033
2,5,5,AGCTAAGTACGCAGGC-1,17610,19797
2,2,6,AGCTAGAAGCAGAAGT-1,19506,8946
1,1,1,AGCTATTTAATCCAAC-1,15880,7680
2,2,2,AGCTCTAGACGTTCCA-1,16165,13233
2,3,3,AGCTCTTCCCAGTGCA-1,17911,8187
2,3,2,AGCTCTTTACTCAGTT-1,11668,13986
1,1,1,AGCTGAAGTAAACCAA-1,17330,8691
2,2,2,AGCTGTAACCTCAATC-1,9199,17265
2,5,5,AGCTTGATCTTAACTT-1,8477,13984
2,5,7,AGGAAGCTGTCCGCCG-1,14565,19037
3,4,4,AGGACAGTCGAATCCC-1,17470,14496
3,4,6,AGGACATCGCACGTCG-1,10658,7676
1,1,1,AGGACGACCCATTAGA-1,11668,14491
2,5,2,AGGACGCTCGATGTTG-1,19361,8188
2,2,2,AGGAGGCCTTCGCGCG-1,19353,16770
3,4,4,AGGATAAAGTCGGGAT-1,14566,17018
2,2,6,AGGATATAGGGATTTA-1,19065,15255
3,4,6,AGGATCACGCGATCTG-1,7460,15749
2,3,2,AGGCAGATGCGTAAAC-1,17619,10206
2,5,7,AGGCAGGGAGCGTACT-1,12244,18530
3,4,6,AGGCATTGTCGTAGGG-1,19499,16013
2,2,2,AGGCCACCCGTTATGA-1,10656,10704
2,2,6,AGGCCCATTGTACAGG-1,13125,7426
2,5,5,AGGCCCTAGAACGCCA-1,8766,14993
2,5,5,AGGCCTGAGAATCTCG-1,17901,19292
2,2,2,AGGCTATGGTTAGCTT-1,9496,10199
2,2,2,AGGCTTCCCGAAGAAG-1,11231,16258
1,1,1,AGGGAAACGAGGTACT-1,18057,6925
2,2,2,AGGGACCGGCTGCGTT-1,21098,12733
3,4,4,AGGGAGACATACTTCG-1,21535,10967
2,2,2,AGGGCAGCGGCGTGGT-1,15882,5661
2,5,5,AGGGCGAGCAGCTGAT-1,8041,14740
2,3,3,AGGGCGTGATCGGCTA-1,11674,7929
2,3,7,AGGGCTGCAGTTACAG-1,14571,12475
2,2,2,AGGGTCAGAGCACTCG-1,10937,20800
2,2,2,AGGGTGCCGTTCTTTA-1,9922,20042
1,1,3,AGGGTGCTCTCGAGGG-1,18487,12226
2,2,2,AGGGTGGATAGTGCAT-1,6739,10953
3,4,4,AGGGTTCAGACGGTCC-1,11662,21053
2,3,7,AGGGTTCCCTTTGGTT-1,17908,11216
1,1,1,AGGGTTTAGTTCGGGA-1,14281,11970
1,1,1,AGGTAACCTCCTATTC-1,11094,6919
1,1,1,AGGTACGATATTGCCA-1,16171,6671
2,2,2,AGGTAGATCGAGATAT-1,10213,19538
1,1,1,AGGTAGGTACAAAGCT-1,9639,12470
2,2,6,AGGTATAATTGATAGT-1,20953,12480
2,2,2,AGGTCGCGGAGTTACT-1,20230,10208
2,5,7,AGGTGGTGACCTTCGC-1,13258,19793
2,2,6,AGGTGTATCGCCATGA-1,7608,12973
2,2,2,AGGTTGAGGCACGCTT-1,15879,9195
1,1,1,AGGTTTCACACACCTT-1,14859,13989
2,3,2,AGTAATGTCTTGCCGC-1,13850,7679
2,2,2,AGTACATCATTTATCA-1,20954,10966
2,5,2,AGTACGGCCCGTATCG-1,6738,12468
1,1,1,AGTACGGGCACCTGGC-1,16604,9953
2,2,2,AGTACTCTTATGCCCA-1,17902,17778
2,5,2,AGTAGGAAGGAAGTTG-1,19362,7684
3,4,6,AGTATAATACTAGGCA-1,9931,9947
2,2,2,AGTATGCTGGAGACCA-1,8908,18275
2,5,7,AGTATTTGGCACGACC-1,12680,18278
1,1,1,AGTCAACACCACCATC-1,11958,13987
2,2,2,AGTCAAGATGACACTT-1,18194,15759
2,5,7,AGTCACTAGCTCTCGA-1,19498,17527
2,2,6,AGTCAGCCACCGCCTG-1,9208,7674
2,2,2,AGTCCATTGGCTGATG-1,19646,14246
1,1,1,AGTCCCGCCTTTAATT-1,18636,7935
3,4,4,AGTCGACGGTCTCAAG-1,18196,13235
2,2,2,AGTCGGCCCAAACGAC-1,10801,9947
2,5,5,AGTCGGCTCAACTTTA-1,8476,15498
1,1,1,AGTCGGTTGCGTGAGA-1,21387,13743
2,2,2,AGTCGTATAAAGCAGA-1,16885,20049
2,2,5,AGTCGTCGACCACCAA-1,18337,18031
2,2,2,AGTCGTGGGCATTACG-1,9345,16508
2,2,2,AGTCTAAAGTATACTC-1,21244,10966
2,5,5,AGTCTCACAAGACTAC-1,9489,17266
2,2,2,AGTCTTCTCCTCAAAT-1,14718,9699
2,2,2,AGTCTTTAAAGTGTCC-1,16304,20553
3,4,6,AGTGAACAAACTTCTC-1,19936,14751
2,3,7,AGTGACCTACTTTACG-1,12683,14745
2,2,2,AGTGAGACTTCCAGTA-1,17762,12478
2,5,2,AGTGAGCCTCGCCGCC-1,20084,10965
2,2,5,AGTGATAACCTGCGCG-1,18046,18535
2,3,2,AGTGATATGAGTAGTT-1,12247,14997
1,1,1,AGTGATTCAAGCAGGA-1,17762,11973
2,2,2,AGTGCACGCTTAAGAA-1,19063,16769
1,3,3,AGTGCGTAGCTCGTAA-1,11232,15248
2,5,5,AGTGCTAAACACAGCA-1,18336,19040
1,1,1,AGTGCTTGCACGAATA-1,18050,13992
3,4,4,AGTGGCGGCAATTTGA-1,18780,9702
2,5,5,AGTGGCGTCTGAAGGT-1,17611,19292
2,5,5,AGTGGCTCCGTCGGCC-1,6882,13730
2,5,2,AGTGGTGTTACCCGTG-1,6445,15496
2,5,5,AGTGGTTGCGTATAGG-1,6157,12467
2,2,2,AGTGTATTGCGCATTG-1,18926,7936
3,4,6,AGTGTGGTCTATTGTG-1,8481,8936
2,3,3,AGTTAAACACTTGCGA-1,11523,13734
2,5,7,AGTTAAGCGGTCCCGG-1,16751,7681
3,4,6,AGTTAAGTCAACCGCT-1,8765,16508
2,3,3,AGTTACTCTATCGTGG-1,18056,7430
1,1,1,AGTTCCTACAGAATTA-1,12396,11211
1,1,3,AGTTCCTATTTATGTT-1,14569,14494
2,3,3,AGTTGACGGTCCTTGC-1,14274,20046
2,2,2,AGTTTCGCAGGTCGGA-1,14141,6669
2,2,7,AGTTTGCACCTGCCTC-1,15871,18281
3,4,4,AGTTTGGCACGGGTTG-1,19935,15761
2,2,6,AGTTTGGCCAGACCTA-1,9636,15499
1,1,1,ATAAACGGACCCGTAA-1,13988,15503
2,3,7,ATAAAGGCTCGGTCGT-1,12395,12220
2,2,2,ATAAATATTAGCAGCT-1,9203,13227
2,2,2,ATAACGCCGGAGGGTC-1,16891,12477
2,2,2,ATAACGGAGTCCAACG-1,16023,9952
2,2,2,ATAAGGTGGAGAACAT-1,15583,16262
2,2,6,ATAAGTAGGATTCAGA-1,20084,10461
1,3,3,ATAAGTTACCGCGACG-1,12682,15249
1,1,1,ATAATAGCTGTTGAAT-1,14278,15503
2,3,2,ATAATAGTGTAGGGAC-1,9498,8179
2,3,3,ATAATCTTGGAGAACC-1,16305,19039
2,3,3,ATAATTAGCTAAGTAG-1,14419,19794
2,5,2,ATACAGGCCCTCCAAT-1,15581,17776
2,2,2,ATACCACGGGCAACTT-1,9349,12470
2,2,2,ATACCAGGCTAATAGA-1,13126,5911
3,4,4,ATACGCCGGCGAAACC-1,16455,13738
2,2,2,ATACGGAACGTCGTTT-1,8328,17769
1,1,1,ATACGGGTTTCGATTG-1,17039,9196
1,1,3,ATACGGTGAAGATGCA-1,6738,11963
2,5,7,ATACGTACTTAGCCAC-1,16307,17524
2,2,2,ATACGTCCACTCCTGT-1,18629,15507
1,1,1,ATACTAGCATGACCCT-1,13994,8941
2,2,2,ATACTGCCTTACACCG-1,17321,18282
2,2,2,ATACTTGTTCTCGAGC-1,6594,11206
2,2,2,ATAGACAACGGGACCT-1,18489,10712
1,1,1,ATAGACGAAGAGAAAG-1,11670,11967
2,5,2,ATAGAGTACTGGGACA-1,12107,10201
2,2,2,ATAGAGTTATCAACTT-1,18634,10459
1,1,1,ATAGGCGGCTATAGAA-1,9927,14490
3,4,4,ATAGGCTAGCTTCGCA-1,19215,9955
2,2,2,ATAGGGATATCCTTGA-1,15444,8942
3,4,4,ATAGGTTGGGCAGATG-1,14427,10708
1,1,1,ATAGTGAAGCGTTCTC-1,13409,13988
1,1,1,ATAGTTCCACCCACTC-1,19937,13237
2,3,3,ATATAAAGCGCTCGTG-1,15000,18280
2,5,2,ATATAAATGTAGCTGC-1,15872,17271
2,3,3,ATATCGGTAGGGAGAT-1,21097,13238
2,5,5,ATATCGTTCCTCGAAC-1,18482,18283
1,1,1,ATATCTCCCTCGTTAA-1,17765,8439
1,1,3,ATATCTTAGGGCCTTC-1,13990,12474
2,3,7,ATATGTCTCCCTAGCC-1,19212,12479
1,1,1,ATATTCAGTTAAACCT-1,10942,14743
2,2,2,ATATTCCCACAGGTCA-1,13706,6416
1,1,1,ATATTGCTGTCAAAGT-1,9788,8180
1,1,1,ATATTTAACCCTCAAG-1,13121,11464
2,2,2,ATCAAACACTGTTCCA-1,20660,15509
2,2,2,ATCAAACGAAGGTTTG-1,9926,16004
2,3,2,ATCAATCTGGGCTGCA-1,14571,11970
2,3,2,ATCACGTGCTAATTAA-1,10362,15247
3,4,6,ATCACTTCATCCTCGC-1,14864,8941
1,1,1,ATCAGACGGCACGCCG-1,11232,14743
3,4,6,ATCAGCCTCATGCTGC-1,17757,18030
2,2,2,ATCAGCTCGTCCACTA-1,7315,16002
1,1,1,ATCAGTAGGCAGGGAT-1,17764,9449
2,2,6,ATCCAACGCAGTCATA-1,10511,9947
2,2,6,ATCCAATGGAGGGTCC-1,9057,14489
2,5,5,ATCCAATGGTACCGAA-1,6012,12719
1,1,3,ATCCACATCGACAGAA-1,15580,19290
2,2,2,ATCCAGAGCAACAACC-1,12681,16259
1,1,1,ATCCAGGATTCGTGAA-1,11813,13734
2,3,2,ATCCTACCTAAGCTCT-1,12103,14744
2,2,5,ATCCTGAATCGCTGCG-1,8913,13227
1,1,1,ATCCTGCGTGGAATGG-1,11957,14996
3,4,6,ATCGACCCAATACAGA-1,14279,14494
3,4,6,ATCGACTCTTTCCGTT-1,13993,9445
2,2,2,ATCGCACGCCGGGAGA-1,13412,9950
1,1,3,ATCGCCAGTCAACATT-1,20370,15004
2,2,2,ATCGGCAAGCAGTCCA-1,19071,8693
2,5,6,ATCGGTTACCTAGTAA-1,6303,12215
3,4,6,ATCGTTAGCTAGCGGA-1,19352,18284
3,4,4,ATCTAATATCCTACGG-1,14856,17523
2,2,2,ATCTAGCTTGTGAGGG-1,14563,20551
2,3,2,ATCTCCCTGCAATCTA-1,15590,7680
2,5,7,ATCTGACATGGAAGGA-1,11083,19539
2,5,7,ATCTGCACCTCTGCGA-1,19794,10965
2,3,3,ATCTGCTGTTATCGCC-1,13403,20550
2,2,2,ATCTGGTTAAGACTGT-1,16168,10205
1,1,1,ATCTGTAATTGTACCC-1,13415,7426
2,5,2,ATCTTGACCTGCAACG-1,11526,10200
2,2,2,ATCTTGACTTGTCCAA-1,20809,11218
2,5,2,ATGAAGCCAAGGAGCC-1,11818,9191
2,3,2,ATGACGCCGGCTCTAA-1,13560,7678
2,2,2,ATGACGCGTTCTATCC-1,9490,16761
2,5,7,ATGACTATCAGCTGTG-1,11373,19539
2,2,2,ATGACTATGCGACATT-1,17904,15759
3,4,4,ATGAGGAGTGTTAATC-1,10221,9947
2,3,2,ATGATCGGGAATAGAC-1,12979,7678
2,3,7,ATGATGCAATGGTACA-1,12393,14744
2,5,2,ATGCACTACCGCATTG-1,11671,10453
2,2,2,ATGCATGATCCAGGAT-1,14573,9951
2,2,2,ATGCCATTTGCGACCA-1,18340,14497
2,2,2,ATGCCGGTCTTGCATA-1,16022,11466
2,3,7,ATGCCGGTTGATGGGA-1,17185,8439
1,1,1,ATGCGACAGTCCCATT-1,15441,12476
2,2,2,ATGCGAGTCCCACCAC-1,20225,15761
3,4,4,ATGCTCAGTGTTGCAT-1,9352,8937
2,2,2,ATGCTCTGGCGCGGTA-1,16160,18786
2,3,7,ATGGAGCAGGCCGTGA-1,14715,12727
2,3,7,ATGGATCCGGCGTCCG-1,16605,8438
2,2,2,ATGGATTGACCAAACG-1,13992,10455
2,2,2,ATGGCAGCCGAGAAAC-1,6448,11963
2,2,2,ATGGGACCTGCTGAAC-1,9633,19033
2,2,2,ATGGGCCTCGGCCTCT-1,18340,15002
3,4,4,ATGGTCGCGTGGTTTC-1,17469,15001
2,2,2,ATGTAAGGCTGCTCTT-1,21389,11724
2,3,3,ATGTACGATGACGTCG-1,14418,20299
2,2,2,ATGTAGCGCGCGTAGG-1,15578,20805
2,2,2,ATGTGCATCCGACGCA-1,13413,9445
1,1,1,ATGTGGACATCTTGAT-1,15438,15504
2,2,2,ATGTTACGAGCAATAC-1,9353,7422
1,1,1,ATGTTCGTCGACCCAC-1,7173,12216
2,5,7,ATGTTGTAGTCTGTTT-1,11953,20044
3,4,4,ATTAAACATGCGGACC-1,13698,14493
2,2,2,ATTAATACTACGCGGG-1,14719,9194
2,3,3,ATTAATGAACCAGTCG-1,16604,9448
1,1,1,ATTAATTCGGTCACTC-1,14720,7175
1,1,1,ATTACAACTACCGGCC-1,17767,6420
2,5,7,ATTACATGTCAGTCTT-1,20804,16266
1,1,3,ATTACGCGCTGGCAGG-1,9493,13732
2,2,2,ATTACTAGCCTCTTGC-1,11528,8181
2,2,2,ATTACTTACTGGGCAT-1,19650,9198
2,2,2,ATTAGATTCCTCAGCA-1,20375,9956
2,2,2,ATTAGATTGATAGCGG-1,12253,8434
2,2,2,ATTAGGCGATGCTTTC-1,15440,12980
2,3,7,ATTATACTTTGCTCGT-1,16460,8186
2,2,2,ATTATCGGAATGTACG-1,13402,21055
2,5,2,ATTATCTCGACAGATC-1,13997,5407
2,2,2,ATTATGCCATAGGGAG-1,12833,8940
2,3,3,ATTCAACCATTTAAGG-1,19642,18284
2,2,2,ATTCACTGATGTTGGA-1,15001,17775
2,5,5,ATTCAGGACCTATTTC-1,19361,8693
2,2,2,ATTCAGTAGCAGGGTC-1,8770,10450
3,4,6,ATTCATATACTGTCCA-1,13843,15250
2,5,5,ATTCATCGTTGAGGCA-1,18046,19040
2,2,6,ATTCCCACATAAACAA-1,8625,10198
1,1,1,ATTCCTCCGCCAGTGC-1,10802,9443
3,4,6,ATTCGACGCCGGGCCT-1,8913,12722
1,1,1,ATTCGTGCTATCTCTT-1,21096,14247
2,3,3,ATTGAAGATCTTAGTG-1,12251,11463
2,2,2,ATTGACGTAACTCGGT-1,15592,5661
2,5,7,ATTGATGAGTCCTAAC-1,19503,11974
2,5,6,ATTGCCTTTATGTTTG-1,17320,19797
2,3,3,ATTGCTGCTCCTCCAT-1,11379,12472
2,5,7,ATTGGATTACAGCGTA-1,19933,17275
2,3,7,ATTGTACAACTCGGCT-1,20083,12480
2,5,7,ATTGTCGCAATACCTT-1,17476,7429
3,4,4,ATTTACAGTTTACTGG-1,10655,11209
2,2,2,ATTTACTAAGTCCATT-1,21244,11471
2,3,3,ATTTCATTATTTCGCG-1,16461,7176
2,5,5,ATTTCCGGGTTCTGCG-1,10214,17519
2,5,5,ATTTGCGCGAGTAGCT-1,9635,17013
2,2,2,ATTTGTCTTGGGAGCT-1,17325,13739
1,1,1,ATTTGTTCCAGGGCTC-1,15445,8437
2,2,2,CAAACGAGTATCGCAG-1,11957,15501
2,2,2,CAAACGGTCGCACTTT-1,10945,11209
1,1,3,CAAACTACGATAGAGA-1,17332,6672
3,4,4,CAAACTATTGAGCTTC-1,16027,6419
1,1,1,CAAACTCGCGACGCCG-1,21241,15005
2,5,2,CAAAGATTATTGGGCC-1,9489,17770
2,5,5,CAAATCTCTCACAAGG-1,8621,14741
1,1,1,CAAATTGTCAGCAAGC-1,14866,6922
2,2,2,CAACGACCCGTTTACA-1,12398,8687
2,3,3,CAACGGTTCTTGATAC-1,10658,8181
2,3,7,CAACTATATCGAATGC-1,16606,7429
2,2,2,CAACTCCTTGATCCCG-1,11818,8182
2,5,7,CAACTGCTCATCCGAT-1,13115,18531
2,2,2,CAACTTGTAGTGGGCA-1,11095,5909
1,1,1,CAAGAGGGCGGAGTAC-1,15874,15252
2,2,2,CAAGATATTATAACGT-1,18050,15002
1,1,1,CAAGCAACGTCGGAGT-1,10655,11714
1,1,1,CAAGCACCAAATGCCT-1,14719,8184
2,5,2,CAAGCGGCACATAATT-1,15582,17271
2,2,2,CAAGGATCGCATGTTC-1,15005,13737
2,2,6,CAAGGTCCTATAGGCT-1,21098,12228
2,2,2,CAAGTAAGTGATAGAC-1,12822,21055
3,4,6,CAAGTGTGGTTGCAAA-1,18776,13740
2,2,2,CAATAAACCTTGGCCC-1,15878,10204
2,5,5,CAATACGCTCTGAGGC-1,6591,13729
2,5,5,CAATATTCTTGACCTA-1,10940,17267
1,1,1,CAATCCCTATACCAGC-1,17912,6673
2,5,7,CAATGCGAGAAGTATC-1,17032,17272
2,3,2,CAATGGATCTCTACCA-1,17618,10711
2,3,3,CAATGTGCCAACCCTT-1,21823,12986
2,2,2,CAATTAAGGGTGATGA-1,14572,10960
2,3,7,CAATTTCGTATAAGGG-1,14280,12979
2,3,7,CACAATGAGCTGCTAT-1,12393,14240
2,5,7,CACACACGCTAACGAG-1,20078,17528
3,4,4,CACACAGGGATAGATT-1,9061,9946
2,3,2,CACAGCACCCACGGCA-1,13701,11464
1,1,1,CACAGCTAGGGAGTGA-1,13849,8688
2,5,6,CACAGGGCCATATAGT-1,19207,18032
2,5,7,CACAGGGCCGTTGTCA-1,13839,19289
1,1,1,CACATATTAGCAGGAT-1,15728,15504
2,2,7,CACATGATTCAGCAAC-1,14425,13232
1,1,1,CACATTCTTTCGATGG-1,18201,8187
1,1,1,CACATTTCTTGTCAGA-1,20806,14752
2,5,5,CACCACGCCACACAGA-1,6301,13729
2,5,2,CACCAGTCAGCATGCA-1,8328,18779
2,2,2,CACCATCGGAGGAGAC-1,13996,6417
2,2,2,CACCCACACGTCACCC-1,11383,7929
1,1,1,CACCCACGAGGCAATT-1,17620,8692
2,2,5,CACCCGGTTTGTGACT-1,10795,17014
2,5,7,CACCCTAACAAGATCT-1,16742,17777
2,2,2,CACCCTTGGTGAGACC-1,7460,16254
2,3,2,CACCGATACACCGAGC-1,17332,6167
3,4,6,CACCGCCAGAAGGTTT-1,13702,10455
3,4,6,CACCGCCGACCAGCGA-1,14867,5913
2,5,7,CACCGTATCCCATCCG-1,20224,16771
2,2,6,CACCGTTAGGGATCAC-1,10505,17014
2,2,2,CACCGTTGCGCGATAT-1,9346,15499
2,2,2,CACCTAATAGAGTCGT-1,8773,7926
2,2,2,CACCTAATCAGTTTAC-1,15589,8690
1,1,1,CACCTCGATGGTGGAC-1,15300,8185
1,1,1,CACCTTGCGAAACTCG-1,17329,9701
3,4,4,CACCTTGGCGCCTTTG-1,20081,14499
2,2,2,CACGAAAGTTAGTCCC-1,9349,11965
2,2,6,CACGCACAGCGCAGCT-1,15588,9699
2,3,2,CACGCAGCGAGGCTTT-1,11380,11462
2,2,2,CACGCGGAACTGTTGC-1,19356,14246
2,2,2,CACGGGATTGAGGGTT-1,6739,11458
2,2,2,CACGTCGGCAACCTCT-1,10506,16005
3,4,4,CACGTTCGTGCTCTAG-1,16891,12982
2,2,2,CACGTTTCGTACACAC-1,18337,17526
2,3,7,CACTAAAGTTGCCTAT-1,12540,12473
2,3,7,CACTCAAGAGCTATGG-1,13409,13483
1,1,1,CACTCAGCTCTTGAGG-1,15446,6418
2,5,5,CACTCCTATGTAAGAT-1,10359,17771
2,3,7,CACTCCTCTCGGTCGG-1,17766,7430
2,2,2,CACTCGAGCTGAACAA-1,15873,15757
1,1,3,CACTCGGTTAGGAGGA-1,7028,12468
2,5,5,CACTCTTCTGCTAGCC-1,19787,18537
2,5,7,CACTGACGATTGTGGA-1,12533,20045
3,4,4,CACTGTCCAAGTGAGA-1,11383,8434
2,3,3,CACTTAATCAGACGGA-1,12105,12220
1,1,1,CACTTCGCCACAGGCT-1,9642,8937
2,2,2,CAGACACCGATCGCTG-1,12536,17016
2,5,7,CAGACCTGTAAGTGTT-1,19503,11470
3,4,4,CAGACGAACCTGATAC-1,12391,16259
2,2,2,CAGAGACGGTCACCCA-1,13406,16512
3,4,4,CAGAGCATGAGCTTGC-1,15298,10204
2,3,2,CAGAGGCGATGCATGA-1,12100,17268
2,2,2,CAGAGTGATTTAACGT-1,15157,5913
2,5,2,CAGATACTAACATAGT-1,11817,10201
2,2,2,CAGATCATTTAAAGTC-1,20811,9199
2,2,2,CAGATCCTGGTTTGAA-1,7603,17516
3,4,6,CAGCAGCCCGTTCCTT-1,16458,10710
2,3,3,CAGCAGTCCAGACTAT-1,19644,16265
1,1,3,CAGCAGTCTGTGCTGC-1,15870,19291
1,1,1,CAGCCGGGCCCTCTAT-1,17477,6420
1,1,1,CAGCCTCCTGCAGAGG-1,16314,9448
3,4,4,CAGCCTCTCCTCAAGA-1,18927,7431
2,5,5,CAGCGATTCCCTTCAA-1,11375,17015
2,3,2,CAGCTCACTGAGACAT-1,13701,11969
2,3,3,CAGCTCGACAAGTTAA-1,18199,10711
1,1,1,CAGCTCGTGCTTGTGT-1,11239,7171
2,5,5,CAGCTGGCGTAACCGT-1,8330,15750
2,2,6,CAGCTTAGTAGGTAGC-1,9204,11713
2,3,7,CAGGAAGACTTTATAT-1,17477,6925
2,3,2,CAGGATATATCGTTGT-1,13843,14746
2,5,2,CAGGCAGTCTTACCAG-1,17465,20049
1,1,1,CAGGCCGTTTGGGTGT-1,11378,13481
2,2,2,CAGGCGCACGGTGGTC-1,9199,17770
2,2,2,CAGGCGCCATGCTAGG-1,15728,16009
2,5,5,CAGTAACTATTTATTG-1,19796,8441
3,4,6,CAGTAATCCCTCCCAG-1,8772,8936
2,5,5,CAGTACATTCTCTAAA-1,19941,8694
2,2,2,CAGTACCAGTTTACGT-1,7750,15750
3,4,6,CAGTAGCCCACGCGGT-1,18344,9954
3,4,6,CAGTCGAGGATGCAAT-1,19505,9955
1,1,1,CAGTCTGTATACTGGG-1,14714,14242
1,1,1,CAGTGAATAAATGACT-1,17184,9953
3,4,6,CAGTGTCCGCAGAATG-1,10514,7423
3,4,4,CAGTGTCGGCTGGCCC-1,18483,16769
1,1,1,CAGTTCAAATTGACAC-1,12541,10959
2,2,2,CAGTTCCGCGGGTCGA-1,8916,10198
2,2,2,CATAACGGACAGTCGT-1,18777,12731
2,3,7,CATAAGAAGCTTGGCT-1,15581,18281
2,5,5,CATAAGCTCTCCGTCT-1,7171,14235
2,2,2,CATACAAAGCCGAACC-1,10224,6918
2,5,7,CATACACGGTTCCCAC-1,13114,19036
1,1,1,CATACCCGTACCCAGT-1,9638,12975
1,1,3,CATACGAACTAGCTGG-1,9632,20042
2,3,2,CATACGGCGTCTGGGC-1,14280,13484
3,4,4,CATACTATGTAATTGT-1,12104,12725
1,1,1,CATACTTAGGCAATAC-1,21533,12986
2,2,2,CATACTTCTTTCTCCG-1,12677,20802
2,2,2,CATAGCCGCCCGGGAT-1,8335,10198
2,5,5,CATAGCGTTGCCCACC-1,11230,17267
2,3,3,CATAGTACATTGAGAG-1,16316,7428
3,4,6,CATAGTAGCATAGTAG-1,11673,8434
2,2,2,CATAGTCCACAAGAAC-1,9636,14994
2,5,5,CATATACTACTGATAA-1,19941,8189
2,3,2,CATATAGGTACAGTCA-1,13118,14493
2,5,5,CATATGTCAGGCTACG-1,8620,15750
2,2,2,CATATTATTTGCCCTA-1,16607,5914
2,3,3,CATCATCTACCCGGAC-1,15156,6418
3,4,4,CATCATTACCCTGAGG-1,18773,16769
3,4,4,CATCCTCTCAAAGATC-1,18483,17274
1,1,1,CATCGGACGGGTTAAT-1,13554,14241
2,5,5,CATCTATCCCGTGTCT-1,19651,8189
2,3,3,CATCTTACACCACCTC-1,19502,12984
1,1,3,CATGAACCGACATTTG-1,11385,6414
2,3,3,CATGACTTCGCTGAAT-1,20517,13742
2,2,2,CATGAGATGCACTCTC-1,16596,18534
2,2,2,CATGATGCACAATTCT-1,15154,8942
2,2,2,CATGATGGAAGTTAGC-1,20080,15004
2,5,5,CATGCCAACTCGCAAA-1,8186,14488
2,2,2,CATGCGACCAGTTTAA-1,19359,10208
1,1,1,CATGCGTTAGACAGAA-1,14285,7427
2,2,2,CATGCTGGCTCCAATT-1,13851,6669
2,5,7,CATGGATTGTCTTCCG-1,19788,17527
2,3,2,CATGGCAGGAAGATCG-1,13414,7931
2,5,2,CATGGGTATGCCTTAT-1,17032,17777
1,1,1,CATGGGTCGGGTGTGG-1,17475,8944
1,1,1,CATGGTAAGTAGCGTT-1,15729,15000
2,2,2,CATGGTCTAGATACCG-1,14718,10203
3,4,6,CATGTAAGAGACATTT-1,18193,17273
2,2,2,CATGTCTCATTTATGG-1,17468,16011
1,1,1,CATTACGTCGGCCCGT-1,14574,8436
2,2,2,CATTATGCTTGTTGTG-1,12687,10201
2,5,6,CATTGCGAAATGGGCG-1,6882,12720
1,1,1,CATTTAGCGGACCATG-1,17474,9953
3,4,4,CATTTCTAGCAGACTA-1,8918,7674
2,2,2,CATTTGAGTGGTACGT-1,12101,16258
2,5,5,CCAAACAGAACCCTCG-1,12108,9191
2,2,2,CCAACCTTATGTAACT-1,11082,20548
2,3,3,CCAACGATGCACTGAT-1,10510,11461
2,2,2,CCAAGAAAGTGGGCGA-1,12681,16764
1,1,1,CCAAGACTTCTGCGAA-1,14139,8688
2,2,2,CCAAGCGTAACTCGTA-1,15441,11971
2,5,7,CCAAGGAACAGAGAGG-1,12109,7172
1,1,1,CCAATAGTGCCGTCGA-1,11235,12219
2,3,7,CCAATCGGTAGATCGA-1,17331,7177
1,1,1,CCAATGTCACAGCAAG-1,12249,12977
1,1,1,CCAATTACGGGTCGAG-1,18636,8440
2,2,2,CCAATTGAATGTTAAT-1,11818,8686
1,1,1,CCACAATGTACGTCTT-1,17473,10963
1,1,3,CCACACTGAGATATTA-1,12249,13482
2,2,2,CCACAGTACCCATCCT-1,18484,15759
2,2,6,CCACCAACTTTACTGT-1,10940,16762
2,2,2,CCACCCAAGGAAAGTG-1,16021,12981
2,5,5,CCACGGAGCCATAAGA-1,9056,15498
1,1,1,CCACGGTGCCCGGTAG-1,20663,12480
2,2,5,CCACTGGTGGCTGGTT-1,8187,13479
2,2,6,CCAGAAAGCAACTCAT-1,10360,16762
2,2,2,CCAGATAGTTGAGTGA-1,17328,10710
2,3,7,CCAGCCTGGACCAATA-1,14570,12980
2,3,7,CCAGCTCGAACGCATT-1,14564,19542
2,2,5,CCAGCTGATGGTACTT-1,8188,12974
2,2,2,CCAGCTTCCGCCCGCA-1,7609,10954
2,3,2,CCAGGGACGTGGCCTC-1,12832,10454
2,3,3,CCAGTAGTCTGATCCA-1,18344,10459
2,5,5,CCAGTCAAATCTCTTA-1,6301,14234
1,1,1,CCAGTCTAGACGGCGC-1,17619,9701
1,1,1,CCATAAACAACCCGAC-1,16171,7176
2,5,7,CCATACCTTTACTTGT-1,19939,11218
2,3,2,CCATAGGTTGGCGTGG-1,14139,8184
2,5,7,CCATATGGAAACTATA-1,20079,17023
2,2,2,CCATCCATACCAAGTC-1,10659,7171
2,2,2,CCATCGCAGTTAAACT-1,14132,16260
2,3,3,CCATCTCACCAGTGAA-1,19357,13236
2,5,3,CCATGCCCTAGATTTC-1,19353,17779
2,3,7,CCATGCCTGTTTAGTA-1,12830,12473
2,3,3,CCATGCTCTGCAGGAA-1,11383,8938
3,4,6,CCATGGCCCTTGTACC-1,8334,11712
2,3,3,CCATTAGCGATAATCC-1,11235,11715
1,1,1,CCATTCCCTGCCCACA-1,10800,11967
2,2,6,CCATTTCTACCTATTA-1,15436,17523
1,1,1,CCCAAACATGCTGCTC-1,17907,12225
2,3,7,CCCAACATACGTCGCG-1,10217,14490
2,2,2,CCCAACCACACTAACA-1,14722,5660
2,5,7,CCCAATGAGATTTGCA-1,10939,18781
2,3,3,CCCAATTTCACAACTT-1,9928,13480
2,5,2,CCCAGAGGAGGGCGTA-1,20376,8946
2,2,2,CCCAGTAAACTTGGGA-1,6879,16758
2,2,2,CCCAGTTAAGGCGCCG-1,17035,14244
2,5,5,CCCGAAGTTTCGCGAA-1,6735,14992
2,2,2,CCCGACCATAGTCCGC-1,15879,8690
2,2,2,CCCGAGTTTCTCCGTA-1,20805,15761
1,1,1,CCCGCAGCGCGAACTA-1,14857,16008
1,1,1,CCCGCAGGGCCCAAAG-1,16607,6419
2,2,2,CCCGCCATGCTCCCGT-1,11093,8433
2,2,2,CCCGCGCAATGCACCC-1,8482,8431
3,4,6,CCCGGTGTATCGGAAT-1,7604,17012
2,2,2,CCCGTAAGTCTAGGCC-1,9202,13732
2,5,5,CCCGTCAGCGTCTGAC-1,12543,9444
2,5,7,CCCGTTTCGCAGATGT-1,20514,16771
2,5,2,CCCTATGTAGAGCAGA-1,8618,18779
2,3,3,CCCTCATTCTGGAATT-1,11529,7676
2,3,3,CCCTCCTCGCTCGTAT-1,20514,16266
1,1,3,CCCTGAAATGAGTTGA-1,10800,11462
2,5,5,CCCTGACTAACAAATT-1,6882,13225
2,5,5,CCCTGCCCAATCCGCT-1,7897,13983
2,5,5,CCCTGCGCTACGCATA-1,8624,12217
3,4,6,CCCTTTGACAGGTCTT-1,13262,16259
2,2,2,CCGAAAGTGGTGAGCA-1,9063,7927
3,4,6,CCGAACCTTCCCGGCC-1,15438,16009
2,2,2,CCGAAGTATATTGTTC-1,8336,9188
2,5,2,CCGACAAAGGGAGTGC-1,8189,11964
2,2,6,CCGACGGGCATGAGGT-1,8909,17265
1,1,1,CCGAGAAGTCGCATAA-1,21386,15257
2,3,3,CCGATCTCAACCTTAT-1,19792,12984
2,2,2,CCGATTCGAGGGACCC-1,8042,13226
2,2,2,CCGCACAAAGACCAAC-1,16166,12729
2,2,2,CCGCACGTGACCTCGG-1,8915,10703
2,2,2,CCGCATGTGGTACGAT-1,14711,17775
2,2,6,CCGCCGGTCAACACAC-1,13125,6921
2,2,2,CCGCCTGCGAATTGGT-1,19217,7431
2,5,5,CCGCGATTTGGTAGGT-1,6447,13477
3,4,4,CCGCGGAATGCGTCAC-1,11666,16510
2,2,2,CCGCGGGTACGAAGAA-1,8914,11712
3,4,4,CCGCGTAGGTAAGGGC-1,8334,11207
1,1,3,CCGCTATCAGCACCAG-1,14278,14998
3,4,4,CCGCTTACCTCACTCT-1,10216,15500
2,2,2,CCGGAATGGTTTCAGT-1,9786,9694
2,5,7,CCGGAGCGTACTTTCT-1,13260,18279
2,2,2,CCGGCACGACCGTTTC-1,21243,12481
2,2,2,CCGGCGCATATTGGAT-1,13270,7173
2,5,2,CCGGCGTGAGACTCTG-1,6735,15496
2,2,2,CCGGGCGGTCTCGTCA-1,16167,11719
3,4,6,CCGGGCTGCTCCATAC-1,17616,12730
1,1,3,CCGGGTTCGAGGTTAC-1,9783,13228
1,1,1,CCGGTAATGGCTAGTC-1,21678,13238
3,4,6,CCGTAAGTTGGTCCCA-1,16312,11972
2,2,2,CCGTACCCAAGCGCCA-1,10079,6666
2,5,5,CCGTAGGAAATCCCTG-1,19062,18789
2,2,2,CCGTATCTCGTCGTAG-1,9054,17013
2,5,7,CCGTGCCCATGACGGC-1,12110,6667
3,4,6,CCGTGGAACGATCCAA-1,20520,9704
2,2,2,CCGTGTTAAATTCCAT-1,10361,15752
1,1,1,CCGTTACGTTAGAACA-1,17910,8692
2,5,5,CCGTTCCGAATCTCGG-1,8332,13731
2,3,7,CCTAAAGGCTGACGCT-1,17041,7177
1,1,1,CCTAAATTAACGGTTC-1,15004,14242
3,4,6,CCTAACCCAAACAAGT-1,18049,16011
2,2,2,CCTAACTAAGGCTCTA-1,18635,8945
2,2,2,CCTACATTCACAGACG-1,9925,16509
2,2,2,CCTACGGCTCAGTCGA-1,9788,7675
2,5,2,CCTACTGCTTACACTT-1,12252,10453
2,2,2,CCTAGGCGTAGCGATC-1,17907,12730
3,4,4,CCTAGGTAAAGGTAGC-1,6734,16506
2,3,3,CCTAGTTAGTCGCATG-1,15591,6671
2,5,7,CCTATATTTGTCCTGG-1,12679,19288
2,3,3,CCTATGAAGTGGTGCC-1,21243,12986
2,5,2,CCTATGGCTCCTAGTG-1,8617,19284
2,2,2,CCTATGGGTTACCGTC-1,15152,10961
2,2,2,CCTATGGTCAAAGCTG-1,14998,20804
2,5,5,CCTATGTCCACTCCAC-1,18481,19293
2,3,3,CCTCACCAATCTTGAC-1,10223,7928
2,5,2,CCTCACCTGAGGGAGC-1,19939,10713
2,2,2,CCTCACCTTAGCATCG-1,19214,10460
2,5,2,CCTCCCGACAATCCCT-1,14286,5912
1,1,1,CCTCCGACAATTCAAG-1,9929,11966
2,5,5,CCTCCTGAGCCCACAT-1,6302,13224
2,5,5,CCTCCTGTTGTGTCGT-1,19061,19293
1,1,1,CCTCGAAGTGGACGGG-1,15445,7428
1,1,1,CCTCGCCAGCAAATTA-1,15880,8185
2,2,2,CCTCGCGCGATATAGG-1,18925,8945
2,2,2,CCTCGGACCGGGATAG-1,17470,13992
2,2,2,CCTCGGATGCTACCTG-1,6593,11710
3,4,6,CCTCTAATCTGCCAAG-1,15734,9447
2,2,2,CCTCTATCGATTAGCA-1,8910,16760
2,3,3,CCTCTCTCCCATCTAG-1,10364,12219
1,1,1,CCTCTGGCCTAGACGG-1,16026,7428
3,4,6,CCTCTGTACTATTCTA-1,13986,17017
2,2,2,CCTGAACGATATATTC-1,17471,12982
3,4,6,CCTGAATATTTACATA-1,15444,9447
3,4,6,CCTGACCACCGATGGT-1,13988,14998
2,5,5,CCTGCCCGTTGTCTAG-1,6448,12467
2,2,2,CCTGCGTTCTACGCTT-1,7174,11711
2,5,2,CCTGCTATTTGAGAAG-1,12397,10201
1,1,1,CCTGGAAACGTTCTGC-1,21532,13491
2,2,2,CCTGGCTAGACCCGCC-1,11381,10957
2,3,3,CCTGTAAGACATGATA-1,11089,12976
2,2,5,CCTGTACTCACGCCCA-1,8622,13731
2,2,2,CCTGTCACCCGGGCTC-1,14862,10961
2,2,2,CCTGTCCCTCACGTTA-1,21678,12734
2,3,3,CCTGTCGCCCGTAAAT-1,14135,12727
2,5,6,CCTGTTTGAAGACACG-1,18772,18284
2,5,2,CCTTCGTATAGAATCC-1,13983,21056
3,4,4,CCTTCTTGATCCAGTG-1,15735,8437
2,5,7,CCTTTAAGGGAGCACT-1,12390,18278
3,4,4,CCTTTCAATGAAGAAA-1,18924,9955
2,2,2,CGAAACATAGATGGCA-1,16317,6419
1,1,3,CGAAACGCAATTCATG-1,9927,13985
3,4,6,CGAACAGTATGGGCGT-1,19064,16265
2,2,2,CGAACCCGCATGCGTC-1,12247,16006
1,1,1,CGAACGCCCAGTGCCG-1,15301,7175
2,5,2,CGAACGGCCGGACAAC-1,7315,15497
2,5,2,CGAAGCTATAAATTCA-1,20376,8442
1,1,1,CGAAGTTGCTCTGTGT-1,10219,11966
2,5,7,CGAATGACGCATAATG-1,13404,19541
3,4,4,CGACAATTTGATCTAA-1,18920,14498
2,2,2,CGACACGCTCCGACAG-1,18775,15255
1,1,1,CGACAGTTCGCGTTAT-1,11234,12724
2,5,2,CGACATGCGATCTTCT-1,14432,5660
3,4,6,CGACCCTTAACGCCGG-1,6880,15749
2,2,2,CGACGCATCCGTACCT-1,6589,16253
1,1,1,CGACTCAGGATGTTAT-1,18055,9449
2,2,2,CGACTTTGTATAGCCT-1,20953,11976
2,3,2,CGAGACCCTAGAGTGT-1,13989,14493
2,2,2,CGAGAGATGTGAACCT-1,15732,10961
2,5,5,CGAGAGCTTTCACTAC-1,17900,19797
2,5,7,CGAGAGGGTAGCCGCG-1,20223,17780
3,4,4,CGAGCACTTCAAGTTT-1,8771,9441
2,5,7,CGAGCGTTGATCAGCC-1,11820,6667
1,1,1,CGAGCTGGGCTTTAGG-1,14865,7932
2,2,2,CGAGGCTAAATATGGC-1,15442,10961
2,2,2,CGAGGGACTGCGGTCG-1,16456,13234
2,3,7,CGAGGGTATCCAGGTG-1,13839,19793
1,1,1,CGAGTACTAAAGAGGA-1,10217,14995
2,5,2,CGAGTGAAGGTACCAG-1,9344,17518
2,2,2,CGAGTGCTATAGTTCG-1,10660,6161
3,4,6,CGAGTTCTGTCCCACC-1,17473,10458
3,4,6,CGAGTTTATCGGACTG-1,18632,12983
1,1,1,CGATACCTCGCGGACA-1,12104,13734
1,1,1,CGATCCGACCCAGTGC-1,12394,13230
2,2,2,CGATCCTCGCAACATA-1,10937,20296
2,5,5,CGATCTGTTGGAGGAC-1,8621,15246
2,2,2,CGATGGACCCTACGCC-1,19070,9198
2,2,2,CGATTAAATATCTCCT-1,14131,17775
2,3,7,CGATTCGCCTGGCTGC-1,15726,18028
2,2,2,CGCAAACACGAGTTAC-1,10511,10452
3,4,6,CGCAATTACTTTCGGT-1,9932,9442
2,5,2,CGCAATTAGGGTAATA-1,11526,10705
3,4,6,CGCAATTCTACAATAA-1,9206,10198
3,4,6,CGCACATGTCCACTAC-1,17761,13487
1,1,1,CGCACGTGCGCTATCA-1,19501,13489
2,2,2,CGCAGAAACATTTGCG-1,13561,5659
2,3,3,CGCAGGCGATCCAAAC-1,19934,16770
2,2,2,CGCATGGTGCGATGCT-1,14714,13737
3,4,6,CGCATTAGCTAATAGG-1,13412,10455
2,5,5,CGCCAAGAAGCCGAGT-1,7607,13478
3,4,6,CGCCACAGGTCGCGAT-1,6444,16001
1,1,1,CGCCATCCGATTATGA-1,16749,9700
2,5,5,CGCCCAGCGTTTCACG-1,18045,20050
2,5,7,CGCCCGCTTCCGTACA-1,16750,8186
2,2,6,CGCCGCCCATGCCTGT-1,17181,13487
1,1,3,CGCCTCCCTCCTCTAT-1,15729,14495
2,2,2,CGCCTGGCCTACGTAA-1,9057,13984
2,2,2,CGCGACCGCGACAGAT-1,16886,18534
3,4,4,CGCGAGTCTGCCGGGT-1,8039,16760
2,2,6,CGCGCAAATGTCCAGA-1,8619,17770
2,2,2,CGCGCATGTTTGATTG-1,12972,16259
2,2,2,CGCGCCCGACTTAATA-1,16024,8943
2,2,2,CGCGGCTCAACTTGAA-1,19210,14498
3,4,6,CGCGGGAATTAGGCAG-1,16748,10710
2,2,2,CGCGTTCATGAAATAC-1,12542,10454
1,1,1,CGCTACGGGACATTTA-1,12104,13230
1,1,1,CGCTAGAGACCGCTGC-1,19792,13489
2,2,2,CGCTATACCGCCCACT-1,10369,7171
1,1,1,CGCTATTCAATGTATG-1,9642,8432
2,3,3,CGCTATTCTTAGGCTC-1,13845,13231
2,2,2,CGCTCGACATAATGAT-1,11673,8939
1,1,1,CGCTCTCCGTAGATTA-1,10510,11966
3,4,4,CGCTGGTGACTACCCT-1,19354,15760
2,5,2,CGCTGTGACGCCGCAC-1,11962,9948
2,5,7,CGCTGTGTGGATGTTG-1,11374,18529
2,2,2,CGCTTAGTATTGATAC-1,12678,20297
2,2,2,CGCTTATTCCCGGTCG-1,9492,14237
3,4,4,CGCTTCCACTGAAATC-1,11238,8181
2,5,7,CGCTTTCATACCGGTG-1,12400,7172
1,1,1,CGCTTTCTTGCATTCG-1,17473,11468
3,4,4,CGGAACGTAAACATAG-1,11667,15501
2,2,2,CGGAGCAATTTAATCG-1,13841,17270
2,2,2,CGGAGCATGGCGATCC-1,14860,13485
2,3,2,CGGAGCTTATAACACC-1,17622,6168
2,2,2,CGGAGTTTGAGAGACA-1,10075,11209
3,4,4,CGGATCCTCAAGGACT-1,16741,18787
3,4,4,CGGCAAACATCGTGCG-1,14712,16766
2,5,7,CGGCAGGGTCGGGTTG-1,18778,11721
2,3,3,CGGCCACGCACAAAGT-1,13700,12474
2,2,2,CGGCCAGAGCGACCAT-1,12242,20549
2,2,4,CGGCCCAACCTGTAGT-1,21390,10714
3,4,6,CGGCCCAGGTATATCC-1,20371,14499
2,5,5,CGGCGCCATCAATCCC-1,18627,18536
1,1,1,CGGCTCTAAAGCTGCA-1,21095,15257
2,2,2,CGGCTTTGTATGATAA-1,13271,5659
3,4,6,CGGGAATATAGTATAC-1,20370,15509
1,1,1,CGGGAATTTATGTAAA-1,14568,14999
3,4,6,CGGGAGCTTCAGTGTA-1,18339,16012
2,2,2,CGGGATCAATGTAAGA-1,13703,9445
1,1,1,CGGGCAGCTAAACCGC-1,13266,11716
2,3,7,CGGGCCTTCTTTGTAA-1,13119,13988
2,2,2,CGGGCGATGGATCACG-1,16013,21057
1,1,1,CGGGTGTACCCATTTA-1,17617,11720
3,4,4,CGGTACTAGAATCAAA-1,17180,14496
3,4,4,CGGTAGAGGTGCAGGT-1,18490,9197
2,3,2,CGGTCAAGTGGGAACC-1,16748,10205
2,5,7,CGGTCCGTCGCAAGCC-1,12533,19540
2,5,7,CGGTCTATCAACCCGT-1,17040,8186
2,5,5,CGGTGAAGACTAAAGT-1,8478,12469
2,3,7,CGGTGCAGATAGAACG-1,10362,14238
2,2,2,CGGTGCGCGTTGGTCC-1,10796,16005
2,2,2,CGGTGGGCTCCAGCCT-1,19507,7431
2,2,2,CGGTGTACTTGATCCC-1,9643,7927
2,5,7,CGGTTATCCAACAGTG-1,19358,11217
3,4,4,CGGTTCAAGTAGGTGT-1,19360,9703
2,2,5,CGGTTGACCTGGCATA-1,8768,13479
2,2,2,CGTAACTTCGACACTT-1,12387,20802
2,2,2,CGTACCTGATAGGCCT-1,15009,9194
1,1,1,CGTAGCGAATTGTCAG-1,15446,6923
2,3,3,CGTATTAAGAGATCTA-1,12976,11716
2,2,2,CGTCAAGGCTATAAAT-1,7174,11206
1,1,1,CGTCACGTCCATTGGT-1,12537,15502
2,2,2,CGTCGCATGTGAGCCA-1,16304,20048
2,2,2,CGTCGCTTGGTTATAC-1,8762,19537
2,3,3,CGTCGGATAGTGTTGA-1,19067,12226
3,4,6,CGTCGGGTCTAAGCGC-1,8329,17265
2,5,7,CGTCGTCCTTCGCGAA-1,16161,17776
2,3,3,CGTCTGGAAGGGCCCG-1,14140,7679
2,2,7,CGTGAAGTTAATTCAC-1,13264,13736
2,5,7,CGTGACATTGGGTCGT-1,17186,7429
2,5,7,CGTGACCAGTCCTCTG-1,13114,19540
2,3,3,CGTGCAGACTGGGACA-1,15875,13738
1,1,1,CGTGCATTGTCGACGC-1,9638,13480
1,1,1,CGTGCCCTCCCGAAGA-1,16309,14495
2,2,2,CGTGCTTCTACCTAAA-1,9197,19285
3,4,4,CGTGGCCGAATATCTA-1,19790,15508
2,3,3,CGTGGTACCCAAAGGC-1,11227,20296
2,2,2,CGTGTCCCATTCGCGA-1,10946,10705
2,5,5,CGTGTCTCGTTACGAC-1,10068,18781
2,3,3,CGTTAAACTAGTTAGG-1,21240,16014
2,2,2,CGTTAATGTCCCGACG-1,17756,18535
2,3,3,CGTTAGCTCACAACTG-1,18202,7178
2,3,3,CGTTCAGACCCGCGAA-1,13984,20046
2,2,2,CGTTCATGGTGCGCGT-1,8040,15750
2,5,7,CGTTGAATACCGCGCT-1,16306,18029
1,1,1,CGTTGAGCGACCGTCG-1,15874,14747
3,4,4,CGTTGTAAGATTGATT-1,20810,10209
2,3,3,CGTTGTCGGCAATTGA-1,14709,19794
1,1,1,CGTTGTTTCAATTCCC-1,10944,12219
2,3,3,CGTTTAAGCGGAGCAC-1,13705,6921
1,1,1,CGTTTCACTTCGGGCG-1,18491,8188
2,3,7,CGTTTCGCTCATTACA-1,12250,12473
2,5,5,CGTTTGTGTAGAGGGT-1,11085,17519
2,3,7,CTAAAGAATGCCTACT-1,10364,12723
2,3,2,CTAAAGGGAAATAGGA-1,14133,14746
2,2,2,CTAAATCCGGTGTACA-1,10213,19033
3,4,6,CTAAATCCTATTCCGG-1,17329,10206
2,3,7,CTAACCGCGCGCCCGT-1,10218,12976
2,5,7,CTAACGAAACTTGCTG-1,18778,11217
2,5,2,CTAACTGATAATCGCC-1,19932,18285
2,2,2,CTAACTGGTCCGGTTC-1,10361,16257
1,1,1,CTAAGGGAATGATTGG-1,15584,14747
2,2,2,CTAATTCGCACGCGCT-1,10075,10704
2,2,2,CTAATTCTCAGATATT-1,20375,10461
3,4,4,CTAATTTCAACAACAC-1,9062,8936
2,5,3,CTACACTCGCAGATGG-1,19787,18032
2,5,7,CTACCCTAAGGTCATA-1,18343,11469
2,2,5,CTACGACTAGCTATAA-1,8623,13227
1,1,3,CTACGCACGGAGTACC-1,13410,12474
1,1,3,CTACGCCATTTCCGAT-1,16752,6672
2,2,6,CTACTATCATAGGTTT-1,8764,17013
2,5,7,CTACTATCTTTCAGAG-1,18633,10964
2,5,7,CTACTCAAGGTATAGT-1,11229,18782
2,2,2,CTACTCTAGGCCCGGC-1,8769,11460
3,4,4,CTACTGCCACCTGACC-1,14282,10455
1,1,1,CTAGATGTGAGTGTAA-1,20083,11975
2,2,2,CTAGATTTACGACGGC-1,15874,14243
2,3,2,CTAGCATAGTATAATG-1,14716,12222
3,4,4,CTAGCCGATGTTATGA-1,19795,9451
3,4,6,CTAGGCGCCCTATCAG-1,18338,16516
2,3,7,CTAGGTCTGAAGGAAT-1,20227,12732
2,3,3,CTAGGTTCGGACGTGA-1,15291,18280
2,2,2,CTAGTAGAAAGGGATT-1,16885,19544
2,3,7,CTAGTATTCGGAATTA-1,16751,7176
2,2,2,CTAGTCACGTCTTAAG-1,15150,12980
1,1,3,CTAGTGAAGGACAGGA-1,10654,12219
2,2,6,CTAGTTACAACCCGGT-1,14857,17018
3,4,6,CTAGTTGGGCCCGGTA-1,15008,10204
2,2,2,CTATAAGAGCCAATCG-1,19649,10208
3,4,6,CTATCGACGAAATACA-1,18628,17021
2,3,2,CTATCGGGTCTCAACA-1,15151,12475
2,5,7,CTATGCCCGAATGCAA-1,13694,19541
2,5,7,CTATGGGAAGCGGAAT-1,20223,17275
1,1,1,CTATGTCACTAGCCCA-1,14717,11213
3,4,6,CTATGTCTATTGAAAC-1,13125,6416
3,4,6,CTATTCATGTGTCCCA-1,14132,16765
3,4,4,CTATTTGGTTACGGAT-1,17036,12729
2,3,3,CTCAAACCACTGCCCG-1,10938,19791
2,5,2,CTCAACTAACCCGGAT-1,17465,19544
2,3,7,CTCACATTTACTAAAT-1,15000,19290
1,1,1,CTCACTGTGATACTTA-1,16015,19543
3,4,4,CTCACTTGGCTGGTAA-1,8912,13732
2,3,3,CTCAGGACTCACCTGT-1,9498,7675
3,4,6,CTCAGTCACGACAAAT-1,19070,9702
2,3,2,CTCATGGCTCACAATC-1,14285,6922
2,2,2,CTCATGGTAATTTGCG-1,8910,16256
2,2,2,CTCATTGCTCTAACAA-1,16451,18786
2,2,2,CTCATTTGATGGGCGG-1,14138,9193
3,4,4,CTCCCTCCTTTCGATC-1,8475,16508
2,3,3,CTCCGGCCTAATATGC-1,13704,8436
2,2,2,CTCGAGGTCGAACAGT-1,13702,10960
3,4,6,CTCGATATTTGCGAGC-1,19505,9450
2,2,2,CTCGCACCTATATAGT-1,15008,9699
2,2,5,CTCGGGTTCTCTGGCC-1,9053,19032
1,1,1,CTCGGTACCACTGCTC-1,16890,13991
2,2,2,CTCGGTCCGTAGCCTG-1,12399,8182
3,4,6,CTCGGTTGTCGGCCCT-1,8909,17770
2,2,2,CTCGTTTCTAATGTTT-1,20231,9199
3,4,6,CTCTAATGCATTGATC-1,21100,9704
2,5,5,CTCTACACTGGCGATT-1,7606,14488
1,1,1,CTCTATTTGGCTGCAG-1,15003,15756
2,2,2,CTCTCACAATCGATGA-1,15297,11718
2,2,2,CTCTCTAACTGCCTAG-1,8183,18022
1,1,1,CTCTGGACGCCTGGTG-1,14136,11717
2,2,2,CTCTGTTTGAGGATTC-1,15591,7175
2,2,2,CTCTTCTATTGACTGG-1,19645,15256
2,5,7,CTCTTCTGGAAGTTAG-1,10938,19286
2,2,2,CTCTTGTCCCGCTTGG-1,13551,17269
1,1,1,CTGAAAGAGATCCGAC-1,15154,8437
1,1,1,CTGAATCCGAGACCTC-1,12827,15502
2,2,2,CTGAATTTATTGCCAG-1,20521,9199
2,5,7,CTGACTGCGCAGCTCG-1,19793,11470
2,2,2,CTGAGCAAGTAACAAG-1,8773,7422
2,5,7,CTGATAGTGTATCTCA-1,7464,11711
2,2,2,CTGCACAACTACATAT-1,16163,16262
2,5,7,CTGCACCTGGAACCGC-1,12254,7425
2,2,2,CTGCACTCCAGTACAG-1,15292,17271
1,1,1,CTGCCAAGGTTGGAAG-1,16314,8943
2,2,2,CTGCCATGCATCACAT-1,14134,13736
2,2,6,CTGCCTTTAATACCTT-1,9197,19789
2,5,5,CTGCCTTTCTAGTAAA-1,18626,19545
2,2,2,CTGCGGGTGAAATGTT-1,8479,11460
2,3,3,CTGCGTTACGATATAA-1,18201,7683
2,2,2,CTGCTGAGGCCACGAA-1,10216,16004
2,5,7,CTGCTTGGCGATAGCT-1,16017,17019
1,1,1,CTGGAAATGGATGCTT-1,12831,10959
3,4,4,CTGGAAGACACGGTGG-1,17903,16264
2,2,2,CTGGACGCAGTCCGGC-1,7024,16506
3,4,6,CTGGATTTACACTTGA-1,13117,16007
2,5,5,CTGGCATCCGAATGAG-1,8911,15751
2,5,7,CTGGCGACATAAGTCC-1,16896,7934
2,2,2,CTGGCGCACAGGTCTG-1,18051,12983
3,4,6,CTGGCGGGAATAAGTA-1,8337,8683
3,4,4,CTGGCTGATTCATCCT-1,19065,14750
2,2,2,CTGGCTGGTTGTCAGT-1,13261,17269
2,2,2,CTGGGATAAATAATGG-1,17326,13234
2,2,2,CTGGGCCTGCTATATC-1,9492,14742
2,2,2,CTGGGTAGGCAGTTAA-1,16599,14496
2,2,2,CTGGTAACACATAGAA-1,17905,14244
2,5,7,CTGGTAACGAGCTCTT-1,19214,10965
2,2,2,CTGGTTTCGAGCAAGA-1,17904,15254
2,2,2,CTGTAGTGAGGATCGA-1,11372,21053
1,1,1,CTGTATGGTGTAGAAA-1,9787,8685
1,1,3,CTGTCAAATGGCTCGG-1,17184,9448
1,1,3,CTGTGCAGGGTAGGTC-1,15294,14242
2,2,2,CTGTGGTCGGGAGATA-1,18047,17526
2,2,2,CTGTTACCCAATCTAG-1,13552,15755
2,2,2,CTGTTCACTGCCTGTG-1,13268,9192
1,1,1,CTGTTCATCTCACGGG-1,10077,9190
2,2,2,CTTAACTTCGAAGTAC-1,14286,6417
1,1,1,CTTACACGGTATTCCA-1,11670,11463
2,5,7,CTTACACTGGGAAATA-1,12109,7677
1,1,1,CTTAGCCTTCCACATG-1,16459,9195
2,5,7,CTTAGTAGGCCTACAG-1,19938,11722
2,2,6,CTTAGTGTAGTAGCAT-1,17176,19039
2,5,5,CTTATGCGCTCAGGGC-1,6736,14487
2,2,2,CTTCAACTCCACTTGG-1,16306,18534
3,4,6,CTTCAGTGGTCGCCTA-1,7749,17264
1,1,1,CTTCATAGCTCAAGAA-1,10513,8433
2,3,7,CTTCATTGTCAGTGGA-1,13845,12726
2,5,7,CTTCGGCCAATTGTTT-1,21095,16267
2,3,2,CTTCGTAGATAGGTGA-1,11669,13482
2,2,5,CTTCTATGTTGAAGTA-1,9201,15246
3,4,4,CTTCTATTAATGCTAG-1,11956,16511
2,2,2,CTTCTGGGCGTACCTA-1,10067,20295
1,1,1,CTTCTTACGTCGTATA-1,13850,7174
2,2,2,CTTGACCCGAAAGATA-1,13416,5911
3,4,4,CTTGAGTTAGGGTAAT-1,18631,13488
2,2,5,CTTGCAACCGCCTCCT-1,8767,14489
1,1,1,CTTGCCCAGGCTCTAC-1,13118,14997
2,5,7,CTTGGCCAAGCTGGGA-1,13404,19036
2,5,5,CTTGTACTTGTTGACT-1,12543,8939
2,2,2,CTTGTCAACATTCGAG-1,14712,16261
2,2,2,CTTGTGAGTCTTTGAC-1,10080,6161
3,4,6,CTTGTGCTCACCGATT-1,18780,9197
3,4,6,CTTGTTGCTGAGTCAA-1,16746,13234
2,2,2,CTTGTTTATGTAGCCA-1,9207,8179
2,2,2,CTTTAACTTTCAAAGG-1,14863,9446
2,2,2,CTTTAATATTGGTCGA-1,15727,16514
2,3,3,CTTTACCGAATAGTAG-1,17323,16263
2,2,2,CTTTAGGAACACTGTT-1,17760,13992
3,4,6,CTTTAGTGCTATTATT-1,14423,14746
3,4,4,CTTTCTGTGCGGGCTT-1,14711,17270
2,5,5,CTTTGCATCGCTCTTG-1,18771,18788
2,5,7,CTTTGGCGCTTTATAC-1,7754,11711
1,1,1,CTTTGGCTTTAGTAAA-1,10945,11714
2,5,7,CTTTGGGATTGTTGCA-1,11518,19287
3,4,6,GAAACAGATGACCACC-1,18486,13740
1,1,1,GAAACAGCCATGCAGT-1,13995,6922
2,5,2,GAAACATAGGAAACAG-1,8037,18779
2,2,2,GAAACCATGGTGCGCT-1,20955,10461
2,3,2,GAAACCGAATTACCTT-1,12538,14997
3,4,6,GAAACTCGTGCGATGC-1,8625,10703
3,4,4,GAAACTCTAATGAAGG-1,15736,6923
2,3,7,GAAAGAACAGCGTTAT-1,20082,12984
2,5,2,GAAAGCCCTTTGGACC-1,8188,12469
3,4,4,GAAAGTGACTAACTGC-1,9641,9946
2,2,2,GAAATACTAAACGTTT-1,8337,8178
2,5,5,GAAATATCACCATCAG-1,8479,11964
1,1,1,GAAATCGCGCGCAACT-1,15010,8184
2,3,3,GAAATGGCGGTGTTAG-1,12686,11211
2,5,2,GAAATTAGCACGGATA-1,19071,8188
2,5,7,GAAATTCACATCGCTG-1,12255,6920
2,3,7,GAAATTGTCTCTATAA-1,12828,14492
2,5,5,GAACACACATCAACCA-1,12398,9192
2,5,7,GAACAGATTACTAAAT-1,15436,18028
2,5,5,GAACCTCGACCTACAC-1,6446,13982
2,3,2,GAACCTTTAACGATCC-1,16595,19544
2,3,3,GAACGACCGAATGATA-1,14284,8436
1,1,3,GAACGTCTCATGGTCG-1,17763,11468
2,3,3,GAACGTTAGGAAGACG-1,7318,11963
2,2,2,GAACTGTGGAGAGACA-1,14708,20804
2,5,2,GAAGAAACGATATTGT-1,9343,18527
2,2,2,GAAGAACGGTGCAGGT-1,10949,7171
1,1,1,GAAGCCACTGATTATG-1,15144,20047
2,5,7,GAAGCCTGCACATTCC-1,13984,19036
1,1,1,GAAGCGTGAGGAATTT-1,13846,12222
3,4,6,GAAGCTCGGACCCGTC-1,8184,17517
2,2,2,GAAGCTTGCTGACCGC-1,10220,10956
1,1,3,GAAGGAGTCGAGTGCG-1,13838,20298
3,4,6,GAAGTCAGTTGCACTA-1,13551,16765
3,4,6,GAAGTCTCCCTAGCGA-1,18342,12983
1,1,1,GAAGTGATTTATCGTG-1,11959,13482
1,1,1,GAAGTGCTGGATAGCT-1,13995,7426
3,4,4,GAAGTTTCCACTCAAT-1,11814,12725
2,2,2,GAATAGACGCGACCCA-1,18485,14245
2,5,5,GAATAGTGCTCGATTA-1,10358,18781
2,3,7,GAATATTCGGAGTCCC-1,17187,6924
2,2,2,GAATCGACATGGTCAC-1,11236,10200
2,2,2,GAATCGCCGGACACGG-1,11095,6414
1,1,1,GAATCTGAACATTCTC-1,14424,14241
2,3,3,GAATGCGAATCGGTTC-1,15144,19542
1,1,1,GAATGTATGGCAGGTC-1,18347,7430
3,4,6,GAATGTGGTCCGGATT-1,16890,14496
3,4,4,GAATGTTGGGTAATCT-1,15154,9447
2,2,2,GAATTATAGTGAAAGG-1,15006,12223
1,1,1,GAATTCACCCGGGTGT-1,13117,15502
2,2,2,GAATTTCTCGCTGCAG-1,9495,10703
2,2,2,GACAAACATATGCAGG-1,19645,14751
2,3,3,GACAACGACCATTGAA-1,16313,9952
1,1,1,GACAACGCAGCTTACG-1,12978,8687
3,4,6,GACACAAGGGAAGAAA-1,15587,11214
2,2,6,GACACGAGTTAGAGGA-1,8772,8431
1,1,1,GACACTGAGTTCAGTG-1,11812,14744
3,4,6,GACAGCCAGACCTGAC-1,17615,14244
2,2,5,GACAGGCACACACTAT-1,8333,13226
1,1,1,GACATCCGTCGAACTG-1,15434,20047
2,2,6,GACATCGATTTATAAC-1,12391,16763
1,1,1,GACCAGAGCCCTGTAG-1,11961,11463
3,4,4,GACCCAATTATGATAC-1,8039,17264
2,5,2,GACCCGTCGCCGGCTA-1,13706,5912
1,1,1,GACCGACGTGAAAGCA-1,21387,13238
2,5,5,GACCGACTGAAGCGTC-1,8333,12217
2,3,7,GACCGTCAGGTCGTGA-1,16896,6924
2,3,7,GACCGTGCTGACGGTG-1,12684,13735
2,5,5,GACCGTTACATGCGAC-1,6012,13224
1,1,3,GACCTTCCACGTCTAC-1,15869,20300
2,2,2,GACGACGATCCGCGTT-1,15292,16766
1,3,3,GACGAGGCTAATAAAC-1,19643,17780
2,2,2,GACGCCGTAAAGGCTA-1,12971,17269
2,5,7,GACGGTCAATAGAAGC-1,19649,11217
2,2,2,GACGTGTAGGGATTAT-1,9785,10704
2,5,5,GACTAAGATCATGCAC-1,12833,9444
3,4,6,GACTAAGTAGGCTCAC-1,11381,10453
2,2,2,GACTACAAAGCGGTGG-1,8185,16002
3,4,6,GACTAGGCCGTTAGGT-1,16449,20301
1,1,1,GACTCACCCACGTGAG-1,20517,13237
3,4,4,GACTCCCAGAATAAGG-1,21245,10462
2,5,7,GACTCGCGGGAATGAC-1,19069,10712
2,2,7,GACTGCAAATCGAGCT-1,16016,18533
3,4,6,GACTGCACCAGCCCAG-1,16744,15253
3,4,4,GACTGCGGCACGTGTA-1,7320,10449
3,4,4,GACTGCTGGTGAGAAA-1,10792,20548
2,3,3,GAGACTGATGGGTAGA-1,13267,10707
2,2,2,GAGACTTCGCGACCGA-1,13406,17017
2,3,7,GAGAGGGCGCGAGGTT-1,10944,13229
3,4,6,GAGAGGTGCATTCTGG-1,9202,14741
2,3,2,GAGATCTGCTTGGCAT-1,11525,12220
3,4,4,GAGATCTGTCACTCCG-1,15877,11214
2,2,2,GAGATCTTCCATGACA-1,16309,15000
2,2,2,GAGATGGGAGTCGACA-1,15582,16766
2,2,2,GAGCATCAACAACTTG-1,9487,19790
2,2,2,GAGCATCATCCCTGGG-1,10949,6666
3,4,6,GAGCCACGGTAGTAGG-1,11966,5910
2,2,2,GAGCCAGCTACCTGTG-1,18048,17021
1,1,1,GAGCGAGGGAGTACCG-1,13560,7174
2,5,7,GAGCGCAAATACTCCG-1,20659,16519
2,2,2,GAGCGCGCACGAGTAG-1,18629,16012
2,5,2,GAGCGCTGTTAGGTAA-1,8472,19031
2,2,2,GAGCGGAATGCGGTGT-1,12097,20801
2,3,2,GAGCTAAGGGCATATC-1,17183,10963
2,2,6,GAGCTCTCGGACCTAA-1,9933,7423
3,4,4,GAGGAATGGAGAGGTT-1,9641,10451
1,1,1,GAGGATAAACAGTGCT-1,21677,13743
3,4,6,GAGGCCCGACTCCGCA-1,8474,17517
2,2,2,GAGGCTATCAAAGTCG-1,9059,12470
2,3,3,GAGGGAGTCAGATCGC-1,11082,20043
2,2,2,GAGGGCATCGCGTATC-1,9934,6413
2,3,2,GAGGGCGCAGCTCTGC-1,18054,10459
2,2,2,GAGGGTAGTAACAAAG-1,9632,19537
2,2,2,GAGGTACATCCATCTT-1,15011,6670
2,3,2,GAGGTACGCGTGTCCC-1,14853,20552
2,2,2,GAGGTCCCAAAGATCT-1,8917,8179
3,4,6,GAGTAAGGCCACGGGA-1,7170,15749
1,1,1,GAGTACGGGTATACAA-1,11384,7424
2,5,7,GAGTAGATACTAGTTG-1,14419,19289
2,2,2,GAGTATGCCCGCCTTG-1,11376,16005
2,3,3,GAGTATGCGCGTGCAT-1,15435,19543
2,3,2,GAGTCCGCTTACCGGA-1,13553,15250
2,5,2,GAGTGTCAACCAGAAA-1,17175,19544
3,4,6,GAGTGTGCGGTACCCA-1,17905,14749
2,2,2,GAGTTGATGGCAATTT-1,7894,16507
2,3,3,GATAAATCGGTGGATG-1,11094,7424
3,4,4,GATAACTCGCACTGTG-1,18051,13487
2,3,3,GATACGATGGGAGTCA-1,11667,14996
1,1,1,GATAGGTAACGTTGAC-1,13842,15755
3,4,4,GATAGTGCGAGTAAGT-1,11517,20801
3,4,6,GATATCTCATGCAATA-1,13560,6669
3,4,4,GATATGAGACACTAAC-1,16891,13486
1,1,1,GATATGCGGTAGCCAA-1,18346,8440
2,2,2,GATATGGATTACGCGG-1,7755,10702
2,3,2,GATATTTCCTACATGG-1,18056,7935
2,3,3,GATCAACATAAAGGGA-1,10358,19286
1,1,1,GATCATTCCAAACATT-1,13266,11212
2,2,2,GATCCCTTTATACTGC-1,13847,10707
1,1,3,GATCCGGGAATTAACA-1,15730,13485
2,2,2,GATCCTAAATCGGGAC-1,18924,10460
3,4,4,GATCCTCGACACTGGC-1,9780,16256
2,5,2,GATCGACACTATCTGA-1,11961,10453
2,3,7,GATCGCGGGCTCTCCA-1,12685,12725
2,2,2,GATCGCTACCCGATTT-1,19354,16265
2,5,5,GATCGCTATATCTCAG-1,8762,19032
2,5,5,GATCGGATAGAACCAT-1,7026,13982
2,2,2,GATCGGTGGCCATAAC-1,15007,10708
2,2,2,GATCGTGACTGATATC-1,15585,13233
2,5,7,GATCTGCTATCTAAGG-1,13259,19288
2,3,3,GATCTTGGAGGGCATA-1,15294,14747
2,3,7,GATCTTTGCAGGGTAT-1,10654,12724
2,5,5,GATGACAAGTAGGGCA-1,9924,18023
3,4,4,GATGAGGAACCTTCGG-1,16884,20553
2,3,7,GATGCGTCCTGCATTC-1,13410,12978
2,2,2,GATGCTACAAGCGCCT-1,12544,7930
2,3,3,GATGCTGTATTTCATC-1,16019,14495
2,2,2,GATGGCGCACACATTA-1,9352,8432
2,2,2,GATGGTGCCCTAGGCA-1,16462,6167
3,4,4,GATGTAACGAACCACC-1,8185,16507
3,4,4,GATGTCGGTCAACTGC-1,15737,5914
1,1,1,GATGTTCAATCCACGA-1,11378,13986
1,1,1,GATGTTTGTGCGAGAT-1,9497,8684
2,2,2,GATTAACCGAAAGCCC-1,18628,17526
2,2,2,GATTCCCTTGTCGCAG-1,14863,9951
2,2,2,GATTCCTATACGGCGC-1,8481,9945
2,2,2,GATTCGACGGTTCACG-1,15440,13990
2,2,2,GATTGCTCCAGTTGCA-1,9052,19537
3,4,6,GATTGGGAAAGGTTGT-1,16739,20301
3,4,4,GCAAACCCTACATTAT-1,17034,15758
1,3,3,GCAAACCTTGGCCATA-1,14856,18028
1,1,1,GCAAATATTACGCTTT-1,11089,12472
2,5,5,GCAACACACTAGAACT-1,7460,15245
2,3,3,GCAACAGCAGTATGCG-1,20515,15256
2,3,3,GCAACCACCAGACCGG-1,18492,7178
2,2,2,GCAACCACGGCCGCGT-1,9347,14489
1,1,1,GCAACGGCTAGTTATG-1,21531,14500
2,3,3,GCAAGAATTCCTTGGC-1,10362,14742
3,4,6,GCAAGTGCACAGAGAA-1,11237,9695
2,2,2,GCAAGTGTAAAGCATG-1,11662,20549
2,3,2,GCACAAACGAGGCGTG-1,21676,15257
2,2,2,GCACAAGTGTCGGAAG-1,14431,6165
2,2,2,GCACACACTGGTAGCC-1,18772,17779
2,3,3,GCACACGCCCATGGTC-1,6593,12215
2,5,5,GCACGCCTACTTAGAT-1,10795,17519
1,1,1,GCACTGCCTACCTTTA-1,14999,20299
1,1,1,GCAGACCCAGCACGTA-1,20082,13489
2,3,7,GCAGATTAGGGATATC-1,13990,12979
1,1,1,GCAGCACACAGCCCAG-1,11234,13229
2,2,2,GCAGCCTATATCACAT-1,21533,12481
2,2,2,GCAGGAACTTAGATCT-1,7314,17011
2,3,2,GCAGGACTATAGAATA-1,10509,12471
2,3,3,GCAGGTAGAGTATGGT-1,18781,8188
3,4,4,GCAGTGTGGCTATAGG-1,17176,18535
2,5,5,GCATACGAGGTCTTTA-1,7172,13225
2,3,7,GCATAGAGCACTCAGG-1,13700,12979
2,3,3,GCATCCCTAACTTTGA-1,11239,7676
2,2,2,GCATCGGCCGTGTAGG-1,20079,16013
2,5,7,GCATGAGGGACGCGGC-1,18198,11216
2,2,6,GCATTCAAGGCAACGC-1,20809,10714
3,4,6,GCATTCGAAATGAACA-1,7174,10701
2,5,5,GCATTGTAATTCATAT-1,8187,13983
2,2,2,GCATTTCCAAGGCTCC-1,21243,11976
3,4,4,GCCAACCATTTCCGGA-1,20520,10209
2,5,5,GCCAAGAATACTTCTG-1,6590,15244
2,2,2,GCCAATAGGGCATCTC-1,20085,9956
1,1,1,GCCACAATTTAAGGAC-1,10797,14995
2,5,5,GCCACTCAGAGCGCGA-1,18917,18536
1,1,1,GCCAGGAGTAACCGAT-1,18055,8944
1,1,1,GCCATATTGCACACAG-1,18200,9197
2,2,2,GCCATCGAGCTGCGTG-1,11955,17015
2,2,2,GCCATCGATGCTGCAT-1,21099,11723
2,2,2,GCCATTAGCCTCAAAC-1,7023,17516
2,2,2,GCCCACCAAGGCTGTC-1,10659,6666
1,1,1,GCCCAGTTGGTATGCC-1,10657,9190
2,2,2,GCCCGACTTCTTCCCG-1,8765,16003
3,4,6,GCCCGATCTGTGGTCG-1,14276,17018
2,2,2,GCCCGCGCGTAAACGG-1,11086,16005
1,1,1,GCCCGCGCGTTTGACA-1,10948,8686
2,2,2,GCCCGTAATACCTTCT-1,16603,10457
2,2,2,GCCCTAGCCGTCGCGA-1,7459,17264
2,2,2,GCCCTGAGGATGGGCT-1,15869,20805
2,2,2,GCCGAAATTCCTACGT-1,11669,12472
2,2,2,GCCGACCCACGACTGC-1,9488,19285
3,4,4,GCCGATTGGCCAAGCT-1,13989,13989
1,1,3,GCCGCATTAGTCCGGC-1,7608,12468
2,3,3,GCCGCTTGTGAGAAAC-1,10944,12724
1,1,3,GCCGGGTTAGGGTCGC-1,13699,13988
1,1,1,GCCTAGCGATCTGACC-1,11238,8686
2,5,7,GCCTATAGTGTCAGGG-1,18343,10964
2,2,2,GCCTATTCCGATATAG-1,9496,9694
2,2,2,GCCTATTTGCTACACA-1,12401,5658
2,2,2,GCCTCATCTGGAAATA-1,18921,13993
2,5,5,GCCTCCGACAATTCAC-1,19352,18789
2,5,7,GCCTCTATACATAGCA-1,16017,17524
3,4,4,GCGAAACTTAACTGGA-1,17034,14748
2,2,2,GCGAAGAATCTGACGG-1,17320,20301
1,1,1,GCGAAGCCATACCCGT-1,13991,11465
2,5,5,GCGACCCAACCATCTG-1,9923,18528
2,2,2,GCGACGATAGTTGTAC-1,12972,15754
2,2,2,GCGAGAGTTGCGTCCA-1,20663,11975
2,2,2,GCGAGCGCATGCTCCC-1,20952,12985
3,4,6,GCGAGGCCCGAGCAGA-1,11959,12977
2,3,3,GCGAGTTCTGCAAAGA-1,14280,12474
3,4,4,GCGATTCTGGAAGCAG-1,15882,6166
2,2,2,GCGATTGTTAACGTTA-1,16311,12981
2,2,6,GCGCAAATATATTCAA-1,9198,18275
1,1,1,GCGCAAGAGCGCGCTG-1,19646,13741
2,5,7,GCGCATCCAGTCAGCA-1,18924,10964
1,1,1,GCGCCGTTCCACGATA-1,14569,13989
1,1,1,GCGCCTCCCACTCCGA-1,21095,15762
2,2,2,GCGCGGTCTAGTAACT-1,13838,20803
1,3,3,GCGCTAATTGAATAGA-1,15296,12223
2,3,3,GCGCTATGCCGAGGCA-1,11958,14492
2,3,7,GCGCTGATCCAGACTC-1,17766,7935
2,5,7,GCGCTGCTTTGCATTT-1,18779,10712
2,2,2,GCGCTTAAATAATTGG-1,18047,18031
3,4,6,GCGGACCGCGTTGTGG-1,11376,16510
2,5,5,GCGGAGAAACTTCGCA-1,9924,17518
2,2,2,GCGGAGAGGGAGAACG-1,16454,15253
3,4,6,GCGGCAAAGTATTGCC-1,9053,18527
2,3,7,GCGGCTCTGACGTACC-1,10653,13228
2,2,2,GCGGGAACCAGGCCCT-1,12109,8182
2,5,7,GCGGTCCCTAGACGCA-1,11674,6919
2,2,2,GCGGTGAACTGCGCTC-1,18781,8693
1,1,3,GCGGTTCCCTATCATG-1,12247,15501
2,5,7,GCGTAAATGGCCATAA-1,19938,12227
2,3,3,GCGTCGAAATGTCGGT-1,14575,7932
2,2,2,GCGTCGCCAGGGTGAT-1,14131,17270
2,3,3,GCGTGGTACTGGGTTA-1,18922,12479
3,4,6,GCGTTATATTTGGAAC-1,7029,11458
2,5,5,GCGTTCGGAGACCGGG-1,20086,8441
2,2,6,GCTAAACCTGAGGTGA-1,8481,9441
2,2,2,GCTAACTGAAGTCTGA-1,17902,18283
3,4,6,GCTAAGTAAAGGCGAT-1,7030,10449
3,4,4,GCTAAGTAGTTTCTCT-1,16747,12224
2,5,2,GCTAATACCGAATGCC-1,11963,8939
2,5,5,GCTACAGTACGGACCG-1,7172,13730
1,1,3,GCTACGACTTATTGGG-1,15149,14494
3,4,6,GCTACTATAGTAGAGT-1,18774,16264
2,2,2,GCTAGACCGTCTACTG-1,20226,14247
2,5,2,GCTAGAGTAGAGATGT-1,19062,17779
2,2,2,GCTAGCTTGAATAGCT-1,11521,16763
2,5,2,GCTAGGCACCACGGAG-1,17322,17273
2,2,2,GCTAGTAGAGCTTGTA-1,14570,13484
3,4,6,GCTAGTTTCATTGAGG-1,10513,7928
2,2,2,GCTATACGTCTCGGAC-1,17903,16768
3,4,6,GCTATCGCGGCGCAAC-1,8627,8683
2,5,5,GCTCAATCCGTTTATT-1,10215,17014
2,5,7,GCTCAATGTAATACCG-1,13549,19288
3,4,6,GCTCATTACTGCATGT-1,18637,6926
3,4,4,GCTCCATGCAAAGCAA-1,13112,21055
1,1,1,GCTCCCAGTCGGTCCA-1,20951,14500
1,1,1,GCTCCGCTCGCTTCAG-1,21386,14248
2,5,5,GCTCCTGACATACTGG-1,9779,17771
1,1,1,GCTCGGAATTTAAAGC-1,17330,9196
3,4,6,GCTCTAAACCCTGACG-1,13558,9697
2,2,2,GCTCTATGTTACGTGC-1,10946,10200
3,4,4,GCTCTCGGGTACCGAA-1,13557,10202
2,5,7,GCTCTTTCCGCTAGTG-1,12968,19793
2,2,2,GCTGAATCTTCCAATC-1,8473,18527
1,3,3,GCTGAGGCGTGAGTAT-1,14424,13737
2,3,3,GCTGCACGGTTTCTTA-1,15730,13990
2,3,3,GCTGCTACTGCGTAGC-1,16017,16514
1,1,1,GCTGCTCTCCGGACAC-1,14281,11465
2,2,2,GCTGGCATATTCACCT-1,9640,11461
3,4,4,GCTGGCGGCGCATGCT-1,14421,17270
1,1,1,GCTGTATTACTGGCCC-1,10652,15248
2,2,2,GCTGTTGCTACCGAAC-1,18921,13488
2,2,2,GCTTAATGTAACTAAC-1,17325,14244
2,2,2,GCTTACGTAGTTAGTA-1,21388,12733
1,1,1,GCTTATGAAGCAGGAA-1,18052,12478
3,4,6,GCTTCCGTCCCTAGAC-1,16313,10962
1,1,1,GCTTGATGATAATCAG-1,10367,9190
2,5,7,GCTTGGATCGATTAGG-1,19213,11469
2,3,7,GCTTTCAGAGGAGGTG-1,18923,11974
2,5,2,GGAAACCTTGTTGAAT-1,20521,8694
1,1,1,GGAAAGTGCCCATGCC-1,18200,8692
2,2,2,GGAACCGTGTAAATTG-1,11956,16006
3,4,6,GGAACCTTGACTCTGC-1,8183,18526
1,1,1,GGAAGCTCGCTTACAG-1,17187,6420
2,3,3,GGAATGCGCTAGCGTG-1,17037,11720
1,1,1,GGACACAAGTTTACAC-1,21240,15509
2,2,2,GGACCAACAGGATAAC-1,14857,16513
2,5,2,GGACCTCTAGGCCGCC-1,9488,18275
3,4,4,GGACTCGACAGCGCAT-1,11807,20801
2,2,2,GGACTCGTGAGTGGTC-1,10648,19791
2,3,2,GGAGAAGTCATTGGCA-1,11092,9443
1,3,3,GGAGACGACACCTTTG-1,14859,14494
2,5,7,GGAGCAACATTTCAAG-1,20078,18032
3,4,4,GGAGCACCAAGAACTA-1,17039,10205
1,3,3,GGAGCGAGGCCTACTT-1,15143,20552
3,4,4,GGAGGGCTTGGTTGGC-1,16457,11719
2,3,3,GGAGTGCCGCCCTGGA-1,12834,8435
2,2,2,GGATACTCATGAATTG-1,11675,5910
2,5,2,GGATCATCCCGTACGC-1,19797,7936
3,4,4,GGATCCGGAATATACT-1,17037,12225
3,4,4,GGATCTTACTGCCCTT-1,10212,20043
2,2,2,GGATCTTGACTCAACC-1,7604,16507
3,4,6,GGATGAAGATCGCTGA-1,18776,14245
2,2,2,GGATGACGCGAGTTTA-1,11669,12977
2,2,5,GGATGCTGGCGTTCCT-1,7897,13478
1,1,1,GGATGTCCTTACCGCA-1,18342,12478
1,1,1,GGATTCAGTACGGTGG-1,9932,8432
2,3,7,GGATTCCGCTATACCC-1,16895,8439
2,2,6,GGATTGCTGTGACTCC-1,17321,18787
1,1,1,GGATTTCACTTCTATA-1,17182,11468
2,5,5,GGCAAAGGCGCCAATA-1,10070,17266
2,3,7,GGCAAATTACTTTACT-1,12829,13988
1,1,3,GGCAAGCCCATAGTGG-1,13983,20551
1,1,1,GGCAAGGCGAAATAGC-1,15149,14999
3,4,4,GGCAATAGTCAATGAG-1,15297,11213
1,1,1,GGCACTCCACTGGGCA-1,11815,12220
2,5,7,GGCAGCAAACCTATGC-1,20079,16518
1,1,1,GGCATACAGGTAGCGG-1,9784,12218
2,5,7,GGCATATCGGTTCTGC-1,17186,7934
2,2,5,GGCCCTCACCCACTTA-1,8478,12974
3,4,4,GGCCGAGACTCTGGTG-1,9778,19285
2,2,6,GGCCGGCGTCTGCTAT-1,16594,20048
2,5,7,GGCCGTTTGGGTTTCA-1,11664,18530
2,5,5,GGCCTTTGCAACTGGC-1,6302,12720
3,4,4,GGCGAAATCTAACTTG-1,17760,14497
3,4,6,GGCGCAGGACATCTTC-1,9058,12975
2,3,7,GGCGCATGAATTGATG-1,12973,14240
3,4,6,GGCGCGGAGATCTTTC-1,17611,18283
2,3,2,GGCGCGTTCGAGTTTA-1,13698,15503
2,3,3,GGCGCTTCATTCCCTG-1,15434,20552
1,1,1,GGCGGAGTAATATTAG-1,11815,11715
2,3,2,GGCGGTAGGATCATTG-1,15152,11466
2,2,2,GGCGTAGGGAAAGCTG-1,17030,19796
2,2,2,GGCGTCCTATCCGCTG-1,9930,11461
2,5,5,GGCTAAAGGGCGGGTC-1,19506,8441
1,1,1,GGCTATTAAGTTGTAT-1,11090,11967
2,5,5,GGCTCCTCCACCTGTT-1,10213,18528
2,5,7,GGCTCGCGTTGAGGTA-1,18633,11469
1,1,1,GGCTCGTGCCACCAGC-1,10658,8685
3,4,4,GGCTCTGCTCCAACGC-1,15588,10204
2,2,2,GGCTGAAATAGCAAAG-1,16598,16010
2,3,7,GGGAACGGGAGGTTAG-1,10508,13481
2,3,3,GGGAACGGTTTCAGAT-1,9777,19790
1,1,3,GGGAAGACGGTCTGTC-1,16160,19796
2,5,5,GGGAAGGGCTTTCTCA-1,17755,19545
2,2,2,GGGACAGAGTTACTCC-1,7893,18021
2,3,2,GGGACTGCATAGATAG-1,13846,11717
1,1,1,GGGAGAACTCACAGTA-1,14426,11717
1,1,1,GGGAGGATGCCCGAAA-1,12539,12978
3,4,4,GGGAGTAATGGCTGGC-1,11240,6162
3,4,6,GGGAGTTAATGAGGCG-1,16022,11971
3,4,4,GGGATGGTCGTAACCG-1,11377,15501
2,2,2,GGGATTTACCGCACCT-1,18195,14245
2,2,6,GGGCAACCGCACGTGC-1,7894,17517
2,3,7,GGGCCCGTCTTAAACA-1,12683,14240
2,2,5,GGGCCCTACGAAAGGG-1,7462,13225
2,2,2,GGGCCGGCCGAAGTAC-1,17326,12730
2,5,5,GGGCCTAAATGGGCTA-1,6445,14991
2,2,2,GGGCGATATGTGTGAA-1,13557,10707
2,2,2,GGGCGGCAAATGAATT-1,11666,16006
2,3,7,GGGCGGGTTCCCTACG-1,10507,14490
2,2,2,GGGCGGTCCTATTGTC-1,9208,7170
2,5,2,GGGCGTACATTTATAT-1,12977,9697
3,4,4,GGGCGTCACCACGTAA-1,12392,15754
2,5,7,GGGCGTCCACTGGCTC-1,17331,7682
2,2,2,GGGCGTGGTTTCCCAG-1,16886,19039
3,4,6,GGGCTCATCGAACCCA-1,18054,9954
2,3,3,GGGCTGCCTAGGGCGA-1,15151,11970
2,3,7,GGGTACTTCATGAACT-1,10799,12976
3,4,4,GGGTATGTATGCACTT-1,9205,10703
2,2,2,GGGTATTCTAGCAAAC-1,7313,17516
2,3,3,GGGTCACCGTGACGGT-1,11960,12472
2,5,7,GGGTCAGGAGCTAGAT-1,13113,20045
3,4,4,GGGTCGTGGCAAGTGT-1,20665,9956
1,1,1,GGGTGACACCTTAACT-1,13263,15250
3,4,6,GGGTGCATATGAAAGC-1,21389,11219
1,1,1,GGGTGTTTCAGCTATG-1,15010,7680
2,3,3,GGGTTAACATTTGAGT-1,12390,17268
1,1,1,GGGTTTAGGATAGGAT-1,20661,14499
1,1,1,GGTAAATGTGCGTTAC-1,16897,6419
3,4,4,GGTAACCGGGAGGATA-1,9054,18022
2,3,7,GGTAACTATGTATCTG-1,11530,6667
2,3,7,GGTACAAACATGCTAT-1,12974,13735
3,4,6,GGTACATCTGGGACGA-1,7752,13226
2,5,2,GGTACCATTAAGACGG-1,20374,10966
2,2,2,GGTAGAAGACCGCCTG-1,15437,17019
2,2,2,GGTAGACCGTTGGGCG-1,12826,17016
2,2,2,GGTAGTGCTCGCACCA-1,15586,12223
3,4,4,GGTATAGTGACACATA-1,21678,12229
2,3,7,GGTATTGCCGAGTTTA-1,12830,11968
2,5,7,GGTCAAGACTACTTCG-1,20369,17023
1,1,1,GGTCAGTGGGTCCCAC-1,14132,15755
3,4,6,GGTCGGATAAACGGCG-1,19215,9450
1,1,1,GGTCGGCCAGGAGCTT-1,17327,11720
2,2,2,GGTCGGTAATTAGACA-1,10369,6666
2,2,2,GGTCGTAAGCTCGCAC-1,7895,16002
2,2,2,GGTCTCTGAATGGACT-1,10070,16761
3,4,4,GGTCTGAGAATCTGGA-1,16748,11215
2,3,3,GGTCTTGAGCGCTCTT-1,14564,20047
3,4,6,GGTGAAGTACAGGGAT-1,10506,15500
2,2,2,GGTGAGATGCAGATAA-1,10368,7675
3,4,4,GGTGATAAGGAGCAGT-1,16601,12981
2,2,2,GGTGCATAAATGATTA-1,11952,20549
2,5,7,GGTGCGGATAAGTGGC-1,11819,7677
2,2,2,GGTGCTGATCACAAAG-1,8190,10450
1,1,1,GGTGCTGGTACACATT-1,11813,14239
2,5,2,GGTGGACTGCTCTGGC-1,17467,17525
2,2,2,GGTGTAAATCGATTGT-1,14563,21056
2,2,2,GGTGTAGGTAAGTAAA-1,12387,21307
1,1,1,GGTTACCACCCTCGGG-1,9927,14994
3,4,6,GGTTAGCTATATGTCT-1,17759,15506
2,2,2,GGTTAGGCTTGGAGAA-1,10366,10704
2,2,2,GGTTAGTTACGGCGCC-1,8480,10450
2,5,5,GGTTCGGATTATACTA-1,6157,13477
1,1,1,GGTTCTACTCGTCTGA-1,20372,13490
1,1,1,GGTTGTGTAGCCTGGC-1,7028,11963
3,4,6,GGTTTACAATCTCAAT-1,15733,9952
2,2,2,GGTTTAGCCTTTCTTG-1,19935,15256
1,1,1,GGTTTGAGTGCTGGAA-1,11240,6667
2,2,2,GTAACTTGCGGCAGTC-1,10950,6162
3,4,6,GTAAGCGGGCAGTCAG-1,14283,9446
3,4,4,GTAAGGATTTGTCGGA-1,15011,6165
2,2,2,GTAAGTAACAGTCTGG-1,17035,13739
3,4,4,GTAAGTAGGGTATACC-1,10366,10199
2,5,7,GTAATAAAGGGCTCCC-1,20084,11470
3,4,6,GTAATCTGATTCTTCG-1,11521,16258
1,1,3,GTACACTTACCTGAAG-1,14425,12727
2,2,6,GTACAGAGGCAAGGGT-1,17181,12982
1,1,1,GTACGAGATTGCGACA-1,13413,8940
1,1,1,GTACGCTTCATTGCAC-1,15583,15252
1,1,3,GTACGTTTGCCCGTCA-1,15004,14747
2,2,2,GTACTAAGATTTGGAG-1,13122,10454
2,2,2,GTACTCCCTTATCGCT-1,9203,12722
2,2,6,GTACTCCTGGGTATGC-1,19940,10208
3,4,4,GTACTGCATGAAGCGT-1,10805,6414
2,2,2,GTACTGGAGTTAGACC-1,16892,11972
2,3,2,GTACTTGGGCACTTCT-1,9933,7927
3,4,4,GTAGACAACCGATGAA-1,13126,5406
2,2,2,GTAGACGTCGTTACAT-1,10804,6919
2,2,2,GTAGAGGGAGACAAGT-1,9635,16509
2,2,2,GTAGCCAAACATGGGA-1,15292,16261
2,2,2,GTAGCGGCTATACACT-1,15150,13485
2,2,2,GTAGCTCCGGGAGGCT-1,10502,20043
2,3,7,GTAGCTTCCTCTTGTT-1,18053,11468
2,5,7,GTAGGTGATCCGTGTA-1,16605,7933
2,2,2,GTAGTCGCGGGAATCA-1,16888,16010
1,1,1,GTAGTCTACGATATTG-1,16305,19543
2,2,3,GTAGTTCGAAGGCGAA-1,10792,20043
1,1,1,GTATAGGACTCAGTAG-1,13559,8688
2,5,2,GTATCAAACGTTAGCT-1,19208,17527
1,1,1,GTATCAGCTTGGGTTC-1,10077,8685
2,5,5,GTATCCTTTGGTAACC-1,18480,19798
2,5,2,GTATCTCAGTCTTGAC-1,8328,18274
1,1,1,GTATCTTTCATAACCA-1,14713,15251
3,4,4,GTATGAAATTTCACTC-1,8329,16760
2,2,2,GTATGTGGGTCTAGTT-1,18486,13235
2,2,2,GTATTAAGGCGTCTAA-1,8917,8684
2,2,2,GTATTCTGAGAAACGA-1,10651,15752
2,2,2,GTCAAAGAAGTGGTGT-1,7748,17769
2,2,2,GTCAAAGTTTACATAG-1,9354,6917
2,2,2,GTCAAGCGGACTCGGG-1,16310,13486
2,5,2,GTCACAAAGTTTCCAA-1,13996,5912
2,2,2,GTCACTCTCCAAATCT-1,9641,9442
2,2,2,GTCAGAATAGTCTATG-1,9785,11208
2,2,2,GTCAGTTGTGCTCGTT-1,15447,5913
3,4,6,GTCAGTTTGGTAGTCG-1,7029,10954
2,2,6,GTCATGCACCTCCGTT-1,13992,10960
2,2,6,GTCATGGACATGACTA-1,14137,10203
2,3,7,GTCATTAGAGCGAACG-1,14860,12980
2,5,2,GTCATTGCATTGACCC-1,7609,11459
2,5,7,GTCCAATATTTAGCCT-1,12823,20045
3,4,4,GTCCATTACTGCTACG-1,20516,14247
3,4,4,GTCCCAACGTAAAGTA-1,15731,11971
2,2,2,GTCCGGACCTGAAATT-1,17902,17273
1,1,1,GTCCGGCTGAATTGCG-1,12686,10706
2,2,2,GTCCGGGTTCACATTA-1,15433,21057
3,4,6,GTCCTACGAATAGTCT-1,18338,17021
2,3,2,GTCCTTCTAGTGGGTT-1,17042,6167
2,3,2,GTCGCGTAACCCGTTG-1,16020,13486
1,1,1,GTCGGATATCTCAGAC-1,10365,11714
2,3,7,GTCGGATGTAGCGCGC-1,16315,7933
1,1,3,GTCGTACCATCTCGGG-1,14133,15251
2,5,5,GTCGTACCTACGATTG-1,6447,12972
2,2,2,GTCGTATTGGCGTACA-1,18926,8440
2,2,2,GTCGTGTCTGGTCATC-1,21100,10714
2,3,3,GTCGTTATTCGCTTAT-1,16164,15252
2,5,5,GTCTACTCAATTACAA-1,7027,12973
1,1,3,GTCTATCTGAGTTTCT-1,11233,13734
3,4,6,GTCTATTGGTTCCGGT-1,18193,16264
3,4,6,GTCTGGGCGGTCGAGA-1,11522,15248
1,1,1,GTCTTAGTACAGCCGG-1,16462,6671
2,3,3,GTCTTGTAGCTATTCA-1,21386,14752
1,1,1,GTGAAACGGCGCCACC-1,17909,9701
3,4,4,GTGAAACGTGCTCCAC-1,10515,6414
2,3,3,GTGAACTCCCATTCGA-1,20229,11218
2,2,2,GTGAAGATTTCAAGTG-1,20086,8946
2,3,3,GTGACAGCTTCCCACT-1,15869,19795
2,2,2,GTGACCGCACACTACG-1,18341,13488
2,2,2,GTGACGAGGGTGACCC-1,21679,11724
2,3,3,GTGACGCAGGTTTCAT-1,16014,20048
1,1,1,GTGACTTCAGTAGTGC-1,12392,15249
2,5,5,GTGAGCGTGCTGCACT-1,8769,11965
2,2,2,GTGAGGACACTTAAGG-1,16310,13991
2,3,3,GTGAGGAGCGGTTGAG-1,17767,6925
3,4,6,GTGAGTGGTACAACGC-1,13261,16764
3,4,6,GTGATCACTAACGCCT-1,19210,15508
1,1,1,GTGATCATAGATCTGC-1,13408,14998
2,2,2,GTGATCCTTGTCATGA-1,17320,19292
3,4,4,GTGATTCGCCGCTCAA-1,10941,15753
1,1,1,GTGCAACAAATGTGGC-1,14140,7174
2,2,2,GTGCACCAGCTTCAAC-1,12968,20297
1,1,1,GTGCACGAAAGTGACT-1,15445,7932
2,3,3,GTGCCATCACACGGTG-1,10072,14237
2,2,2,GTGCCCGTTCGGATTC-1,17471,13487
3,4,4,GTGCCGCTTCAAAGGT-1,11522,14744
2,3,3,GTGCGAAATCGAACAC-1,11377,14996
1,1,1,GTGCGGGTCTCCAAAT-1,13268,8688
2,2,2,GTGCGTGTATATGAGC-1,17180,13991
2,3,7,GTGCTCAAGTACTGTC-1,12685,12221
2,5,5,GTGCTGCAGATAAGGA-1,6157,12972
2,5,7,GTGGAACCTACATGCG-1,16896,7429
2,2,2,GTGGACCAACCCGATT-1,9346,14994
2,2,2,GTGGACGCATTTGTCC-1,14421,17775
3,4,6,GTGGACGTGCTGAGAC-1,10803,7928
2,5,5,GTGGAGTCGGCGGTTG-1,10650,17267
3,4,4,GTGGCAAACAGCGGCA-1,8040,16255
2,5,5,GTGGCGGTCCCAGCGT-1,8042,13731
2,5,5,GTGGGAAGACTGAATC-1,7316,14992
2,2,2,GTGGGCTTAGACACAC-1,10801,10957
2,2,2,GTGGTGGCCAAGTGAA-1,16599,15000
2,5,2,GTGGTTACTTCTTTCG-1,20374,11470
1,1,1,GTGGTTTCCGCCTTTC-1,9782,14237
2,2,2,GTGTACCTTGGCTACG-1,16458,10205
3,4,6,GTGTCAGTGTACGTGG-1,11227,20801
2,5,7,GTGTCGTATAGCGTTC-1,16162,17272
2,3,3,GTGTGAATAACTTAGG-1,17182,11972
2,2,2,GTGTTACTATGCGTCC-1,16020,13990
2,2,2,GTTAAAGTAGGACTGG-1,17178,16011
2,3,3,GTTAACATCACTTAAA-1,15726,17524
1,1,1,GTTAACTATGTTGTCA-1,21241,14500
3,4,6,GTTAATGTCTATCTTA-1,6884,11206
2,3,7,GTTACAATTGGTGACG-1,9928,12975
1,1,1,GTTACCTACAACTTGC-1,14858,15504
2,3,7,GTTACTTTGGGCCTAG-1,12538,14492
2,2,2,GTTAGCCCATGACATC-1,16014,20553
3,4,4,GTTAGCCGTAAATCAA-1,21099,11219
2,2,2,GTTAGGCTACCCGTTT-1,7168,17264
2,5,7,GTTATAATACGGTGAA-1,20659,17023
3,4,6,GTTATATTATCTCCCT-1,13262,15755
1,1,1,GTTCACAGGAGTCTAG-1,10075,11713
2,5,7,GTTCATCGTTTGGCTG-1,20373,11975
2,2,2,GTTCCAGTCTGACCAT-1,12834,7930
2,3,7,GTTCGCCATAAGTGCC-1,12829,12978
1,1,1,GTTCGGATCGGGAACA-1,21096,14752
2,2,2,GTTCGGGCGTACCATT-1,20809,11723
3,4,4,GTTCGTCTAAAGAACT-1,18048,16516
2,3,7,GTTGAACCGGTTCCAT-1,10943,14238
2,5,7,GTTGAGTCCCGCCGGT-1,16452,16767
2,5,2,GTTGCACGGAGTTTCG-1,12107,9696
2,2,2,GTTGGATTCAGTGGCT-1,19072,7683
2,3,3,GTTGGATTGAGAACAC-1,17907,11721
2,3,7,GTTGGATTTGCGTTGG-1,12395,12725
2,2,2,GTTGGTCATGCTATCC-1,14276,17522
2,5,7,GTTGTCGTGTTAGTTG-1,11964,7424
1,1,1,GTTTACGTTCCATCTG-1,14423,15756
2,2,2,GTTTCATATCGTCGCT-1,9058,13479
2,5,2,GTTTCCTGGAGGGTGA-1,12252,9949
2,3,3,GTTTCTGCAGTCTCCC-1,15585,13738
3,4,4,GTTTGACCAAATCCTA-1,13556,11212
1,1,1,GTTTGGCCCAAGTTAT-1,16745,14243
2,3,3,GTTTGGCCGCTCAGCG-1,9789,6665
2,2,2,GTTTGGGCTTGTGAGC-1,14567,16513
2,5,5,GTTTGGGTTTCGCCCG-1,18336,19545
2,2,2,GTTTGGTAGGGTCAAC-1,13696,17017
2,2,2,GTTTGGTGATCGGTGC-1,10647,20295
2,5,5,TAAACCCAGGAGGGCA-1,10360,17266
2,2,2,TAAAGAGCCCGAAACC-1,11820,6162
2,3,3,TAAAGCGTTAGGAGAA-1,17908,10711
2,5,2,TAAAGCTGCAATAGGG-1,19216,7936
3,4,4,TAAATGAATCCGTTTC-1,9351,9441
1,1,1,TAACAAAGGGAGAAGC-1,10222,8937
2,2,6,TAACAATATTTGTTGC-1,7465,10702
2,2,2,TAACAGCGTTTGTGCT-1,10503,19538
2,2,2,TAACATACAATGTGGG-1,15295,13233
2,2,6,TAACATACACGCGATC-1,8764,17517
2,2,2,TAACCGCCCGCAGTGC-1,12256,5910
2,5,7,TAACCTACCGTCCGAG-1,19793,11975
3,4,6,TAACGCTTTGAGAGCG-1,9350,10451
2,2,2,TAACTATCGAAGGTCC-1,10076,9694
2,2,2,TAACTATTACGCCAAA-1,20664,10966
2,3,7,TAACTCATCCGCGCGG-1,12248,14492
2,2,6,TAACTCCATGGAGGCT-1,9062,8431
1,1,3,TAAGCAGGCGACACGC-1,7898,12469
2,2,2,TAAGGAACTTGTGGGA-1,10949,7676
3,4,6,TAAGGCAACATAAGAT-1,15443,9952
2,2,2,TAAGGCTGAATCCCTC-1,19210,15003
3,4,6,TAAGGGCCTGTCCGAT-1,18917,18031
2,3,3,TAAGGGCTGGGAGAGG-1,7753,12216
1,1,1,TAAGTAACATCTTGAC-1,10942,15248
2,5,5,TAAGTCGCCGAGTATC-1,9779,17266
3,4,6,TAAGTTGCGACGTAGG-1,18918,17022
1,1,1,TAATAAACAAGGAGAT-1,18346,7935
1,1,1,TAATACACAGTAGTAT-1,14429,8689
3,4,4,TAATAGAACAGAGTTA-1,10651,16257
2,5,2,TAATAGGTCACCAGAA-1,8182,19031
2,2,2,TAATAGTGACGACCAG-1,17183,10458
2,3,3,TAATATTGAAATTCGC-1,11964,7929
3,4,6,TAATCGATCCGTACGT-1,18634,9954
1,1,1,TAATTAGGACATCCGT-1,20806,14247
3,4,6,TACAAGTCTCGTGCAT-1,9059,11460
3,4,6,TACAGAAACGGTGGGC-1,17466,18535
3,4,6,TACATAGGCATACACC-1,13844,13736
2,5,5,TACATCCCTATCCCTG-1,7171,14740
2,3,7,TACATTTCTAACGTGC-1,13119,13483
2,5,2,TACCAATAAAGTACCA-1,17177,17525
2,2,2,TACCAGAAGTAGGTTC-1,12537,16006
3,4,6,TACCAGCTAGGTTTAA-1,14576,6417
2,5,7,TACCGCGGACTTGCAG-1,19213,11974
1,1,1,TACCGGCTCACTGCCC-1,14568,15503
2,3,2,TACCGGTCGTTTCCAT-1,10072,14742
2,5,7,TACCGTAGGTTAACTA-1,13405,18531
2,2,2,TACCGTGCCTCGGACC-1,15147,16514
1,1,1,TACCTCACGCTTGTAC-1,13269,7678
2,5,7,TACCTCAGTTGTCTGT-1,12389,18783
2,2,2,TACCTGCTGCACTGTG-1,8335,10702
2,2,2,TACCTTAAGATTTCCC-1,9345,16004
2,3,2,TACGAACACGACTTCA-1,12831,11464
1,1,1,TACGACGCTTGCTGCG-1,12972,15250
3,4,4,TACGACTGCCTCTTAG-1,14714,14746
2,3,3,TACGAGAACTTCACGT-1,10799,12471
2,3,7,TACGATGTTGATCATC-1,10219,12471
2,3,7,TACGCAGTTCTTTCCT-1,12538,13987
1,1,1,TACGCCATATTCTAAT-1,13554,13736
2,5,5,TACGCCGAGGGTACCC-1,10069,17771
2,2,2,TACGCCTCCATTCCGA-1,13696,17522
1,3,3,TACGCTATAGAAACCT-1,20228,12227
3,4,4,TACGGAAGCCAAACCA-1,15723,21057
1,1,1,TACGGGATGCTAGCAG-1,17185,8944
2,5,7,TACGTACTAGTGCTGA-1,11228,19286
1,1,1,TACGTGCACTATGCTG-1,9932,8937
1,1,1,TACGTTTACCGGCAAT-1,9783,13732
2,2,2,TACTCCTCTAGTTGAC-1,10357,19790
1,1,3,TACTCGGCACGCCGGG-1,7463,12721
1,1,1,TACTCTCCGAACAAAT-1,16895,8943
2,2,2,TACTGCAATCAATTAC-1,19941,9198
2,5,5,TACTGGACAGCTCGGC-1,8768,12469
2,2,2,TACTTGTTAGTAGTCC-1,17761,12982
2,5,7,TACTTTACTGAGCCGG-1,19068,11217
2,5,5,TACTTTCCGCACGCCA-1,7895,15497
2,2,2,TAGAAAGGTGGCGCTA-1,16892,11467
2,5,5,TAGAAATTCACGTATA-1,6592,12720
3,4,4,TAGAATTAAGGGCAAC-1,16172,6166
2,3,3,TAGACGAAACGCCAAT-1,15725,19543
2,3,7,TAGACGCCCGTACCGG-1,18198,11721
2,3,3,TAGACTACCTAGCGTT-1,20227,13237
2,2,5,TAGAGATCATGCAACT-1,8911,14741
2,2,2,TAGAGGTTCTACTTGT-1,19063,17274
1,1,1,TAGAGTCTAAGCGAAC-1,13121,10959
2,2,2,TAGATATGGACTGGAA-1,12827,16007
2,2,2,TAGATCCGAAGTCGCA-1,15592,6166
2,5,5,TAGATGGTTCCTTACT-1,19207,18536
2,5,2,TAGATTCCTGGTTATT-1,8044,11712
3,4,4,TAGCAACCTGTCACAA-1,8916,9189
2,2,2,TAGCCATTTCAAAGTC-1,18050,14497
1,1,1,TAGCCGGCGGTCAGCG-1,17472,11973
1,1,1,TAGCGTCCCTCGATTG-1,20951,15004
2,2,2,TAGCGTTGGGTCTTAC-1,15005,13232
3,4,6,TAGCTAAGTCCGGGAG-1,13412,10959
2,2,2,TAGCTAGAAGGCATGA-1,12536,16511
2,2,2,TAGCTCGCCTGATAAC-1,13552,16260
2,5,5,TAGCTGATGTGAAGCG-1,6591,14234
1,1,1,TAGGCATGTTACGCCA-1,17474,9449
2,2,2,TAGGGAGCTTGGGATG-1,19067,12731
3,4,6,TAGGGTGTTTCAAGAG-1,12978,9192
2,2,2,TAGGTCCAAGTAAGGA-1,8480,10955
2,5,7,TAGGTCGCCGGAACTG-1,19648,11722
3,4,6,TAGGTGACGATAACCT-1,16595,19039
2,2,2,TAGGTGAGCCCTACTC-1,9930,10956
2,2,6,TAGGTGCTCGCCTAGC-1,17616,13739
2,3,7,TAGGTTCGAGTTCGTC-1,14861,12475
2,2,2,TAGTACCTTAGTGGTC-1,8191,8935
2,5,7,TAGTAGCTTATACCAG-1,11373,19034
2,3,7,TAGTCCGCAGAGAATG-1,12829,13483
3,4,4,TAGTCGATCACGGGTT-1,19064,15760
2,3,7,TAGTCTAACAACGAGA-1,10073,13733
3,4,4,TAGTCTGTGACGTTGC-1,20085,9451
2,3,7,TAGTGCCCTCCAGAGT-1,12686,11716
1,1,3,TAGTTAAGATAGGATA-1,17042,6672
2,2,2,TAGTTTATTCTTGCTT-1,13415,6921
2,2,2,TATAAATCCACAAGCT-1,11528,8686
1,1,1,TATAAGTGAGGATAGC-1,10802,8938
3,4,4,TATACACAGACGCCTT-1,13842,16260
1,1,1,TATACACGCAAAGTAT-1,10368,8180
2,5,7,TATAGAGTCGCTTGAA-1,11808,19792
1,1,1,TATAGATGGTCGCAGT-1,19936,13742
2,2,2,TATAGGGTACTCATGA-1,8043,12721
3,4,6,TATATAGGGCTTTACG-1,9922,19538
2,5,2,TATATATCGAGAAATG-1,9198,18780
2,5,2,TATATTCGCGTCGATA-1,14142,5660
3,4,4,TATCACCCAACCGACC-1,19650,9703
2,5,2,TATCACTTCGAGTAAC-1,19506,7936
2,2,2,TATCCATATCATGCGA-1,12689,8182
2,5,7,TATCCGCACCGTCGGG-1,12824,18531
2,2,2,TATCCTATCAACTGGT-1,13693,21055
2,2,2,TATCCTGCATGGGAAT-1,12980,7173
1,1,1,TATCGATCTATGCATA-1,17910,9197
2,5,5,TATCGATGATTAAACG-1,12252,9444
2,2,2,TATCTACAGAGGTAAT-1,8624,11207
3,4,6,TATCTACCACAGCGGG-1,13844,14241
1,1,1,TATCTAGCCTAAAGGA-1,6883,12215
2,2,2,TATCTTGCAATACAAC-1,7458,17769
2,2,2,TATGAAGACAGGTGCG-1,8190,10955
2,2,5,TATGATCTTCTCTTTA-1,18192,18283
3,4,4,TATGCTCCCTACTTAC-1,13993,9950
2,2,2,TATGGATGTGCTACGC-1,12977,10202
2,2,2,TATGGCCCGGCCTCGC-1,9495,11208
2,3,3,TATGGGACCGAGCAGG-1,13265,12726
2,3,3,TATGGGTACGTATCGT-1,13556,11717
2,3,7,TATGGTCTGAGTAACA-1,13555,12726
2,3,2,TATGGTTAGTGGGAGA-1,20371,13994
2,3,3,TATGTAAAGTGCTTAA-1,11517,20296
1,1,1,TATGTCAAGACCGACT-1,18490,8692
2,3,3,TATGTCTCATTGTGCC-1,17038,11215
3,4,6,TATTATGTTTGCCTGC-1,7603,18021
3,4,4,TATTCAATTCTAATCC-1,15876,12224
2,2,2,TATTCCACTCAGCTCG-1,13407,16007
2,2,2,TATTCCTCCGCCCACT-1,9781,15752
2,3,3,TATTCGTGCCAGAATA-1,14426,12222
2,3,2,TATTTAGTCTAGATCG-1,13559,8183
2,5,7,TATTTATACCGAGTAG-1,16461,7681
2,5,2,TATTTGTTACCCTTTA-1,11817,9696
2,2,2,TCAAACAACCGCGTCG-1,13848,9698
1,1,1,TCAAACTTAGATTGTT-1,14571,11465
2,5,2,TCAACAAAGATAATTC-1,9345,17013
2,2,2,TCAACACATTGGGTAA-1,10224,6413
2,5,7,TCAACATAGCGCCCTA-1,11519,18277
2,5,2,TCAACCATGTTCGGGC-1,12542,9949
2,2,2,TCAACGCAGGAAATAA-1,9636,16004
2,2,5,TCAACGCGACCGGCAG-1,8477,13479
2,5,2,TCAACTAACGTATAAC-1,7899,11459
2,2,2,TCAAGAAATACTAGCT-1,20808,12228
3,4,4,TCAAGGTTACTACACC-1,20080,15508
2,5,7,TCAATACGCCGTCATG-1,13984,19541
3,4,6,TCACAAACCGAGGTAC-1,18916,19041
2,2,2,TCACAGCAAACTCGAA-1,12246,16511
3,4,4,TCACAGGGAATCGCAA-1,16599,15505
2,3,3,TCACAGGTTATTGGGC-1,12105,11715
2,2,2,TCACATCTTATCTGAT-1,8045,10702
2,3,2,TCACCCTCTTAAGATT-1,13698,14998
2,5,7,TCACCGCTCGGCACTC-1,18488,11216
2,2,2,TCACGATGTCCGTGGA-1,9200,16761
2,3,7,TCACGCATTGTAGATC-1,12250,11968
2,5,2,TCACGGTCATCGCACA-1,11672,9443
2,3,3,TCACGTGCCCGATTCA-1,14135,13232
2,3,2,TCACTCGTGCAACGGC-1,18637,7431
2,2,2,TCAGAACCTCCACAGG-1,20519,11218
1,1,1,TCAGACGCTATAGAAG-1,15583,15757
3,4,6,TCAGCAAATGCATCTC-1,15732,11466
2,5,7,TCAGCAGTAGGCCCTG-1,11083,19034
2,2,2,TCAGGGTGTAACGTAA-1,15588,10709
2,2,2,TCAGGTTCTTTGAGAA-1,11235,11210
2,2,2,TCAGTACTGACCCGCG-1,10076,10199
1,1,1,TCAGTAGGGACTATAA-1,12102,15249
2,5,5,TCAGTGTATACGTCAT-1,10359,18276
3,4,6,TCATACTTACAGATCC-1,8626,9188
2,3,7,TCATATGAGCTTTGTT-1,14129,19794
2,2,2,TCATCACTCGAGCTCG-1,9353,7927
2,3,3,TCATCCCAGAGGGTGG-1,15301,6670
2,2,2,TCATCGATGGTCCCAA-1,9344,18023
2,3,7,TCATGCAGGTTCTCAT-1,17330,8187
2,3,7,TCCAACTTTAAATTCT-1,10943,13733
2,2,2,TCCAAGCCTAGACACA-1,16594,20553
2,2,2,TCCACAATGGTTTACG-1,10365,11209
2,2,2,TCCACATCGTATATTG-1,14853,21056
2,5,7,TCCACCTCTAGCCTTT-1,12824,19035
3,4,4,TCCACTTTATCTAGGT-1,16602,11467
3,4,4,TCCAGAGCACCGGTTC-1,15295,13737
1,1,1,TCCAGGCGAGTACGGT-1,13411,11464
3,4,4,TCCCAAAGACGAAGGA-1,13847,10203
2,2,2,TCCCACTCTCTTCCGG-1,20664,11471
1,1,3,TCCCAGCTTTAGTCTG-1,13265,12221
1,1,1,TCCCAGGCTTAGCTAA-1,12106,11211
3,4,6,TCCCGCGTACTCCTGG-1,15153,10456
1,1,1,TCCCGGGTGTGCTGCT-1,10074,12218
2,3,3,TCCCGTCAGTCCCGCA-1,16024,9447
3,4,6,TCCCGTGTGCAATTTG-1,16744,14748
2,5,2,TCCCTGGCGTATTAAC-1,7748,18274
2,2,2,TCCCTGGCTCGCTGGA-1,9059,11965
2,3,7,TCCCTTAGATTACTCG-1,17621,8187
2,5,7,TCCGAACTTGGCTTAC-1,7899,11964
2,2,2,TCCGAATGGTCCTGAG-1,21534,11471
1,1,1,TCCGATAATTGCCATA-1,14429,8184
1,1,1,TCCGATGACTGAGCTC-1,16169,9195
2,5,2,TCCGATGGTGCGACAT-1,12832,9949
2,2,2,TCCGATTACATTGCCG-1,9784,11713
3,4,6,TCCGCGGCAGCATCTG-1,17327,12225
3,4,4,TCCGCTGTCATCCCGG-1,16889,15506
2,3,2,TCCGCTTATCCCATTA-1,14422,16260
2,5,2,TCCGGCCTAGCGTACA-1,19359,10712
2,2,2,TCCGGTTCGTCCGGTC-1,12826,16511
2,5,7,TCCGTTAAGCTAATAT-1,19644,16770
2,3,7,TCCGTTTAGCCTTGAA-1,18053,10964
2,2,2,TCCTAAATTGGGAAGC-1,15291,17776
2,5,7,TCCTAACCGTCGGGCA-1,11808,19287
3,4,4,TCCTACATCCACGGCC-1,17324,15254
2,3,3,TCCTAGCAAAGAAGCT-1,11088,13986
2,2,2,TCCTCGGGCTGGGCTT-1,16165,13738
2,2,2,TCCTCTACGAGATGGC-1,9786,10199
2,2,2,TCCTCTCCAGTTGTCC-1,8044,11207
2,3,3,TCCTGCCAACTGGAGA-1,18202,6673
1,1,1,TCCTGCGTTGATACTC-1,9493,13227
3,4,4,TCCTTACGACGGTCCG-1,18919,16012
1,1,1,TCCTTCAGTGGTCGAA-1,15155,7427
2,2,2,TCCTTGTCCTTTAATT-1,15143,21057
2,2,2,TCCTTTAAATCCGCTT-1,18482,17779
1,1,1,TCCTTTCTTACGCTTA-1,14137,11212
2,2,2,TCGAAATTTAGGACCA-1,11671,10958
3,4,6,TCGAAGAACCGAGCAC-1,19500,15003
2,5,5,TCGAATATCCCGCAGG-1,9779,18275
2,3,7,TCGAGACCAACACCGT-1,13120,12978
2,5,5,TCGAGCCAGGCAGGCC-1,10504,18024
2,2,2,TCGATAGGCTAGTCGC-1,12111,5658
2,3,3,TCGCAAAGATGCATTT-1,16018,15505
2,3,3,TCGCACCAGGAGGCAG-1,16743,16263
2,3,3,TCGCATCCCTAAGTGT-1,9643,7422
1,1,1,TCGCCGAAGTTGCGTC-1,10507,14995
2,2,2,TCGCCGACATATTCGC-1,17610,20302
2,3,2,TCGCCGGTCGATCCGT-1,13994,8436
2,5,2,TCGCGTAGCAGTGTCC-1,19497,18032
2,2,2,TCGCGTCCAGAAGGTC-1,9350,11460
1,1,1,TCGCTAAACCGCTATC-1,18055,8440
1,1,1,TCGCTACTGGCTTTGA-1,15724,20048
2,2,2,TCGCTCGATATATTCC-1,14282,10960
2,2,2,TCGCTCGGCACCAGCG-1,20810,9704
2,2,2,TCGCTGCCAATGCTGT-1,16739,20806
2,2,2,TCGCTGGGCGGATTGT-1,15878,10709
2,2,2,TCGCTGTGCGTAAATC-1,11093,7929
1,1,1,TCGCTTTAAACGTTTG-1,17764,9954
2,2,2,TCGGAATGCGCTCTGA-1,9205,11208
2,2,2,TCGGACGCCCAGCCCA-1,16602,11972
2,5,5,TCGGAGAGTATCGGGA-1,8476,14993
2,2,2,TCGGAGTACATGAGTA-1,15877,11719
2,2,2,TCGGCGAACCCAAACC-1,20370,16013
2,2,2,TCGGCGTACTGCACAA-1,7025,16001
2,5,5,TCGGCTTGTATCGACG-1,19062,18284
3,4,4,TCGGGAACGTGCCTAG-1,20954,11471
2,3,3,TCGGGAGACAGCGTAC-1,15435,18533
2,5,5,TCGGGATTCAAACATA-1,7317,13478
2,2,2,TCGGGCCGTCGTGGTA-1,17906,13740
2,2,2,TCGGGTGAAACTGCTA-1,13271,6164
2,2,2,TCGGTCCCGACAATAG-1,8473,18022
2,2,2,TCGTAAGACGACATTG-1,16313,10457
2,2,2,TCGTACCGACGTCAAG-1,13258,20803
2,2,2,TCGTATAGTGCAATTA-1,13270,6668
3,4,6,TCGTATTACCCATTGC-1,8768,12974
2,5,5,TCGTCAAGTACGCGCA-1,10649,17771
1,1,1,TCGTCCGCTGGCGTCT-1,10947,9190
2,5,2,TCGTCTTAGGCGTTAA-1,17177,17020
2,2,2,TCGTGTACTATGGATG-1,16308,15505
2,5,5,TCGTGTCACGCTGACA-1,8476,14488
3,4,6,TCGTTAGGAGTCCCTA-1,12971,16764
2,2,2,TCGTTCGTTATTATGT-1,14141,6164
2,5,5,TCGTTGCTATCCGGTC-1,11810,17268
3,4,4,TCTAATACTGCCTCAG-1,8763,18022
2,2,2,TCTACCGTCCACAAGC-1,14862,10456
3,4,6,TCTAGCAATCTCCGCC-1,9491,15246
3,4,4,TCTAGCATCTTCGATG-1,11382,9443
1,1,1,TCTAGCATGCCCAGAA-1,14713,15756
2,5,7,TCTAGGTGGCGACGCT-1,19504,10965
2,2,2,TCTAGTGATATCGTGG-1,19355,14751
2,2,2,TCTATCATGCAGTTAC-1,10948,8181
2,2,2,TCTATCGGTCGCAACA-1,14428,9193
2,2,2,TCTATTACGCTGGCGA-1,10079,7170
2,5,5,TCTATTACTAGAGGAT-1,7317,13983
3,4,6,TCTCATGAGATAGGGT-1,17759,16011
2,5,6,TCTCCACAAGTTGAAT-1,18626,19041
2,3,3,TCTCGACGTATCGCCG-1,21531,15005
2,2,2,TCTCTAATAGCTGGTA-1,12688,8687
2,3,3,TCTCTTACCGCGAACC-1,11373,20044
1,1,1,TCTGAACCGGTCGGCT-1,10512,8938
2,2,2,TCTGAACTCGTACCCG-1,18919,15507
1,1,1,TCTGAATTCCGTACAA-1,18777,12226
2,3,3,TCTGCCAGAAACTGCA-1,16600,13991
2,3,7,TCTGGGTAGCGCTCAT-1,10363,13733
2,2,2,TCTGTCATACAAGAGC-1,11530,6162
2,2,2,TCTGTGCCATCATAGT-1,16747,11720
2,2,2,TCTGTTACCCAGCATA-1,10215,16509
2,3,7,TCTTACAGAGGTACCG-1,11674,7424
1,1,1,TCTTACCGGAACTCGT-1,18345,8945
2,2,2,TCTTACGGCATCCGAC-1,9351,9946
2,2,2,TCTTACTTATGCCTCT-1,18630,15002
2,3,3,TCTTAGAGCTCCAATT-1,20807,13742
2,2,2,TCTTAGAGTGAACTCT-1,19501,14498
2,5,7,TCTTCCCATGGGCACA-1,19068,11722
2,3,2,TCTTCGAATAGACGTT-1,15440,13485
1,1,1,TCTTCGATACCAATAA-1,14716,11718
1,1,1,TCTTCTATAACCCGCC-1,20661,15004
2,3,3,TCTTGATGCGTAGCGA-1,15006,11718
1,1,1,TCTTGCTCCCGATACT-1,14854,20047
2,3,3,TCTTGGTAACACCAAA-1,14574,8941
2,3,2,TGAAACTTATGCAAGC-1,15736,6418
3,4,4,TGAAAGGACCTGACTC-1,17182,12477
3,4,6,TGAACAAGCAGGGACT-1,10357,20295
2,2,2,TGAATACCGACGCGTA-1,17029,20301
1,1,1,TGAATGTCAGCCGGCC-1,20950,15509
2,3,7,TGACATCGAGCGGACC-1,19793,12479
2,5,2,TGACATGTAACGTGAC-1,14273,21056
1,1,1,TGACCAAATCTTAAAC-1,14128,20299
1,1,1,TGACCCACGTTAGACA-1,11960,11968
2,5,5,TGACGAATATTTCCCT-1,8331,14741
2,2,2,TGACGATGCACTAGAA-1,18922,12983
1,1,1,TGACTATAATCCTTTC-1,15003,15251
1,1,1,TGAGAATGCTTTACCG-1,12979,8183
2,2,2,TGAGAGATTTACCACG-1,18341,13992
2,5,2,TGAGATCAAATACTCA-1,14287,5407
2,3,6,TGAGATTAGGCCCTAA-1,18781,7683
2,3,7,TGAGCCATACAGTCTC-1,10653,14238
3,4,6,TGAGCGGAAAGTGTTC-1,14566,17523
2,3,2,TGAGTAAATTAGCGTA-1,13407,15502
1,1,1,TGAGTGCCTCTTAAAT-1,11087,14996
1,1,1,TGAGTGGTCCGTGACG-1,17328,11215
1,1,1,TGAGTTAAAGACATTC-1,21385,15762
3,4,4,TGATAGCGGGATTCTA-1,6884,10701
2,2,5,TGATCAGGGAACTGCT-1,8622,14236
3,4,6,TGATCCCAGCATTAGT-1,20665,10461
1,1,1,TGATCGGTTTGACCCT-1,12977,10707
2,5,2,TGATCTACGCTGATCT-1,19652,7684
1,1,1,TGATCTCCGGCGCCAG-1,12396,10706
2,5,7,TGATTCCCGGTTACCT-1,12388,19792
1,1,3,TGATTCGTCTATCACT-1,11090,11462
3,4,4,TGATTCTGTCGCCGGT-1,11521,15753
2,3,7,TGATTTATTAGCTGTG-1,10073,13228
2,2,2,TGATTTCCTCCTGACG-1,10078,7675
2,5,5,TGCAACCCATCTGCGG-1,18191,18788
2,2,2,TGCAAGAATGACGTAA-1,13846,11212
2,5,5,TGCAATCTAACACGGT-1,18191,19293
2,5,5,TGCAGAACTATATCGT-1,8332,14236
2,3,2,TGCAGAGTACCGAGCA-1,11814,13229
2,5,5,TGCAGATCGTCCTAGG-1,7751,14235
2,5,5,TGCAGCTACGTACTTC-1,7461,14235
2,2,2,TGCAGGATCGGCAAAG-1,15879,9700
2,2,2,TGCAGTTTCCTCCCAT-1,18196,13740
3,4,6,TGCATATGTCTGTCAC-1,17472,12477
1,1,1,TGCATGGATCGGATCT-1,14864,8437
2,2,2,TGCATGTGACCCATAG-1,10647,20800
3,4,6,TGCATGTGGTAATCTA-1,16893,10962
2,5,5,TGCCAAAGTCAGACTT-1,7896,14488
2,3,3,TGCCAATGGGTACTCT-1,12681,17269
2,2,2,TGCCACCTGGCGAAAC-1,16170,8690
2,2,2,TGCCAGTACGTGGAGA-1,15437,16514
1,1,1,TGCCATTACTAAAGAA-1,17765,8944
1,1,1,TGCCCGTACCGTTAAA-1,16019,15000
2,2,2,TGCCGGATGTACGAGC-1,10068,19285
2,5,7,TGCCTAATTGAAGATT-1,20368,17528
1,1,1,TGCCTGATCAAACGAT-1,15299,8689
2,5,2,TGCCTTGGCCAGGCAA-1,17033,16768
2,5,5,TGCGAATATGGGATTT-1,7025,14992
2,3,3,TGCGACACCCTAGTGC-1,11812,15249
2,5,5,TGCGACGGCCGAACGT-1,9778,18780
3,4,6,TGCGAGAATATTACCC-1,10941,16257
1,1,1,TGCGCAAAGCATTTGG-1,14862,11465
2,2,2,TGCGCGATTAACGGAG-1,11091,10452
2,2,2,TGCGGACTTGACTCCG-1,16159,20805
2,2,2,TGCGGAGTAAAGGTGC-1,15299,9194
2,2,2,TGCGGCATAGTTCAAC-1,12980,6668
1,1,1,TGCGGTGAAATTTCAT-1,14721,6670
1,1,1,TGCGTAAGAACCTGAT-1,11378,14491
3,4,4,TGCGTCATGACTGAGC-1,8184,17012
1,1,3,TGCGTTTGTTGACACT-1,16165,14243
3,4,6,TGCTAAGTGTCTATTT-1,18193,16769
3,4,4,TGCTCCACAGTTCTTA-1,18920,15003
1,1,1,TGCTCGGTGGGTCACC-1,15579,20300
1,1,3,TGCTCTTGAGAGTTTG-1,15289,19795
1,1,1,TGCTGGTTGGACAATT-1,11092,8938
2,3,7,TGCTGTTGAAGAACTC-1,14715,13232
2,5,5,TGCTTAGAGAGAATGC-1,8907,19284
2,3,7,TGCTTCCCAAGCAGTA-1,14709,19289
3,4,6,TGGAACCACTGACACA-1,19940,9703
2,3,7,TGGAAGAAGGGAACGT-1,10218,13480
2,5,7,TGGAAGACGAACACCA-1,11819,7172
1,1,1,TGGAAGGATAAAGATG-1,15009,8689
2,2,2,TGGAATATCCTTGACC-1,20666,9451
2,2,2,TGGACCAATCTAAGAT-1,16740,19291
2,5,2,TGGACGCAATCCAGCC-1,8038,18274
2,2,2,TGGACTGTTCGCTCAA-1,15731,12981
2,2,2,TGGAGTGATGCGATGA-1,11091,10957
1,1,1,TGGCAAACTAAATTAC-1,16453,16262
1,1,1,TGGCAACTCGCGCGCC-1,17620,9196
2,5,7,TGGCAATGGGACGGCG-1,20513,17276
1,1,1,TGGCAGATTACGATCA-1,13553,14745
2,2,2,TGGCAGCAGTAATAGT-1,13989,13484
2,2,2,TGGCCAAACTGAAGTA-1,16168,10709
2,2,2,TGGCCAATTTGGTACT-1,6734,16001
3,4,6,TGGCCGTATATTGACC-1,10656,10200
2,2,2,TGGCGATCAAGTTATG-1,13116,16512
3,4,4,TGGCTATGTGACATAC-1,17031,18787
2,5,5,TGGCTCTTGTCGCGTA-1,6881,14235
2,2,2,TGGCTTTGGGTAGACA-1,12543,8435
3,4,6,TGGGAAATGCCTTTCC-1,9061,9441
1,1,1,TGGGCAATAGTTGGGT-1,20805,15257
2,2,2,TGGGCACAAACAGAAC-1,11821,5658
1,1,1,TGGGCACGTTCTATGG-1,15736,7428
2,3,3,TGGGCCACAAGAGCGC-1,15590,8185
2,2,2,TGGGCCCATACTAATT-1,18049,15507
2,2,6,TGGGCGATACAATAAG-1,14128,20803
2,3,3,TGGGTAAGGTTCCCGC-1,16606,6924
2,5,5,TGGTAAGCAGGATTGA-1,6736,13982
3,4,4,TGGTAGAATATATGGG-1,19644,15760
2,2,2,TGGTATCGCATCCCAA-1,15012,5660
2,5,2,TGGTATCGGTCTGTAT-1,13707,5407
2,5,2,TGGTCCCACGCTACGG-1,15872,16767
2,2,2,TGGTCTGTTGGGCGTA-1,9348,12975
3,4,4,TGGTGATCGTATTTGT-1,7465,10197
3,4,6,TGGTTCAACGGGTAAT-1,15873,16262
2,2,2,TGGTTCGTAGCAAAGG-1,13123,9445
3,4,6,TGTAATGACCACAATA-1,7173,12720
2,5,5,TGTACCTACACGAGGG-1,18336,18536
2,3,7,TGTACGAACAAATCCG-1,13555,13231
1,1,3,TGTAGGAGAAATTTCC-1,17617,12225
1,1,3,TGTAGTGATCTATAAT-1,9929,12471
2,2,2,TGTATAACAGATCCTG-1,16603,10962
2,2,2,TGTATCCTTATTCCAT-1,12400,6163
2,2,2,TGTATGGCGCAGACAG-1,18630,14498
2,2,2,TGTCCCGACATAGCAC-1,13416,6416
2,5,2,TGTCCGTGGCGCCTTT-1,7754,11207
2,3,2,TGTCCTAAGTCACCGC-1,9494,12218
2,2,2,TGTCTACAGTTTCTGT-1,12835,6416
2,2,2,TGTGACTACGCCAGTC-1,15734,8942
2,2,2,TGTGCCGGTGCCGGAA-1,19208,17022
2,3,3,TGTGCTTTACGTAAGA-1,7753,12721
2,3,2,TGTGGCAAAGCGTATG-1,17763,10963
2,3,7,TGTGGCGGGCTTCTGG-1,13693,20046
2,5,7,TGTGGTTGCTAAAGCT-1,12243,20044
2,2,2,TGTGTCGCGAGTTGCA-1,10367,9695
2,2,2,TGTGTTCGTATCCAAG-1,8189,11459
2,2,2,TGTTATTGTATGTGGC-1,17615,14749
2,3,2,TGTTCCGCTTCCATGA-1,11524,12724
1,1,1,TGTTCGTATTGCGGTG-1,13987,16008
2,3,3,TGTTCTTCCATTGACT-1,11380,11967
1,1,1,TGTTGTCAAGAAGTCT-1,17039,9701
2,2,2,TGTTTAATACTTCATC-1,16317,5914
1,1,1,TGTTTCGGTACTTCTC-1,13269,8183
2,2,2,TTAAACCTGGTTCCTT-1,6885,10196
2,5,7,TTAAACTCGAATTCAT-1,18923,11469
2,2,2,TTAACACCTCGAACAT-1,8336,9693
1,1,1,TTAACCAACCCTCCCT-1,13124,8435
2,2,2,TTAACGTCGCAAGACC-1,12981,6163
2,5,5,TTAACTTCAGGTAGGA-1,8911,15246
3,4,4,TTAAGATAGGATTGAC-1,19791,14499
1,1,1,TTAAGCCGACAACTTC-1,16316,6924
2,2,2,TTAAGCGCCTGACCCA-1,11526,11210
2,2,2,TTAAGGCCCGTACTTT-1,8763,18527
2,2,2,TTAATGTAGACCAGGT-1,15007,11213
1,1,1,TTAATTGCTTTGGGTG-1,16160,19291
1,1,1,TTAATTTCAGACGCGG-1,15155,7932
2,5,5,TTACAACTACGCATCC-1,12687,9697
2,2,2,TTACAGACCTAAATGA-1,19069,10207
1,1,1,TTACATCGTGGCCTGG-1,10367,8685
1,1,1,TTACATGCCACAACTA-1,20081,13994
2,2,2,TTACCATTGATTACCC-1,9204,12217
2,5,7,TTACCCATTGCCGGGT-1,17476,7934
1,1,1,TTACCCTAACAGTCCT-1,8626,9693
2,5,7,TTACCCTAGGGATTGG-1,13549,18784
3,4,4,TTACTAAAGGACTTTA-1,16453,15758
2,3,3,TTACTATCGGCTTCTC-1,7463,12216
3,4,6,TTACTCCGGCCGGGAA-1,16456,12224
1,1,1,TTACTCTGGTACGTAC-1,9637,14489
2,3,2,TTACTGGGATATTTCA-1,12973,14745
2,2,2,TTAGAAGAACATGACT-1,14422,16765
2,5,7,TTAGAATAAGGGTCGG-1,11664,19034
2,3,7,TTAGACACGATCGTTG-1,17621,7682
3,4,4,TTAGACGAGTCACCTC-1,16743,15758
3,4,6,TTAGAGTTTAGAAGGA-1,17614,15254
2,2,2,TTAGCAACATGGATGT-1,9207,8684
2,2,2,TTAGCTAATACGATCT-1,19360,9198
2,5,2,TTAGCTCTGTAATCCG-1,7319,11459
2,2,2,TTAGCTGATTTGCCGT-1,18776,13236
2,5,5,TTAGGTCATAACCGAC-1,10649,18276
2,5,5,TTAGTAAACCTGCTCT-1,18771,19293
2,5,5,TTAGTAGGGCGGCGGG-1,8914,12217
2,2,2,TTAGTTATTCGTGGCA-1,18339,15507
1,1,1,TTATAGGTAATTGTCT-1,15725,19038
2,2,2,TTATATACGCTGTCAC-1,15875,13233
3,4,6,TTATATTTGGCAATCC-1,14428,10203
2,3,3,TTATCCAATCGAACTC-1,9934,6918
2,2,2,TTATCCGGGATCTATA-1,17758,16516
2,2,2,TTATCCTCAAGGAATA-1,7749,16759
3,4,4,TTATCGCCTGCGAAGC-1,7610,10449
2,3,2,TTATCTGTATCATAAC-1,13848,9193
1,1,3,TTATGAATGAAAGGGA-1,14279,13989
2,2,2,TTATGACAAACTGGAT-1,10221,10452
3,4,4,TTATGATCTTAACGAA-1,17036,13234
1,1,1,TTATTAGAGCGTGTTC-1,15293,15252
2,3,3,TTATTAGGGAAGCATC-1,13705,7426
3,4,6,TTCAAAGTCTCTAGCC-1,16021,12476
2,5,2,TTCAACGACCCGACCG-1,12108,8687
1,1,1,TTCAAGCCGAGCTGAG-1,16026,6923
2,2,2,TTCAATACTCTGAATC-1,17616,13235
3,4,6,TTCACTCGAGCACCTA-1,15146,17523
3,4,4,TTCACTTCCTAGAACG-1,12533,20549
2,2,6,TTCAGCCCTGGTCCAC-1,17469,15506
2,2,2,TTCAGCTGGCGTGCCC-1,18918,17527
2,5,5,TTCAGGCGTCAAAGCC-1,7462,13730
2,3,3,TTCATGGCGCAACAGG-1,16025,8438
2,2,2,TTCCAATCAGAGCTAG-1,18925,9450
3,4,4,TTCCAATCTGGCTATC-1,11812,15753
3,4,6,TTCCACACAGATTTGA-1,11811,16258
1,1,1,TTCCAGACGAGATTTA-1,21242,13490
2,5,5,TTCCCGGCGCCAATAG-1,6880,15244
2,2,2,TTCCGCAGAGAAATAT-1,19796,8946
1,1,1,TTCCGCGTGAGGCGAT-1,14423,15251
2,5,5,TTCCGGCCTTGAGGCT-1,11520,17267
1,1,1,TTCCGGTATCTGTGTC-1,21822,13996
3,4,4,TTCCGGTTACCCACTT-1,17759,15002
2,5,5,TTCCTCGAGGGTGTCT-1,12253,8939
3,4,6,TTCCTCGGACTAACCA-1,17613,16263
1,1,1,TTCCTCTGCCCGAATA-1,7318,12468
2,2,2,TTCGACAGAGCCCGTG-1,15002,16766
2,2,2,TTCGACGGGAAGGGCG-1,11527,9696
2,5,2,TTCGCACTCGCGTGCT-1,11672,9948
2,5,7,TTCGCACTGTACGACA-1,13694,19036
2,5,7,TTCGCGCGCCATACGA-1,11954,18530
2,5,5,TTCGCTATCTGACGTG-1,19651,8693
2,3,7,TTCGGCAACCCGCTGA-1,17911,7682
2,2,2,TTCGGCTAGAGATGGT-1,8627,8179
2,2,2,TTCGGGACTAATCGCG-1,15586,12728
2,5,5,TTCGGGCGCTAGTCTT-1,10505,17519
2,5,7,TTCGGTACTGTAGAGG-1,14273,20551
1,1,1,TTCGTAATCCCAGCGG-1,17622,6672
2,2,2,TTCGTACTCCAGAACG-1,9350,10956
3,4,4,TTCGTTCAACGAAGTT-1,20375,9451
1,1,1,TTCTAACCGAAGCTTA-1,18197,12226
1,1,1,TTCTACTTGCGAGGGC-1,9787,9189
2,5,7,TTCTAGAAAGTCTTAT-1,11809,18782
2,2,2,TTCTAGGCCAATTGTG-1,11527,9191
2,3,2,TTCTGCCGCGCCTAGA-1,15148,16009
2,3,7,TTCTGCGAGCGCCCTT-1,7608,11964
2,2,2,TTCTGCGGGTTAGCGG-1,16745,13739
2,2,2,TTCTGCTAGACTCCAA-1,20519,10713
1,1,1,TTCTTAGTGAACGGTG-1,10078,8180
2,3,2,TTCTTAGTGGCTCAGA-1,13994,7931
2,2,2,TTCTTGAGCCGCGCTA-1,11087,15500
2,5,2,TTCTTGGACGATCTGC-1,9780,16761
1,1,1,TTCTTGGAGTAATGAG-1,16605,8943
1,1,1,TTCTTGTAACCTAATG-1,10222,9442
3,4,4,TTCTTTGGTCGCGACG-1,20230,9703
2,2,2,TTGAACGAATCCTTTG-1,8192,8431
2,2,2,TTGAACGACGTGCTGA-1,17901,18788
2,3,7,TTGAAGAATTCCCAGG-1,12395,11716
3,4,4,TTGAATATGGACTTTC-1,16166,12224
2,2,2,TTGAATCGTTGTATAA-1,6590,15749
3,4,6,TTGACAGGAGCTCCCG-1,19500,15508
1,1,1,TTGACATGAACGTGGA-1,9782,14742
2,2,2,TTGACCAGGAACAACT-1,16740,19796
1,1,1,TTGACCATGTTCTCCG-1,16459,9700
2,2,2,TTGACCGTGTTAATGA-1,10070,16257
2,2,2,TTGACGATTCAGCACG-1,12546,5911
1,1,1,TTGACGCTCCATGAGC-1,19791,13994
1,1,1,TTGACTACCATATGGT-1,11087,14491
2,2,2,TTGACTATTGTCCGGC-1,20225,15256
2,3,3,TTGAGAGTACTGCTAA-1,10652,14743
1,1,3,TTGATCTAACTTTGTC-1,11961,10958
1,1,3,TTGATGTGTAGTCCCG-1,18199,9702
2,2,2,TTGATTAGCTGTTTCT-1,10071,15752
2,2,2,TTGATTATGCAGATGA-1,9931,10451
1,1,1,TTGCACAATTCAGAAA-1,13408,14493
1,1,1,TTGCACGGAGCAGCAC-1,13703,8940
2,3,7,TTGCATGCTGATCACG-1,10218,13985
2,3,3,TTGCCAAGCAGAACCC-1,21676,14753
3,4,4,TTGCCATAGCCCGCTC-1,8619,17265
2,3,7,TTGCCCTGATCACGGG-1,10074,12723
2,3,3,TTGCCGCTTTCTAGTA-1,16450,19291
2,2,2,TTGCGGCATCAGAAAG-1,11665,17015
2,2,2,TTGCGTCGGCCAACCG-1,11086,16510
2,2,2,TTGCGTGAACGCTTAG-1,19072,7179
2,2,2,TTGCTCCCATACCGGA-1,15589,9195
2,3,3,TTGCTGAAGGAACCAC-1,13414,8435
1,1,1,TTGCTGATCATGTTCG-1,13411,11969
2,2,2,TTGGAAGAATACAGTC-1,8620,16255
2,2,6,TTGGACATGTGGCTTA-1,9347,13984
2,5,7,TTGGACCATCTGGCAA-1,20369,16518
2,2,2,TTGGACCTATAACAGT-1,17612,17778
2,2,2,TTGGAGTCTCCCTTCT-1,11531,5657
2,2,2,TTGGATATCGTCTACG-1,12682,15754
2,5,2,TTGGATCGACTTCTGG-1,13851,6164
1,1,1,TTGGATTGGGTACCAC-1,13124,7930
2,5,7,TTGGCCTAGAATTTCG-1,17041,7681
1,1,1,TTGGCTCGCATGAGAC-1,10512,9442
2,2,2,TTGGGAAGACGAGCCG-1,14418,20804
3,4,6,TTGGGACACTGCCCGC-1,15297,10709
2,3,3,TTGGGACGTAAGAGTT-1,20949,16519
2,2,2,TTGGGCGGCGGTTGCC-1,16167,11214
2,2,2,TTGGTCACACTCGTAA-1,12102,15754
3,4,4,TTGGTTGCGGTGCGCG-1,8474,17012
2,2,2,TTGTAAGGACCTAAGT-1,9781,15247
3,4,4,TTGTAAGGCCAGTTGG-1,16893,10458
2,3,7,TTGTAATCCGTACTCG-1,13120,12473
2,2,2,TTGTATCACACAGAAT-1,15881,6671
2,3,3,TTGTCGTTCAGTTACC-1,13558,9193
2,2,2,TTGTGAACCTAATCCG-1,18192,17778
2,5,5,TTGTGAGGCATGACGC-1,7026,14487
1,1,1,TTGTGCAGCCACGTCA-1,15870,18786
2,3,2,TTGTGGCCCTGACAGT-1,13849,8183
3,4,4,TTGTGGTAGGAGGGAT-1,9200,16256
2,2,2,TTGTGTATGCCACCAA-1,13841,17774
2,2,2,TTGTGTTTCCCGAAAG-1,13697,16512
1,1,1,TTGTTAGCAAATTCGA-1,11237,9191
2,2,2,TTGTTCAGTGTGCTAC-1,14428,9698
2,2,2,TTGTTGTGTGTCAAGA-1,16312,11467
2,5,7,TTGTTTCACATCCAGG-1,11229,18277
2,2,2,TTGTTTCATTAGTCTA-1,9488,18780
2,2,5,TTGTTTCCATACAACT-1,9056,14994
