barcode,x,y,pred_3PCs_k5,refined_pred_3PCs_k5,pred_10PCs_k5,refined_pred_10PCs_k5
AAACAATCTACTAGCA-1,3185,1310,4,4,4,4
AAACAGAGCGACTCCT-1,5820,2287,4,4,4,4
AAACAGCTTTCAGAAG-1,1446,4907,0,0,0,0
AAACAGGGTCTATATT-1,1654,5265,0,0,0,0
AAACCCGAACGAAATC-1,6914,5065,4,4,4,4
AAACCGGAAATGTTAA-1,7381,5870,4,4,4,4
AAACCGGGTAGGTACC-1,2426,4813,1,1,3,3
AAACCGTTCGTCCAGG-1,3151,5708,0,0,0,0
AAACCTAAGCAGCCGG-1,5270,6866,3,3,1,1
AAACCTCATGAAGTTG-1,1960,4366,1,1,3,3
AAACGAAGATGGAGTA-1,1193,6254,2,3,0,1
AAACGGGCGTACGGGT-1,5683,6864,3,3,1,1
AAACGGTTGCGAACTG-1,4033,7050,2,2,2,2
AAACTCGGTTCGCAAT-1,4600,6958,4,4,4,4
AAACTCGTGATATAAG-1,6803,3091,1,1,3,3
AAACTGCTGGCTCCAA-1,4438,5074,0,0,0,0
AAACTTAATTGCACGC-1,1608,6791,3,3,1,1
AAAGACCCAAGTCGCG-1,3446,1937,0,0,0,0
AAAGACTGGGCGCTTT-1,1750,3649,0,0,0,0
AAAGGCTACGGACCAT-1,3774,6603,2,2,2,1
AAAGGCTCTCGCGCCG-1,3823,5974,2,0,0,0
AAAGGGATGTAGCAAG-1,4173,3191,2,2,2,2
AAAGTCACTGATGTAA-1,3652,1936,2,2,2,0
AAAGTCGACCCTCAGT-1,1753,4367,0,0,0,0
AAATAAGGTAGTGCCC-1,6909,3808,4,4,4,4
AAATACCTATAAGCAT-1,4542,5253,0,0,0,0
AAATAGGGTGCTATTG-1,5060,5790,2,2,0,0
AAATCCGATACACGCC-1,5477,6865,3,3,1,1
AAATCGCGGAAGGAGT-1,1245,6164,2,2,2,2
AAATCGTGTACCACAA-1,3870,4987,1,1,3,3
AAATGATTCGATCAGC-1,6699,2912,2,2,2,2
AAATGGCATGTCTTGT-1,4530,2202,0,0,0,0
AAATGGCCCGTGCCCT-1,1861,5444,2,0,2,0
AAATGGTCAATGTGCC-1,3609,4001,1,1,3,3
AAATGTGGGTGCTCCT-1,3752,1218,3,3,1,1
AAATTAACGGGTAGCT-1,3970,4089,1,1,3,3
AAATTCCAGGTCCAAA-1,6910,4167,4,3,4,1
AAATTGATAGTCCTTT-1,2585,5979,0,0,0,0
AAATTGCGGCGGTTCT-1,1948,1494,4,3,4,1
AAATTTACCGAAATCC-1,5611,1570,2,2,1,1
AACAACTGGTAGTTGC-1,3143,3554,1,1,2,2
AACAATACATTGTCGA-1,2896,6516,2,2,2,2
AACACGACTGTACTGA-1,4322,1844,2,2,0,0
AACACGAGACGCGGCC-1,2066,5084,1,1,3,3
AACACGCGGCCGCGAA-1,2722,1581,3,3,1,1
AACAGCTGTGTGGCAA-1,2586,6338,3,4,1,1
AACAGGAAATCGAATA-1,4427,2382,0,0,0,0
AACAGGTAGTATGGAT-1,6812,5424,4,4,4,4
AACATATCAACTGGTG-1,6082,3452,3,3,1,1
AACATTGGTCAGCCGT-1,1844,1315,4,4,4,4
AACCAAGACTTCTCTG-1,2217,4275,1,1,2,2
AACCCATCCCATGATC-1,1708,6072,0,0,0,0
AACCCGACAACCCGTG-1,3208,7054,3,3,1,1
AACCCGAGCAGAATCG-1,6815,6142,4,4,1,1
AACCGAGCTTGGTCAT-1,4585,3189,0,0,0,0
AACCTCGCTTTAGCCC-1,5218,6597,4,3,4,4
AACCTGTCACGGAATT-1,7065,4256,4,3,4,1
AACCTTTAAATACGGT-1,4493,5882,4,4,1,1
AACCTTTACGACGTCT-1,5717,2467,3,3,1,1
AACGAAAGTCGTCCCA-1,1400,6253,2,2,2,2
AACGATAATGCCGTAG-1,4750,5791,4,4,1,1
AACGATAGAAGGGCCG-1,3705,2385,0,0,0,0
AACGATATGTCAACTG-1,4895,3188,0,0,0,0
AACGCATGATCTGGGT-1,6338,2823,2,2,1,1
AACGCGAACGGCAACA-1,2104,1763,2,3,2,2
AACGCGACCTTGGGCG-1,3724,7052,3,3,1,1
AACGTAGTCTACCCAT-1,3082,1131,4,3,4,4
AACGTCAGACTAGTGG-1,3038,3195,1,1,2,2
AACGTGATGAAGGACA-1,5251,1840,2,3,1,1
AACGTGCGAAAGTCTC-1,4796,4265,0,0,0,0
AACTACCCGTTTGTCA-1,6811,5245,4,4,4,4
AACTAGCGTATCGCAC-1,3444,1399,2,3,2,2
AACTCAAGTTAATTGC-1,3249,4451,1,1,3,3
AACTCCTAATCCCATG-1,5716,2108,2,3,1,1
AACTCGATAAACACGT-1,1587,1406,4,4,4,4
AACTCGATGGCGCAGT-1,2363,2031,2,2,0,0
AACTCTCAATAGAGCG-1,5776,4172,1,1,2,2
AACTGAGTTATACTGA-1,7535,5601,4,4,4,4
AACTGGGTCCCGACGT-1,4378,2831,0,0,0,0
AACTGGTGTGGGCCTT-1,3496,1668,2,2,2,2
AACTTGCGTTCTCGCG-1,2003,2302,0,0,0,0
AAGAAGGATCAGTTAG-1,2261,2211,0,0,0,0
AAGACCAAATAACTCA-1,1298,6612,3,3,4,4
AAGACCCAACTGAACA-1,3773,6423,2,2,1,1
AAGAGGATGTACGCGA-1,2476,4544,1,1,3,3
AAGAGGCATGGATCGC-1,5105,4264,0,0,0,0
AAGAGGCCCTTTGGAA-1,6609,6322,3,3,1,1
AAGATGGCACCGGACC-1,2999,6336,3,2,1,1
AAGATTGGCGGAACGT-1,5618,3365,2,2,0,0
AAGCATACTCTCCTGA-1,4544,5792,4,4,1,1
AAGCCGCCGTGAAATC-1,2176,6878,4,4,1,1
AAGCGCAGGGCTTTGA-1,4755,7048,2,2,2,1
AAGCGGCGTCATGGGT-1,5973,1837,3,3,4,4
AAGCGTCCCTCATCGA-1,2792,6158,0,0,0,0
AAGCTAGATCGAGTAA-1,4491,5523,0,0,0,0
AAGGAGAACTTATAAG-1,3907,1307,3,3,1,1
AAGGAGCGGTTGGTGC-1,3452,3553,1,1,3,3
AAGGATGAGGGACCTC-1,5463,3455,0,0,0,0
AAGGCAGGCTGTCTCC-1,7067,4795,2,2,1,1
AAGGCTGTGCTCATCG-1,3350,3732,1,1,3,3
AAGGGAACGACTGGCT-1,2072,6699,2,2,1,1
AAGGGACAGATTCTGT-1,5721,3364,2,2,2,2
AAGGGACTATGCATTC-1,2329,6429,4,3,1,1
AAGGGTTTGATTTCAG-1,1039,6344,3,3,1,1
AAGTAGTGACGCGAGG-1,2577,4005,1,1,2,2
AAGTGACGACCGAATT-1,2270,4724,1,1,3,3
AAGTGAGTCGGGTTTA-1,3464,6604,4,4,1,1
AAGTGCTTCTCTATTG-1,2899,7234,3,3,2,2
AAGTGTTTGGAGACGG-1,5111,5700,2,2,0,0
AAGTTCAGTCTGCGTA-1,6337,2644,3,3,4,4
AAGTTGTGATGTTATA-1,6457,6951,2,2,2,2
AAGTTTATGGGCCCAA-1,4601,7138,3,3,1,1
AATAACAACGCTCGGC-1,2527,4274,1,1,2,2
AATAACACTAGAACAA-1,2945,5708,0,0,0,0
AATAAGTCCTCGAGAC-1,4630,1484,3,3,1,1
AATAATCTTCGTATCG-1,7277,5691,4,4,4,4
AATACAATGTTTCAGG-1,1955,3110,0,0,0,0
AATACCGGAGGGCTGT-1,2899,7055,2,2,2,2
AATAGAATCTGTTTCA-1,5419,5340,2,2,2,2
AATAGTCCGTCCCGAC-1,3927,6153,3,3,2,1
AATATCAAGGTCGGAT-1,3136,1759,2,2,2,2
AATATCGAGGGTTCTC-1,6185,3452,3,3,1,1
AATATTGGAGTATTGA-1,2114,4276,1,1,2,2
AATCAGACTGCAGGAC-1,2155,1494,3,3,1,1
AATCAGGTTTCATTTA-1,2693,7235,4,3,1,1
AATCGCGCAGAGGACT-1,6861,4796,3,3,1,1
AATCGGGACACTACGA-1,4064,1755,2,2,0,0
AATCGTGAGCCGAGCA-1,5271,7046,3,3,1,1
AATCTATGCCGGAGCC-1,6649,3360,4,4,4,4
AATCTCTACTGTGGTT-1,1496,4458,1,1,3,3
AATCTGCGTTGGGACG-1,5723,3903,1,2,2,2
AATCTGGCTTTCTAGT-1,1758,5623,0,0,0,0
AATGACGTAGGATGTC-1,5005,4982,0,0,0,0
AATGACTGTCAGCCGG-1,3399,3104,1,1,2,2
AATGAGTTCGCATATG-1,2055,2391,0,0,0,0
AATGATGCGACTCCTG-1,6185,3273,4,4,4,4
AATGCAACCGGGTACC-1,4018,3281,1,1,2,2
AATGCACCAAGCAATG-1,5976,2735,3,3,1,1
AATGGTCCACCGTTCA-1,1802,3739,0,0,0,0
AATGGTTCTCACAAGC-1,2778,2748,0,0,0,0
AATGTGCCCGAGGTGT-1,2379,5980,0,0,0,0
AATTAAAGGTCGGCGT-1,3559,4629,1,1,3,3
AATTAACGGATTTCCA-1,4391,6241,3,4,1,1
AATTACGAGACCCATC-1,1245,6343,3,3,1,1
AATTACTCGTACGCTC-1,1383,1945,4,4,4,4
AATTAGCGCTGCAGCG-1,4234,5614,0,0,0,0
AATTCATAAGGGATCT-1,5668,3095,2,2,2,2
AATTCATTGTCATGCA-1,1453,6702,4,4,4,4
AATTCCAACTTGGTGA-1,1638,1316,3,3,4,4
AATTCCAAGCATGTAC-1,3981,6961,3,3,1,1
AATTCGATTCGAGGAT-1,4910,6957,2,2,1,1
AATTGAACGCTCTGGT-1,5263,5071,0,0,0,0
AATTGCAGCAATCGAC-1,6250,6772,4,4,1,1
AATTTGGGACATAGTA-1,5665,2198,2,2,1,1
AATTTGGTTCCAAAGA-1,4426,2023,0,0,0,0
ACAAACCATGCGTCCT-1,1814,6790,3,3,0,0
ACAAAGAAGGTAGGCC-1,1189,5177,0,0,0,0
ACAAAGCATGACCTAG-1,5992,6684,4,4,4,4
ACAAATCGCACCGAAT-1,5214,5520,2,2,0,0
ACAAATGGTAGTGTTT-1,5315,4981,3,0,0,0
ACAAGGACAAGAGGTT-1,2885,3645,1,1,2,2
ACAAGGGCAGGCTCTG-1,4902,4983,0,0,0,0
ACAATAGTCGTACGTT-1,2013,4815,1,1,3,3
ACAATCCATTTAAACC-1,2630,4274,1,1,3,3
ACAATCGATCTTTATA-1,4165,1216,4,4,4,4
ACAATGAATACGGAGA-1,2586,6159,0,0,0,0
ACAATTTGAGCAGTGG-1,5206,3546,2,0,0,0
ACAATTTGGCCATATT-1,7326,4884,2,2,2,2
ACACAAAGACGGGTGG-1,3863,3192,1,1,3,3
ACACACCAGGACCAGT-1,5624,4980,2,2,0,0
ACACACTTTCTACACG-1,4272,2293,0,0,0,0
ACACATGATCAAATCT-1,1813,6431,2,2,2,2
ACACATTGACGCAACA-1,1382,1766,4,4,4,4
ACACCCAGCATGCAGC-1,3554,3193,1,1,2,2
ACACCCGAGAAATCCG-1,2985,2747,2,0,2,0
ACACCGGTCTGACCGC-1,1866,6879,2,2,2,2
ACACCTTAAGTAGGGC-1,3193,3284,1,1,2,2
ACACCTTACTACTTGC-1,6706,4706,4,4,4,4
ACACGTAGGCCACAAG-1,6661,6232,3,3,1,1
ACACTCCAATGTCACT-1,1849,2572,0,0,0,0
ACACTGGGACAGTCGT-1,6919,6321,4,4,4,4
ACAGAACTGAGAACAA-1,2223,5711,0,0,0,0
ACAGATTAGGTTAGTG-1,3909,1666,2,2,0,0
ACAGGCACGGATCCTT-1,5891,7223,2,3,1,1
ACAGGTGGAGGTGAGG-1,2996,5619,0,0,0,0
ACAGTAATACAACTTG-1,1705,5175,1,1,2,2
ACATAAGTCGTGGTGA-1,1452,6343,3,3,1,1
ACATCAGCTGGGACGC-1,1597,3919,0,0,0,0
ACATCGATCGTTTACC-1,4179,4806,1,1,3,3
ACATCGGTCAGCCGCG-1,2889,4721,1,1,3,3
ACATCTCAACGCGTAA-1,4785,1393,3,3,1,1
ACATGGCTCAATTTAG-1,1691,1765,3,3,1,1
ACATTAGTTTATATCC-1,4131,5614,0,0,0,0
ACATTCGCGCGGAATA-1,2385,7595,4,4,4,4
ACCAAACTAGAAATCC-1,4423,1305,3,3,1,1
ACCAACACCACACACT-1,6647,2822,1,1,2,2
ACCAACCGCACTCCAC-1,5992,6863,4,4,4,4
ACCAACGCTTATTTAT-1,3513,5796,0,0,0,0
ACCACAACTCAGAACA-1,5147,1661,4,4,4,4
ACCACTGTTCAAGAAG-1,1279,1946,3,3,1,4
ACCAGCCCGGTCTTTG-1,4681,1394,3,3,1,1
ACCAGGAGTGTGATCT-1,3804,1308,4,3,4,1
ACCATATCCGCAATAA-1,3868,4448,1,1,3,3
ACCATCCGCCAACTAG-1,1601,4996,1,1,2,0
ACCATCGTATATGGTA-1,3148,4810,2,2,3,3
ACCATTAAGGGTGTCA-1,1229,2215,4,4,4,4
ACCCGAGCGAAATTAC-1,2484,6518,4,4,4,4
ACCCGATTGGTTCCGA-1,2796,7235,4,4,4,1
ACCCGGAAACTCCCAG-1,4339,6152,4,4,1,1
ACCCGGAGCACCACAA-1,7331,6319,2,2,1,1
ACCCGGTTACACTTCC-1,3457,4809,1,1,3,3
ACCCTATAGGACTGAG-1,2002,2122,2,2,2,2
ACCCTATGCCATATCG-1,3049,6067,0,0,0,0
ACCCTCCCGTCAGGGC-1,6097,7222,2,2,2,2
ACCCTCCCTTGCTATT-1,5316,5340,2,2,0,0
ACCCTTTAGTTCTCCA-1,5095,1572,3,3,1,1
ACCGATAGGCATAACC-1,7074,6410,3,3,1,1
ACCGATATTTAATCAT-1,7175,5871,4,4,4,4
ACCGATGGTAGCATCG-1,5724,4262,3,3,3,3
ACCGCAATAACTGCCT-1,5059,5610,0,0,0,0
ACCGTGACCACGTGGG-1,3000,6516,2,2,1,1
ACCGTTCCCGCTCTGA-1,4321,1485,3,3,1,1
ACCTACAGTATGTGGT-1,6809,4706,3,3,1,4
ACCTACTATAAATCTA-1,3982,7140,2,2,2,2
ACCTCCGTTATTCACC-1,6755,4078,4,4,4,4
ACCTCGAACTTATGCT-1,1763,6880,3,3,1,1
ACCTTTCCTTTAGAAG-1,4371,1036,3,3,1,1
ACGACTGGTCATACTC-1,2743,6786,4,4,4,4
ACGAGATATTTGCTTA-1,5147,1841,3,3,1,1
ACGAGGATACCACTCT-1,1913,5533,0,0,0,0
ACGAGGTTTACAACGT-1,1657,6162,0,0,0,0
ACGAGTACGGATGCCC-1,6340,3541,4,4,4,4
ACGAGTCGCCGGCGTT-1,1381,1407,4,4,4,4
ACGATCATACATAGAG-1,4225,3280,2,2,2,2
ACGATGCATATGTTAT-1,3197,4361,1,1,3,3
ACGATGGATCCGATGC-1,4580,1933,2,2,1,1
ACGCAAACTAATAGAT-1,3413,6694,3,4,1,1
ACGCAATCACTACAGC-1,6597,3271,4,4,4,4
ACGCATTCGTGAGTAC-1,4124,3999,1,1,3,3
ACGCCCAGCTGTCGAT-1,4630,1304,4,4,4,4
ACGCCGCTAGACGACC-1,4644,4894,0,0,0,0
ACGCGAAGTCAGACGA-1,4027,5435,0,0,0,0
ACGCGCTACACAGGGT-1,2580,4723,1,1,3,3
ACGCGGGCCAAGGACA-1,4176,4088,1,1,3,3
ACGCTAGTGATACACT-1,6134,3542,3,3,1,1
ACGCTGTGAGGCGTAG-1,1651,4547,1,1,3,3
ACGCTTAGTGTCTCTC-1,5145,1302,3,3,1,1
ACGGACTCTCAAAGCG-1,4856,6509,3,3,4,1
ACGGAGCGCAAATTAC-1,6543,2643,1,2,2,2
ACGGCACTTGCTTGGG-1,4080,5704,0,0,0,0
ACGGCCAACATGGACT-1,3822,5795,0,0,0,0
ACGGCGGGTTGCCCTG-1,2567,1492,3,3,1,1
ACGGCTGGATGTAGAA-1,1555,6522,3,3,1,1
ACGGGTCATGTGACTT-1,1436,2394,2,2,2,2
ACGTACAGATTTCTCT-1,4374,1934,2,2,1,1
ACGTACTTTGGCACGG-1,2642,7325,3,3,2,1
ACGTCCTAAACGAGAT-1,4164,1037,3,3,1,4
ACGTCTCGTTCCGGGA-1,1292,4997,0,0,0,0
ACGTGCGCCTCGTGCA-1,4222,2562,0,0,0,0
ACGTGGTCGAATGTGC-1,4990,1213,3,3,1,1
ACGTTAGATTTGCCCG-1,2992,4542,1,1,3,3
ACGTTATTGGTCACTC-1,1644,2752,0,0,0,0
ACGTTCCGCGCTCCGT-1,3754,1756,0,0,0,0
ACGTTCGCAATCAATT-1,6806,3988,3,3,1,1
ACGTTCGTTCAGGAAA-1,3257,6425,4,4,1,1
ACGTTCTGTACAAGTC-1,5889,6864,3,3,4,4
ACTACATCCCGACAAG-1,1866,6700,3,3,1,1
ACTACCAGCTCTCTGG-1,3090,3285,1,1,2,2
ACTACGCGTTAGAATT-1,3876,6423,2,2,0,0
ACTATCGCCGGCTAAA-1,1023,2216,3,3,4,4
ACTATCTGCCCGCGTA-1,6813,5783,4,4,4,4
ACTATGTCCAGCTGCC-1,2124,6789,3,3,1,1
ACTATTCGTCCGTGGT-1,4788,2291,3,2,0,3
ACTATTTCCGGGCCCA-1,3102,6336,2,2,2,2
ACTCAGACCTGCTTCT-1,3187,1848,2,2,0,0
ACTCCAATATCATCAT-1,2485,6697,4,4,1,1
ACTCCCTAATGCTAAA-1,4545,6151,0,0,0,0
ACTCCCTAGAATAGTA-1,4594,5343,0,0,0,0
ACTCGATGTATTTCAT-1,1489,2663,0,0,0,0
ACTCTCTGACTTAGGT-1,5004,4803,0,0,0,0
ACTCTCTTATACACGA-1,5302,1750,3,3,1,1
ACTCTGACCTAATAGA-1,5994,7222,3,4,2,4
ACTGAATGGCGAAAGT-1,5264,5251,0,0,0,0
ACTGATTTAGTGATTC-1,5094,1392,3,3,4,1
ACTGCCCGCCATTCTC-1,2538,7146,3,3,2,2
ACTGCCGTCGTAACTC-1,4583,2471,2,0,0,0
ACTGCGGACACACCGT-1,7117,4346,4,3,4,1
ACTGCTCGGAAGGATG-1,1449,5804,0,0,0,0
ACTGTAGCACTTTGGA-1,2988,3465,1,1,2,2
ACTGTATACGCGAGCA-1,2827,1940,2,2,0,0
ACTGTCCAGGATTATA-1,3815,4000,1,1,3,3
ACTGTGCTAGTAGATC-1,2570,2210,0,0,0,0
ACTGTTTAGTGTAGGC-1,4011,1307,3,3,1,1
ACTTACCGGGCGCGCA-1,5870,2017,4,4,4,4
ACTTATACTTACCCGG-1,5621,4262,4,3,1,1
ACTTATTAGGATCGGT-1,3662,4449,1,1,3,3
ACTTCAGGCTGATCCC-1,5162,5610,2,2,0,0
ACTTCCAGTGGAAGCT-1,1141,6164,3,3,1,1
ACTTGACTCCCTCTTT-1,4695,4804,0,0,0,0
ACTTGCCATATTGTAC-1,3856,1397,3,3,1,1
ACTTGGGACCCGGTGG-1,3504,3642,1,1,3,3
ACTTGTAGTCCCTTCA-1,1498,4996,0,0,0,0
ACTTTCCTATAGCTTC-1,4174,3550,1,1,2,2
ACTTTGACTGCATCCT-1,1548,4547,1,1,3,3
ACTTTGGTCGTGCTCC-1,1659,6521,3,3,1,1
ACTTTGTCGACGCACT-1,7176,6051,3,3,4,4
AGAAATTATGACTCGC-1,6917,5783,4,4,4,4
AGAACCCAGCGTGACA-1,7378,4973,2,2,2,2
AGAACCCTCAATTGGG-1,1452,6522,3,3,1,1
AGAACGTGGTACATTC-1,4741,3458,0,0,0,0
AGAAGGTTGCCGAATT-1,3251,4810,1,1,3,3
AGAAGGTTGTAGGTCG-1,5012,6777,2,2,2,2
AGAATAAATCTTCAGG-1,1547,4368,1,1,3,3
AGAATTGTTTGACATA-1,2159,2570,0,0,0,0
AGACAGCTCAGAATCC-1,1593,3021,0,0,0,0
AGACAGGCATCTCAGC-1,7433,5960,3,3,4,4
AGACATAGATCCTTCC-1,3393,1668,2,2,2,2
AGACCAAACCACACCT-1,1449,5625,0,0,0,0
AGACCCACCGCTGATC-1,4336,5434,0,0,0,0
AGACCCGCCCTCCTCG-1,3864,3371,1,1,3,3
AGACCGGGAAACCCTG-1,1858,4726,1,1,3,3
AGACGACGATGCCGCT-1,2687,5799,0,0,0,0
AGACGCCCACTTCGCC-1,7177,6410,3,3,1,1
AGACTAGCCTTCCAGA-1,3349,3553,1,1,3,3
AGACTGTTACCGGGTC-1,3310,6694,3,3,1,1
AGAGAAACACCAGAAA-1,2744,7145,4,4,1,1
AGAGAACCGTCTAGGA-1,5514,3365,0,0,0,0
AGAGATCTCTAAAGCG-1,1909,4636,1,1,3,3
AGAGCCGCCGAGATTT-1,6764,6232,4,4,1,1
AGAGGTATCTCGGTCC-1,3598,1308,3,3,4,1
AGATAACTTCAGGGCC-1,3247,3912,1,1,2,2
AGATACCAATAGAACC-1,6663,6771,2,2,2,2
AGATACCGGTGTTCAC-1,2941,4632,1,1,3,3
AGATACGACTTCATAT-1,2777,2389,2,0,2,0
AGATACTCAAGATCGA-1,5212,5161,0,0,0,0
AGATATAATACGACTA-1,4703,6779,3,3,1,1
AGATCGTGCATAAGAT-1,5977,2914,3,3,1,1
AGATCTCAGGTGTGAT-1,4845,3637,2,0,0,0
AGATGACTCGCCCACG-1,3811,2923,2,1,2,2
AGATGAGGGTTGCGAT-1,6026,2286,4,4,4,4
AGATGCAAGACGTGCA-1,2225,6250,0,0,0,0
AGATGCATCCTGTGTC-1,1293,5356,0,0,0,0
AGATGCTATAACGAGC-1,1331,2035,3,3,1,1
AGATTATAGGACGTTT-1,3764,4269,1,1,3,3
AGATTCACAACCGATA-1,1656,5803,0,0,0,0
AGCAACATATCTTATT-1,5778,4710,2,2,2,2
AGCAACCGAAAGTAAT-1,2018,6071,0,0,0,0
AGCACACGTTTAGACT-1,2332,7147,2,3,2,2
AGCACCAGTACTCACG-1,4329,3459,1,1,2,2
AGCACTACCTCACCAG-1,5163,5789,2,2,2,2
AGCACTTAAGGACGCC-1,2783,3824,1,1,2,2
AGCAGAAGGAGAAAGA-1,4496,6779,3,3,1,1
AGCATCGTCGATAATT-1,3656,3013,1,1,2,2
AGCCAAGCTTTGTGTC-1,3981,6781,2,2,2,1
AGCCACAGGTTACCCG-1,5579,6685,3,3,4,1
AGCCCATACATGTAAG-1,2322,4813,1,1,3,3
AGCCCGGCATTAGAGG-1,2330,6788,4,4,1,1
AGCCCGGTAGCCTGTA-1,3515,6514,4,4,4,1
AGCCCTAAGCGAAGTT-1,4324,2382,0,0,0,0
AGCCCTGTCGCACCGT-1,7222,4704,2,2,1,1
AGCCCTTCTAATCCGA-1,6285,2554,4,4,4,4
AGCCCTTGGACATCCC-1,7021,6141,4,4,4,4
AGCCGCTTGATTAGCG-1,1022,2036,3,3,4,4
AGCCTAATACCCACGT-1,1706,5534,0,0,0,0
AGCCTTAAAGCGGAAG-1,1748,2931,0,0,0,0
AGCGACAGGAACGGTC-1,2893,5619,0,0,0,0
AGCGACATCCCATTCA-1,4016,2563,0,0,0,0
AGCGACCAACGATATT-1,3812,3282,1,1,3,3
AGCGAGACGTGAAGGC-1,2125,7148,2,2,2,2
AGCGATGCGCCTAATA-1,6559,6771,2,2,2,2
AGCGCGGGTGCCAATG-1,5720,3185,2,2,2,2
AGCGCTTATGGGCAAG-1,5921,1748,2,2,2,4
AGCGGGAAGGGTCCAT-1,2879,2209,0,0,0,0
AGCGGGTCTGACACTC-1,4394,6959,4,3,4,4
AGCGTAGCGCTAGACC-1,2257,1314,3,3,4,4
AGCTAACAAGCAATGT-1,2690,6517,3,3,1,1
AGCTAAGTACGCAGGC-1,5425,6776,3,3,1,1
AGCTAGAAGCAGAAGT-1,6080,2914,3,3,1,1
AGCTATTTAATCCAAC-1,4789,2470,3,3,3,3
AGCTCTAGACGTTCCA-1,4900,4444,1,0,2,0
AGCTCTTCCCAGTGCA-1,5512,2647,1,1,2,2
AGCTCTTTACTCAGTT-1,3302,4720,1,1,3,3
AGCTGAAGTAAACCAA-1,5306,2827,2,2,3,3
AGCTTCTTCTCGAGCA-1,6148,7132,3,4,1,4
AGCTTGATCTTAACTT-1,2167,4724,1,1,3,3
AGGAAAGCCTCTGATG-1,1639,1496,3,3,4,4
AGGACAGTCGAATCCC-1,5366,4891,3,3,0,0
AGGACATCGCACGTCG-1,2932,2478,2,0,0,0
AGGACGACCCATTAGA-1,3303,4899,1,1,3,3
AGGACGCTCGATGTTG-1,6027,2645,2,3,1,1
AGGACTTATAGGAGAA-1,1126,2216,4,4,4,4
AGGATAAAGTCGGGAT-1,4338,5793,2,2,2,2
AGGATCACGCGATCTG-1,1809,5354,1,1,2,2
AGGATTGCTTACGACA-1,7166,3717,3,3,1,1
AGGCAAAGAGGAATCA-1,2978,1131,4,4,4,4
AGGCAGATGCGTAAAC-1,5411,3365,0,0,0,0
AGGCAGGGAGCGTACT-1,3515,6334,4,4,1,1
AGGCCACATTGGTTAC-1,7481,5152,2,2,2,2
AGGCCACCCGTTATGA-1,2936,3555,1,1,2,2
AGGCCCAGTGACTGGT-1,1743,1854,4,4,1,1
AGGCCCATTGTACAGG-1,3809,2384,0,0,0,0
AGGCCCTAGAACGCCA-1,2272,5083,1,1,3,3
AGGCCTGAGAATCTCG-1,5527,6596,3,3,1,1
AGGCGATAACTGGCGT-1,7279,6230,3,3,1,1
AGGCTTCCCGAAGAAG-1,3150,5528,0,0,0,0
AGGCTTGCTAGACACC-1,1903,3200,0,0,0,0
AGGGAAACGAGGTACT-1,5561,2198,3,3,4,1
AGGGACAGCACGGCGG-1,3340,1399,3,4,1,4
AGGGACTCTACGCGAC-1,3720,5975,2,0,0,0
AGGGAGACATACTTCG-1,6805,3629,3,3,4,4
AGGGCGAGCAGCTGAT-1,2014,4994,1,1,3,3
AGGGCTGCAGTTACAG-1,4331,4177,1,1,3,3
AGGGTCAGAGCACTCG-1,3054,7144,3,3,1,1
AGGGTGCCGTTCTTTA-1,2692,6876,3,4,1,4
AGGGTGCTCTCGAGGG-1,5724,4082,2,1,3,3
AGGGTGGATAGTGCAT-1,1544,3650,0,0,0,0
AGGGTTCCCTTTGGTT-1,5516,3724,3,3,0,0
AGGGTTTAGTTCGGGA-1,4228,3998,1,1,0,0
AGGTACGATATTGCCA-1,4891,2111,2,2,2,2
AGGTAGATCGAGATAT-1,2794,6696,2,2,1,1
AGGTAGGTACAAAGCT-1,2578,4184,1,1,2,2
AGGTATGCGGACATTA-1,7376,4435,3,3,1,1
AGGTCGCCACTTCGGT-1,2360,1313,3,3,1,4
AGGTCGCGGAGTTACT-1,6340,3362,3,3,1,1
AGGTGTATCGCCATGA-1,1856,4367,1,1,3,3
AGGTTACACCATGCCG-1,6913,4885,3,3,1,1
AGGTTGAGGCACGCTT-1,4791,3009,0,0,0,0
AGTAATGTCTTGCCGC-1,4067,2473,0,0,0,0
AGTACATCATTTATCA-1,6599,3630,3,3,1,1
AGTACGGCCCGTATCG-1,1546,4188,0,0,0,0
AGTACGGGCACCTGGC-1,5050,3277,0,0,0,0
AGTACGTGGCCTGTCT-1,5507,1570,2,2,1,1
AGTAGCGTGAACGAAC-1,4681,1214,4,4,4,4
AGTAGGAAGGAAGTTG-1,6027,2465,3,3,4,4
AGTATCCATAATAACG-1,2206,1404,3,3,1,4
AGTATGCTGGAGACCA-1,2328,6249,0,0,0,0
AGTCAACACCACCATC-1,3405,4719,1,1,3,3
AGTCACTCCGCCTCAT-1,2516,1582,3,3,1,1
AGTCAGCCACCGCCTG-1,2416,2480,0,0,0,0
AGTCCCGCCTTTAATT-1,5769,2556,3,3,1,1
AGTCGACGGTCTCAAG-1,5622,4441,3,3,0,1
AGTCGGCCCAAACGAC-1,2987,3285,1,1,2,2
AGTCGGTTGCGTGAGA-1,6757,4617,4,4,4,4
AGTCGTATAAAGCAGA-1,5167,6866,2,2,1,1
AGTCTAAAGTATACTC-1,6702,3630,3,3,1,1
AGTCTTTAAAGTGTCC-1,4962,7047,2,2,2,2
AGTGACCTACTTTACG-1,3664,4988,1,1,3,3
AGTGAGCCTCGCCGCC-1,6289,3631,4,4,4,4
AGTGAGGGTTTCTGAC-1,5508,1750,4,4,4,4
AGTGATATGAGTAGTT-1,3510,5078,1,1,3,3
AGTGCTTGCACGAATA-1,5571,4711,4,4,1,1
AGTGGCGTCTGAAGGT-1,5424,6596,4,4,4,4
AGTGGCTCCGTCGGCC-1,1600,4637,1,1,3,3
AGTGGGAGTATACACG-1,969,1588,4,4,4,4
AGTGTATTGCGCATTG-1,5872,2556,3,3,1,1
AGTGTGGTCTATTGTG-1,2160,2929,0,0,0,0
AGTTAAACACTTGCGA-1,3250,4630,1,1,3,3
AGTTAAGCGGTCCCGG-1,5098,2469,2,2,3,3
AGTTACCGCACATGGT-1,1698,3380,0,0,0,0
AGTTATTGAAAGGTAA-1,4784,1214,4,4,4,4
AGTTCACCGGTTGGAC-1,1386,2843,0,0,0,0
AGTTCTGCGTTGTATC-1,1951,2212,2,2,0,0
AGTTGACATCGGCTGG-1,2311,1942,2,2,2,2
AGTTGACGGTCCTTGC-1,4239,6870,3,3,1,1
AGTTGCTGACTGATAT-1,1901,2482,0,0,0,0
ATAAACCATTGGACGG-1,3289,1310,4,4,4,4
ATAAACGGACCCGTAA-1,4129,5255,0,0,0,0
ATAAAGGTCAAGTACG-1,5352,1481,2,2,2,2
ATAAATATTAGCAGCT-1,2424,4454,1,1,3,3
ATAACGCCGGAGGGTC-1,5157,4174,0,0,0,0
ATAAGTAGGATTCAGA-1,6289,3452,3,3,1,1
ATAATACCGTTAGCCG-1,1797,2482,0,0,0,0
ATAATAGCTGTTGAAT-1,4232,5255,0,0,0,0
ATAATAGTGTAGGGAC-1,2520,2659,2,0,0,0
ATAATCTTGGAGAACC-1,4960,6508,3,3,1,1
ATAATTAGCTAAGTAG-1,4290,6780,3,3,1,1
ATACAGGCCCTCCAAT-1,4700,6061,3,3,1,0
ATACCACGGGCAACTT-1,2475,4185,1,1,2,2
ATACCAGCAAATTGCT-1,4063,1396,3,3,1,1
ATACCAGGTGAGCGAT-1,3804,1128,3,3,1,1
ATACCTAACCAAGAAA-1,4288,6242,4,4,1,1
ATACGAAGGCTTTCCA-1,7324,4345,3,3,1,1
ATACGGAACGTCGTTT-1,2121,6071,0,0,0,0
ATACGGGTTTCGATTG-1,5204,3007,3,3,0,0
ATACGGTGAAGATGCA-1,1546,4009,0,0,0,0
ATACGTACTTAGCCAC-1,4957,5970,2,2,0,0
ATACGTTATGCACGGA-1,4238,6691,4,3,1,1
ATACTACCCGTACCAC-1,6403,6323,3,3,1,1
ATACTTGTTCTCGAGC-1,1493,3740,1,0,0,0
ATAGACAACGGGACCT-1,5722,3544,2,2,2,2
ATAGACGAAGAGAAAG-1,3299,4002,1,1,3,3
ATAGAGTACTGGGACA-1,3451,3373,1,1,2,2
ATAGAGTTATCAACTT-1,5773,3454,2,2,2,2
ATAGATTTGCAGTCGG-1,4423,1126,4,4,4,4
ATAGCAACTAGGGAAG-1,6043,6594,4,4,1,4
ATAGCCTCAGTACCCA-1,1695,2662,0,0,0,0
ATAGCTGCTCTTGTTA-1,1488,2483,2,2,2,2
ATAGGCGGCTATAGAA-1,2684,4902,1,1,3,3
ATAGGTTGGGCAGATG-1,4277,3549,1,1,2,2
ATAGTGAAGCGTTCTC-1,3921,4717,2,2,3,3
ATATAAAGCGCTCGTG-1,4494,6241,2,2,1,1
ATATAACACGGGCGCA-1,5838,6954,3,3,1,1
ATATACGCTCGTGACG-1,6559,6592,2,2,2,2
ATATAGAGTATTGGTC-1,1556,6701,3,3,4,4
ATATCTCCCTCGTTAA-1,5460,2737,1,1,2,2
ATATCTTAGGGCCTTC-1,4125,4178,1,1,3,3
ATATTATCCCGTATTT-1,1021,1857,4,4,4,4
ATATTCAGTTAAACCT-1,3045,4990,1,1,3,3
ATATTCCACATAGTGA-1,4956,5611,3,3,1,1
ATATTGCTGTCAAAGT-1,2623,2658,0,0,0,0
ATATTGGAGAGGCCTT-1,7228,6320,3,3,1,1
ATCAATCTGGGCTGCA-1,4331,3998,2,1,0,0
ATCAATGCCGTGGCTG-1,1968,6520,3,3,1,1
ATCACATTAGAATATC-1,5203,2828,0,3,3,3
ATCACTTCATCCTCGC-1,4430,2920,0,0,0,0
ATCAGACGGCACGCCG-1,3148,4990,2,1,3,3
ATCAGCTCGTCCACTA-1,1757,5444,0,0,0,0
ATCAGGTCGCCATTGC-1,5818,1748,3,3,1,4
ATCAGTAGGCAGGGAT-1,5462,3096,0,0,0,0
ATCATAGCCCTATGTA-1,6456,6592,3,3,1,1
ATCATCCAATATTTGT-1,4023,4538,2,2,3,3
ATCATGGACTACCGAC-1,7481,4973,2,2,2,2
ATCCAATGGAGGGTCC-1,2374,4903,1,1,3,3
ATCCACATCGACAGAA-1,4702,6599,2,2,2,1
ATCCACGCTAAATGTT-1,5249,1481,2,2,1,1
ATCCAGAGCAACAACC-1,3666,5526,0,0,0,0
ATCCAGGATTCGTGAA-1,3353,4630,1,1,3,3
ATCCCATCCACAGCGC-1,1710,6611,4,4,4,4
ATCCTACCTAAGCTCT-1,3458,4988,1,1,3,3
ATCCTGAATCGCTGCG-1,2321,4454,1,1,3,3
ATCCTTCTGAAAGAAC-1,7482,5332,3,3,1,1
ATCGACTCTTTCCGTT-1,4121,3101,2,2,2,2
ATCGCACGATTGTTCA-1,1846,1674,3,3,1,1
ATCGCACGCCGGGAGA-1,3915,3282,1,1,3,3
ATCGCTGCGTGCAGCA-1,6700,3091,1,1,3,4
ATCGCTTTACGTCTCA-1,7426,4165,4,4,4,4
ATCGGAGACAGACGGC-1,4905,5701,4,4,1,1
ATCGGCAAGCAGTCCA-1,5925,2825,3,3,1,1
ATCGTCCAATCGAGTC-1,1640,1855,4,4,4,4
ATCGTGGAAAGTCTGG-1,2175,6699,3,3,1,1
ATCGTTCACTTTCGCC-1,5818,1928,4,4,4,4
ATCTAACGTCCCTATG-1,1124,1857,4,4,4,4
ATCTAATATCCTACGG-1,4442,5972,4,4,1,1
ATCTAGCTTGTGAGGG-1,4343,7049,3,3,4,4
ATCTCCCACGGAATAT-1,6558,6412,2,2,2,2
ATCTCGTGAGCGAAAC-1,6966,5334,4,4,4,4
ATCTGACATGGAAGGA-1,3103,6695,3,3,1,1
ATCTGATAGTGTCTTA-1,1591,2483,2,2,0,0
ATCTGCTGTTATCGCC-1,3930,7051,3,3,1,1
ATCTGGGCTGTTCTTG-1,4547,6510,2,2,2,2
ATCTGTAATTGTACCC-1,3912,2384,0,0,0,0
ATCTTATCGCACACCC-1,6353,6772,4,4,1,1
ATCTTGACCTGCAACG-1,3245,3374,1,1,2,2
ATCTTGACTTGTCCAA-1,6547,3720,3,3,1,1
ATGAAGCCAAGGAGCC-1,3347,3015,1,1,2,2
ATGACGCCGGCTCTAA-1,3964,2474,0,0,0,0
ATGACGCGTTCTATCC-1,2532,5710,0,0,0,0
ATGACTATCAGCTGTG-1,3207,6695,3,3,1,1
ATGAGGGCAGCGGCTA-1,7171,4794,2,2,1,1
ATGATCGGGAATAGAC-1,3757,2474,0,0,0,0
ATGATGCAATGGTACA-1,3561,4988,1,1,3,3
ATGCACCTTCCTTAAT-1,1283,2843,0,0,0,0
ATGCACGCGCTGTTCA-1,1555,6342,3,3,1,1
ATGCACTACCGCATTG-1,3297,3463,1,1,2,2
ATGCATTCCGTGATGG-1,3650,1398,2,2,2,2
ATGCCAATCGCTCTGC-1,6387,2374,2,2,2,2
ATGCCATTTGCGACCA-1,5675,4890,2,2,0,0
ATGCCGGTCTTGCATA-1,4846,3816,0,0,0,0
ATGCCGGTTGATGGGA-1,5254,2738,2,2,3,3
ATGCTCAGTGTTGCAT-1,2470,2928,0,0,0,0
ATGGAAATTTAAGGAG-1,1346,5805,2,2,0,0
ATGGAACCTTTGCACA-1,7169,4435,3,3,1,1
ATGGAGCAGGCCGTGA-1,4383,4267,1,1,3,3
ATGGATCCGGCGTCCG-1,5048,2739,3,3,3,3
ATGGATTGACCAAACG-1,4122,3460,1,1,2,2
ATGGCAGCATTACGAT-1,1918,6789,2,2,2,2
ATGGCGGAATAGTCGC-1,7374,4076,4,4,4,4
ATGGCTGGAAATGGCC-1,5766,1838,4,4,4,4
ATGGGACCTGCTGAAC-1,2587,6518,4,4,4,4
ATGGGTGTATACCTCC-1,2227,6788,4,4,1,1
ATGGTCGCGTGGTTTC-1,5366,5071,0,0,0,0
ATGGTGCTCAAAGCCA-1,3907,1128,3,3,4,4
ATGTAAGGCTGCTCTT-1,6754,3899,3,4,1,1
ATGTACGATGACGTCG-1,4291,6960,3,3,1,1
ATGTAGCGCGCGTAGG-1,4704,7137,2,2,1,1
ATGTCATTTCCCATTG-1,1179,2664,2,2,2,2
ATGTGCATCCGACGCA-1,3915,3102,1,1,2,2
ATGTGGACATCTTGAT-1,4645,5253,0,0,0,0
ATGTTCCTGCCCACCT-1,1385,2484,2,2,2,2
ATGTTCGTCGACCCAC-1,1701,4098,0,0,0,0
ATGTTGATTAGAGACT-1,5736,7133,2,2,1,1
ATTAAACATGCGGACC-1,4025,4897,1,1,3,3
ATTAATGAACCAGTCG-1,5049,3098,2,2,2,2
ATTAATTCGGTCACTC-1,4376,2292,0,0,0,0
ATTACAACTACCGGCC-1,5458,2019,3,3,1,1
ATTACCACACTGCCTG-1,7070,5333,4,4,4,4
ATTACGCGCTGGCAGG-1,2528,4633,1,1,3,3
ATTACTTACTGGGCAT-1,6132,3004,4,4,4,4
ATTAGATTCCTCAGCA-1,6391,3272,2,3,1,1
ATTATACTTTGCTCGT-1,4996,2649,2,2,3,3
ATTATAGCTACTTTAC-1,6910,3988,2,3,1,1
ATTATCTCGACAGATC-1,4115,1665,2,2,2,2
ATTATGCCATAGGGAG-1,3708,2923,1,1,2,2
ATTATTATGTCCGTCA-1,2896,6337,4,4,1,1
ATTATTCAGAGTCACT-1,5993,7043,4,4,4,4
ATTCAAAGTACCTGTT-1,1279,1766,3,4,4,4
ATTCACTGATGTTGGA-1,4494,6061,4,4,1,1
ATTCAGGACCTATTTC-1,6028,2824,3,3,1,1
ATTCCCGAAGGTACAG-1,988,6434,3,3,1,1
ATTCGACGCCGGGCCT-1,2320,4275,1,1,3,3
ATTCGCGCCTTGAGAG-1,6508,6861,2,2,2,2
ATTCTCGTCTCTTTAG-1,3601,2026,0,0,0,0
ATTCTGAGTATGAACT-1,5404,1570,3,3,1,1
ATTCTTCGTACTTATG-1,5457,1839,3,3,1,1
ATTGAAGATCTTAGTG-1,3505,3822,1,1,3,3
ATTGATAGCAACGAGA-1,2105,2122,2,2,0,0
ATTGATCACCACATTT-1,1397,5715,0,0,0,0
ATTGCCTTTATGTTTG-1,5322,6776,3,3,1,1
ATTGCTGCTCCTCCAT-1,3197,4182,1,1,3,3
ATTGGTAGGATCCGCT-1,1130,3292,0,0,0,0
ATTGTTCAACGATCCG-1,7329,5781,4,4,4,4
ATTTAACTCGTATTAC-1,3653,2295,0,0,0,0
ATTTACAGTTTACTGG-1,2937,3734,1,1,2,2
ATTTACTAAGTCCATT-1,6703,3809,4,4,4,4
ATTTCATTATTTCGCG-1,4994,2290,2,2,2,2
ATTTCCGGGTTCTGCG-1,2791,5978,0,0,0,0
ATTTGCCTAGTTACGA-1,4113,1127,4,4,4,4
ATTTGCGCGAGTAGCT-1,2584,5800,0,0,0,0
ATTTGGAGATTGCGGT-1,987,6255,2,3,1,1
ATTTGTCTTGGGAGCT-1,5313,4622,2,0,0,0
ATTTGTTCCAGGGCTC-1,4635,2740,0,0,0,0
CAAACGGTCGCACTTT-1,3040,3734,1,1,2,2
CAAACTATTGAGCTTC-1,4839,2021,2,2,2,2
CAAAGATTATTGGGCC-1,2534,6069,0,0,0,0
CAAAGGTCATCTGAAA-1,7378,5153,3,3,1,1
CAAAGTCAGGTTAGCT-1,1537,1855,4,4,4,4
CAAATCTCTCACAAGG-1,2220,4993,1,1,3,3
CAAATGCGGAGTGTTC-1,3958,1038,3,3,4,4
CAAATGTCCTTCCGTG-1,3716,5077,1,1,3,3
CAACACATCTCCTGCC-1,7167,3897,4,3,4,4
CAACAGTGCCAAACGG-1,4577,1035,3,4,1,4
CAACATGGCCTGATAA-1,1588,1586,4,4,4,4
CAACCGCACCTAGACA-1,1228,2036,4,4,4,4
CAACCTACCGAGCAGT-1,6301,6503,4,3,1,1
CAACGACCCGTTTACA-1,3552,2834,2,2,2,2
CAACGGTTCTTGATAC-1,2933,2657,0,0,0,0
CAACTATATCGAATGC-1,5046,2380,1,1,2,2
CAACTCCAACGTTTAG-1,5404,1391,2,2,2,2
CAACTGCTCATCCGAT-1,3824,6333,3,3,1,1
CAACTTGTAGTGGGCA-1,3084,1849,2,2,0,2
CAAGAGGGCGGAGTAC-1,4799,5163,0,0,0,0
CAAGATATTATAACGT-1,5573,5070,2,2,2,0
CAAGCAACGTCGGAGT-1,2938,3914,1,1,3,3
CAAGCACCAAATGCCT-1,4377,2651,2,2,2,2
CAAGCGGCACATAATT-1,4699,5881,3,3,1,1
CAAGGCCAGTGGTGCA-1,6148,6952,4,4,4,4
CAAGTGTGGTTGCAAA-1,5829,4620,1,1,2,2
CAATAAACCTTGGCCC-1,4792,3368,2,2,2,0
CAATACGAGAGTCTGA-1,7171,4974,3,3,1,1
CAATATTCTTGACCTA-1,3049,5888,0,0,0,0
CAATATTGGACTAGTG-1,1898,1764,3,3,4,1
CAATCCCTATACCAGC-1,5510,2109,3,3,1,1
CAATCCTGCCGTGGAG-1,2209,2301,0,0,0,0
CAATGAGGTTCGACTA-1,7114,3628,2,2,2,2
CAATGGATCTCTACCA-1,5412,3545,3,0,0,0
CAATTGGGCCGCACTC-1,1193,6074,2,2,2,2
CAATTTCGTATAAGGG-1,4229,4357,1,1,3,3
CAATTTGACCGGGAAG-1,1639,1675,4,4,4,4
CACAATGAGCTGCTAT-1,3560,4809,1,1,3,3
CACACAGCTTGCGCTC-1,6915,5244,4,4,4,4
CACACGTTTCAATGGG-1,5559,1480,1,1,2,2
CACAGAGACGAGGACG-1,2021,6789,2,2,0,1
CACAGCACCCACGGCA-1,4021,3820,1,1,3,3
CACAGTCCCGCTTCGC-1,6764,6411,4,4,1,1
CACAGTTCGCTTCCCA-1,6865,5873,4,4,4,4
CACATATTAGCAGGAT-1,4748,5253,0,0,0,0
CACATCGTGCACGCGC-1,2948,6426,2,2,1,1
CACATCTCACCGACGA-1,4855,6150,2,2,2,2
CACATGATTCAGCAAC-1,4281,4447,1,1,3,3
CACCACGCCACACAGA-1,1393,4638,1,1,2,2
CACCCACACGTCACCC-1,3190,2566,0,0,0,0
CACCCACGAGGCAATT-1,5409,2827,2,2,2,2
CACCCTTGGTGAGACC-1,1809,5533,0,0,0,0
CACCCTTTCCTCGCTC-1,3032,1759,2,2,2,2
CACCGATACACCGAGC-1,5303,1930,3,3,1,1
CACCGCCAGAAGGTTT-1,4019,3461,1,1,2,2
CACCGCCGACCAGCGA-1,4425,1844,2,2,1,1
CACCGCGTCCACTCTA-1,6336,2464,4,4,4,4
CACCGGAGATATCTCC-1,5766,1659,3,3,1,4
CACCTAATAGAGTCGT-1,2262,2570,0,0,0,0
CACCTAATCAGTTTAC-1,4687,2830,0,0,0,0
CACCTCGATGGTGGAC-1,4583,2651,0,0,0,0
CACCTTGCGAAACTCG-1,5307,3186,0,0,0,0
CACGAAAGTTAGTCCC-1,2474,4005,1,1,2,2
CACGACTAAAGTTCTG-1,3495,1309,3,3,1,1
CACGATTGGTCGTTAA-1,3545,1039,3,3,1,1
CACGCACAGCGCAGCT-1,4689,3189,0,0,0,0
CACGCAGCGAGGCTTT-1,3195,3823,1,1,2,2
CACGGCGCGCCAAAGG-1,6284,2375,4,4,4,4
CACGGGATTGAGGGTT-1,1545,3829,0,0,0,0
CACGTCAATCAATGGA-1,6971,6590,2,2,2,2
CACGTCGGGTTCTAGA-1,1023,2395,4,4,4,4
CACGTTCGTGCTCTAG-1,5157,4354,0,0,0,0
CACTAAAGTTGCCTAT-1,3609,4180,1,1,3,3
CACTACGGGAGCTGCC-1,6506,6323,3,3,1,1
CACTACTCAGTTCTGT-1,4837,1483,2,3,1,1
CACTCAAGAGCTATGG-1,3920,4538,1,1,3,3
CACTCAGCTCTTGAGG-1,4632,2022,2,2,1,1
CACTCCTATGTAAGAT-1,2843,6068,0,0,0,0
CACTCGAGCTGAACAA-1,4800,5342,2,0,2,0
CACTCGGTTAGGAGGA-1,1649,4188,0,0,0,0
CACTTCGCCACAGGCT-1,2573,2928,0,0,0,0
CACTTCGTCTTATCTC-1,1694,2303,2,2,2,2
CAGAATAACACACGGA-1,6711,5963,4,4,4,4
CAGAATATTCGTTATC-1,7380,5512,4,4,4,4
CAGACACCGATCGCTG-1,3616,5796,0,0,0,0
CAGACGAACCTGATAC-1,3563,5527,0,0,0,0
CAGAGGCGATGCATGA-1,3461,5886,0,0,0,0
CAGAGTGATTTAACGT-1,4529,1843,3,2,1,1
CAGATAATGGGCGGGT-1,6251,6952,4,4,4,4
CAGATACTAACATAGT-1,3348,3373,1,1,2,2
CAGATCATTTAAAGTC-1,6545,3002,4,4,4,4
CAGATCCTGGTTTGAA-1,1863,5982,0,0,0,0
CAGCAGCCCGTTCCTT-1,4999,3546,0,0,0,0
CAGCAGTCTGTGCTGC-1,4805,6599,2,2,1,1
CAGCCCTCACAGGCAG-1,4217,1306,3,3,1,1
CAGCCGGGCCCTCTAT-1,5354,2019,3,3,4,1
CAGCCTCCTGCAGAGG-1,4946,3098,0,0,0,0
CAGCCTCTCCTCAAGA-1,5872,2376,4,4,4,4
CAGCTCACTGAGACAT-1,4021,3999,1,1,3,3
CAGCTCGACAAGTTAA-1,5618,3544,2,2,0,0
CAGCTCGTGCTTGTGT-1,3138,2297,1,0,2,0
CAGCTCTGGGCTCACT-1,2798,7594,3,3,2,2
CAGGATATATCGTTGT-1,4077,4986,1,1,3,3
CAGGATCCGCCCGACC-1,3494,1129,4,3,4,4
CAGGCAGTCTTACCAG-1,5374,6866,3,3,4,4
CAGGCCGTTTGGGTGT-1,3198,4541,1,1,3,3
CAGGCGCACGGTGGTC-1,2430,6069,0,0,0,0
CAGTAACTATTTATTG-1,6183,2734,4,4,4,4
CAGTAATCCCTCCCAG-1,2263,2929,0,0,0,0
CAGTACATTCTCTAAA-1,6234,2824,4,4,4,4
CAGTAGATGATGTCCG-1,1024,2575,2,2,2,2
CAGTAGCCCACGCGGT-1,5669,3275,2,2,2,2
CAGTAGCGAGGTAGTA-1,2515,1402,4,4,4,4
CAGTCGAGGATGCAAT-1,6081,3273,4,4,4,4
CAGTCGGCCTAGATAT-1,1137,5087,0,0,0,0
CAGTCTCTCGGCTAAT-1,2413,1582,3,3,1,1
CATAACGGACAGTCGT-1,5827,4261,1,1,2,2
CATAAGAAGCTTGGCT-1,4701,6240,2,3,2,0
CATAAGCTCTCCGTCT-1,1703,4816,2,0,0,0
CATACACAAAGTCAGC-1,986,6075,4,3,1,1
CATACACGGTTCCCAC-1,3825,6513,2,2,2,2
CATACCCGTACCCAGT-1,2578,4364,1,1,3,3
CATACGAACTAGCTGG-1,2588,6877,3,4,4,4
CATACGGCGTCTGGGC-1,4230,4537,1,1,3,3
CATACGGGTGCATGAT-1,1845,1495,4,4,4,4
CATACTATGTAATTGT-1,3455,4271,1,1,3,3
CATAGAGGAGATACTA-1,5478,7224,2,2,2,2
CATAGCGTTGCCCACC-1,3152,5887,0,0,0,0
CATAGTACATTGAGAG-1,4943,2380,2,2,3,3
CATAGTCAAATACATA-1,5786,6864,3,3,1,1
CATAGTCCACAAGAAC-1,2581,5082,1,1,3,3
CATATACTACTGATAA-1,6234,2644,4,4,4,4
CATATAGGTACAGTCA-1,3818,4897,2,2,3,3
CATCATCTACCCGGAC-1,4529,2023,0,0,0,0
CATCCGCAGGCCCGAA-1,1745,2393,2,2,0,0
CATCGCCCGCGGCCAA-1,3241,2297,2,0,0,0
CATCGGACGGGTTAAT-1,3973,4807,2,2,3,3
CATCGTCCGGTTACTA-1,1542,3111,0,0,0,0
CATCTAGTGAAGGGAA-1,7223,5063,3,3,4,4
CATCTATCCCGTGTCT-1,6131,2645,3,3,4,4
CATCTGCAGGATCATT-1,1389,3561,0,0,0,0
CATGAACCGACATTTG-1,3188,2028,0,0,0,0
CATGAACCTCTTATCA-1,4527,1484,3,3,1,1
CATGATGCACAATTCT-1,4533,2920,0,0,0,0
CATGCCAACTCGCAAA-1,2065,4904,1,1,3,3
CATGCTGGCTCCAATT-1,4065,2114,0,0,0,0
CATGGCAGGAAGATCG-1,3912,2564,0,0,0,0
CATGGGTCGGGTGTGG-1,5358,2917,2,2,0,0
CATGGTAAGTAGCGTT-1,4748,5073,0,0,0,0
CATGGTATTAGTTTGT-1,1348,6343,2,2,2,2
CATGTCTCATTTATGG-1,5368,5430,2,2,2,2
CATTACATAGATTGTG-1,7011,3449,1,2,2,2
CATTACGTCGGCCCGT-1,4326,2741,0,0,0,0
CATTATAACAGGGTCC-1,4319,1126,4,4,4,4
CATTATGCTTGTTGTG-1,3658,3372,1,1,3,3
CATTCACTGACAGCTA-1,4424,1485,3,3,1,1
CATTCAGGTCAGTGCG-1,2051,1494,3,3,1,1
CATTCCCATTCCGTCG-1,7064,3897,3,3,4,4
CATTCCCTAAGTACAA-1,1899,2123,2,2,2,2
CATTGCGAAATGGGCG-1,1598,4278,1,1,0,0
CATTGCGGGTCAATTC-1,6907,3270,2,2,2,2
CATTGTGTGCTAGATC-1,1745,2213,2,2,2,2
CATTTAGCGGACCATG-1,5359,3276,0,0,0,0
CATTTATCGTTCAAGA-1,4940,1483,3,3,4,4
CATTTCTAGCAGACTA-1,2313,2480,2,0,0,0
CATTTGAGTGGTACGT-1,3460,5527,0,0,0,0
CCAAACAGAACCCTCG-1,3450,3014,1,1,2,2
CCAAAGTCCCGCTAAC-1,2876,1311,3,3,1,1
CCAAATCAAAGGGCAA-1,2127,7507,4,4,4,1
CCAACCTTATGTAACT-1,3105,7054,4,3,1,1
CCAACGATGCACTGAT-1,2886,3824,1,1,2,2
CCAACGCTTGCCAGGG-1,6128,1927,2,2,2,2
CCAACTTGATAGATCC-1,7327,5242,4,4,4,4
CCAAGAAAGTGGGCGA-1,3667,5706,0,0,0,0
CCAAGGAACAGAGAGG-1,3447,2296,0,0,0,0
CCAATAGTGCCGTCGA-1,3145,4092,1,1,3,3
CCAATGTCACAGCAAG-1,3507,4360,1,1,3,3
CCACACTGAGATATTA-1,3508,4540,1,1,3,3
CCACCAACTTTACTGT-1,3048,5708,0,0,0,0
CCACCCAAGGAAAGTG-1,4848,4355,0,0,0,0
CCACGGCAGGTGTAGG-1,2590,7415,3,3,1,1
CCACGTAAATTAGACT-1,7271,4076,3,3,1,1
CCACTATCCGGGTCAC-1,6960,3718,3,3,4,4
CCACTGGTGGCTGGTT-1,2063,4545,1,1,3,3
CCACTGTTTGGATTAA-1,6454,6233,4,3,1,1
CCAGAAAGCAACTCAT-1,2842,5709,0,0,0,0
CCAGAGACAAAGCCGG-1,2058,3109,0,0,0,0
CCAGCCTGGACCAATA-1,4332,4357,1,1,3,3
CCAGCTACGCCTCATA-1,2775,1850,2,2,2,0
CCAGCTCGAACGCATT-1,4341,6690,3,3,1,1
CCAGCTGATGGTACTT-1,2063,4366,1,1,3,3
CCAGGCTGGCGTCTGA-1,7279,6050,3,3,1,1
CCAGGGACGTGGCCTC-1,3710,3462,1,1,3,3
CCAGTAGTCTGATCCA-1,5670,3454,2,2,2,2
CCAGTCAAATCTCTTA-1,1394,4817,0,0,0,0
CCAGTCTAGACGGCGC-1,5411,3186,0,0,0,0
CCAGTCTTGTCATAGA-1,4030,6332,3,3,1,1
CCATAAACAACCCGAC-1,4891,2290,2,2,3,3
CCATAACCTGTGCAGT-1,1242,5625,2,2,0,0
CCATAGAGGCTGCCAG-1,1194,6433,4,3,4,1
CCATAGGTTGGCGTGG-1,4171,2652,0,0,0,0
CCATAGTCAGTAACCC-1,1849,2392,0,0,0,0
CCATCGCAGTTAAACT-1,4182,5524,0,0,0,0
CCATCTTGTTCACAAT-1,3084,1669,2,2,2,2
CCATGCCTGTTTAGTA-1,3712,4180,1,1,3,3
CCATGTTCATCTATAT-1,2435,7146,3,3,2,2
CCATTAGCGATAATCC-1,3144,3913,1,1,2,2
CCATTCCCTGCCCACA-1,2990,4003,1,1,3,3
CCATTTCTACCTATTA-1,4648,5971,3,3,0,0
CCCAACATACGTCGCG-1,2787,4901,1,1,3,3
CCCAACCACACTAACA-1,4373,1754,2,2,1,1
CCCAAGACAGAGTATG-1,3547,1398,2,2,2,2
CCCAAGTCATTACACT-1,5942,7133,4,4,4,4
CCCAATGAGATTTGCA-1,3051,6426,2,2,2,2
CCCAATTTCACAACTT-1,2682,4543,1,1,3,3
CCCACTCCACGGTATC-1,1139,5446,2,2,0,0
CCCAGAGGAGGGCGTA-1,6390,2913,2,2,1,1
CCCAGGTCTGAAGGCT-1,6710,5783,4,4,4,4
CCCAGTAAACTTGGGA-1,1604,5714,0,0,0,0
CCCAGTTAAGGCGCCG-1,5211,4802,0,0,0,0
CCCGAAGTTTCGCGAA-1,1550,5086,0,0,0,0
CCCGACCATAGTCCGC-1,4790,2829,0,0,0,0
CCCGATAGCCTCGCCT-1,7530,4344,4,4,1,4
CCCGCAGCGCGAACTA-1,4439,5433,0,0,0,0
CCCGCTTGCCCTCGTC-1,3030,1221,3,3,1,1
CCCGGCTAGGTGAGAA-1,1073,1947,4,4,4,4
CCCGGGTCGTTCAGGG-1,3929,6871,4,3,1,1
CCCGGTGGAAGAACCT-1,2058,3289,0,0,0,0
CCCGTAAGTCTAGGCC-1,2425,4634,1,1,3,3
CCCGTAGCTGGGAAGA-1,2998,6157,0,0,0,0
CCCGTCAGCGTCTGAC-1,3605,3103,1,1,2,2
CCCGTGAGGGCGGTGA-1,1188,4997,0,0,0,0
CCCGTGGGTTAATTGA-1,1432,1317,4,4,4,4
CCCTAGGCAACAAGAG-1,1138,5267,0,0,0,0
CCCTATGTAGAGCAGA-1,2226,6429,3,3,1,1
CCCTCAAGCTCTTAGT-1,1180,2844,0,0,0,0
CCCTCAGATCGAGAAC-1,2333,7506,4,4,4,4
CCCTCATTCTGGAATT-1,3242,2476,0,0,0,0
CCCTCGATAATACACA-1,2487,7236,4,3,1,1
CCCTCGGGAGCCTTGT-1,3959,1217,4,4,4,4
CCCTGAAATGAGTTGA-1,2989,3824,1,1,2,2
CCCTGACTAACAAATT-1,1599,4457,1,1,3,3
CCCTGATGTAACTCGT-1,1797,2303,2,2,0,0
CCCTGCCCAATCCGCT-1,1961,4725,1,1,3,3
CCCTGCGCTACGCATA-1,2216,4096,1,1,2,2
CCCTGGCTGTTCCTTC-1,1241,5266,0,0,0,0
CCCTTCTCGTACGCGA-1,2824,1222,4,3,4,1
CCCTTTAATGGAGTTC-1,6611,6681,2,2,2,2
CCCTTTGACAGGTCTT-1,3872,5525,0,0,0,0
CCGAAAGTGGTGAGCA-1,2365,2570,0,0,0,0
CCGAACACTGGGCCTC-1,1910,4995,1,1,3,3
CCGAACCTTCCCGGCC-1,4646,5433,2,0,0,0
CCGAAGCATTGACCAA-1,1246,6523,4,4,4,4
CCGAAGTATATTGTTC-1,2109,3019,0,0,0,0
CCGACAAACACATGAG-1,1694,2483,2,2,0,0
CCGACGTAAACACAAC-1,5974,2196,4,4,4,4
CCGACTCGCATAGTCT-1,4888,1393,3,3,1,1
CCGAGAAGTCGCATAA-1,6759,5155,3,4,1,4
CCGATATGACGTAAGG-1,7536,5960,2,3,1,1
CCGATTCGAGGGACCC-1,2011,4456,1,1,3,3
CCGCACAAAGACCAAC-1,4899,4265,2,0,0,0
CCGCACACGAACGTGT-1,7326,5063,3,3,1,1
CCGCATGTGGTACGAT-1,4390,6062,4,4,1,1
CCGCCACCACAATCCA-1,4372,1395,3,3,1,1
CCGCCGGAACTTCTCG-1,1605,5893,0,0,0,0
CCGCCGTTGAGGATAA-1,7120,5064,3,3,4,4
CCGCCTGCGAATTGGT-1,5975,2376,4,4,4,4
CCGCGGAATGCGTCAC-1,3305,5617,0,0,0,0
CCGCTCTTCCGAACTA-1,6095,6683,4,4,4,4
CCGCTGGTGCCATTCA-1,4785,1573,3,3,4,1
CCGCTTCGCGGTTAAC-1,2927,1221,3,3,1,1
CCGCTTGCTGACATGG-1,6804,3450,3,3,4,4
CCGGAAGTTATCAGTC-1,7534,5421,3,3,1,1
CCGGAGCGTACTTTCT-1,3875,6243,4,3,1,1
CCGGCCGCGAGCATAT-1,1090,6254,3,3,1,1
CCGGCGCATATTGGAT-1,3860,2295,0,0,0,0
CCGGCGTGAGACTCTG-1,1550,5265,0,0,0,0
CCGGGACCCGCAGAGA-1,3654,2475,0,0,0,0
CCGGGCGGTCTCGTCA-1,4898,3906,2,0,0,0
CCGGGCTAAGAATTTC-1,2023,7328,3,4,1,1
CCGGGTTCGAGGTTAC-1,2630,4453,1,1,3,3
CCGGTGCGAGTGATAG-1,1330,1676,3,3,4,4
CCGGTTTGTAATTGTG-1,3153,6067,0,0,0,0
CCGTACCCAAGCGCCA-1,2724,2119,0,0,0,0
CCGTAGGGTTGTTTAC-1,6352,6413,3,3,1,1
CCGTATCTCGTCGTAG-1,2378,5800,0,0,0,0
CCGTGAGGCATTCATG-1,7168,4256,3,3,1,1
CCGTGGAACGATCCAA-1,6442,3182,3,3,1,1
CCGTTACGTTAGAACA-1,5512,2826,2,2,2,2
CCGTTCCGAATCTCGG-1,2115,4635,1,1,3,3
CCTAAACAGGGTCCGT-1,3855,1038,4,4,4,4
CCTAAAGGCTGACGCT-1,5201,2289,2,2,2,2
CCTAAGTGTCTAACCG-1,2102,1224,3,3,4,4
CCTACATTCACAGACG-1,2687,5620,0,0,0,0
CCTACTGCTTACACTT-1,3503,3463,1,1,3,3
CCTAGGTAAAGGTAGC-1,1552,5624,0,0,0,0
CCTAGTTAGTCGCATG-1,4684,2112,2,2,0,0
CCTATACCGTCCTGTC-1,3307,5976,0,0,0,0
CCTATATCGTGTCACG-1,1503,6432,3,3,1,1
CCTATATTTGTCCTGG-1,3670,6603,2,2,1,1
CCTATGGCTCCTAGTG-1,2226,6609,2,3,1,1
CCTATGGTCAAAGCTG-1,4498,7138,4,4,4,4
CCTATGTCCACTCCAC-1,5734,6595,3,3,1,1
CCTCACCAATCTTGAC-1,2778,2568,2,0,0,0
CCTCACCTGAGGGAGC-1,6237,3542,4,4,1,1
CCTCACGTCAGCTAAT-1,7280,6409,2,2,2,1
CCTCATGCAGCTACGA-1,2517,1941,2,2,2,0
CCTCCCGACAATCCCT-1,4219,1844,0,0,0,0
CCTCCGACAATTCAAG-1,2680,4004,1,1,2,2
CCTCCTGTTGTGTCGT-1,5940,6594,4,4,4,4
CCTCGACCCACTGCCT-1,4733,1304,4,4,4,4
CCTCGCCAGCAAATTA-1,4790,2650,2,2,0,0
CCTCGCGCTGTGCGAT-1,4030,6153,3,3,1,1
CCTCGGATGCTACCTG-1,1494,3919,0,0,0,0
CCTCGGTTTCCTTGCC-1,2951,7324,2,3,2,2
CCTCTATCGATTAGCA-1,2326,5711,0,0,0,0
CCTCTCTCCCATCTAG-1,2835,4093,1,1,3,3
CCTCTGGCCTAGACGG-1,4840,2380,2,2,3,3
CCTCTGTACTATTCTA-1,4131,5794,0,0,0,0
CCTGAACGATATATTC-1,5364,4353,1,1,2,0
CCTGAATATTTACATA-1,4637,3099,0,0,0,0
CCTGACAAACTCGCGC-1,1128,2754,2,2,2,2
CCTGAGAATAAATGCA-1,2694,7415,3,3,2,2
CCTGCGATAGAACTGT-1,2001,1763,2,3,2,1
CCTGCTATTTGAGAAG-1,3555,3373,1,1,3,3
CCTGGAAACGTTCTGC-1,6809,4527,4,4,4,4
CCTGGCTAGACCCGCC-1,3195,3643,1,1,2,2
CCTGTAAGACATGATA-1,3094,4362,1,1,3,3
CCTGTACTCACGCCCA-1,2218,4634,1,1,3,3
CCTGTCGCCCGTAAAT-1,4177,4268,1,1,3,3
CCTGTGCATAGGAGAC-1,1793,1405,4,4,4,4
CCTTCAGTTAAAGTGA-1,3412,6514,4,4,1,1
CCTTCGTATAGAATCC-1,4137,7229,3,3,1,1
CCTTCTTGATCCAGTG-1,4738,2740,0,0,0,0
CCTTGACCACTTTATT-1,6608,5963,4,4,4,4
CCTTTAAGGGAGCACT-1,3566,6245,4,4,1,1
CCTTTGAATTATGGCT-1,1296,6253,3,3,0,2
CGAAACGCAATTCATG-1,2683,4722,1,1,3,3
CGAACCCGCATGCGTC-1,3511,5437,0,0,0,0
CGAACCTCTTTCCTAG-1,2023,7507,4,4,4,1
CGAACGGCCGGACAAC-1,1757,5264,1,1,2,2
CGAAGACTGCCCGGGA-1,3442,1040,3,3,1,4
CGAAGCTATAAATTCA-1,6389,2733,2,2,1,1
CGAAGTTGCTCTGTGT-1,2783,4004,1,1,2,2
CGAATCTGCTCGACGC-1,2123,6609,3,3,1,1
CGAATGAAGTCATTGC-1,2020,6610,3,3,1,1
CGAATGGTAGGTCGTC-1,2488,7595,4,4,4,4
CGACAGTTCGCGTTAT-1,3145,4272,1,1,3,3
CGACATGCGATCTTCT-1,4270,1754,2,2,1,1
CGACCCTTAACGCCGG-1,1602,5355,0,0,0,0
CGACGCATCCGTACCT-1,1500,5535,0,0,0,0
CGACTCAGGATGTTAT-1,5565,3096,2,2,0,0
CGAGACCCTAGAGTGT-1,4128,4896,1,1,3,3
CGAGAGATGTGAACCT-1,4742,3637,0,0,0,0
CGAGAGCGCGTAGATA-1,1343,5087,0,0,0,0
CGAGAGCTTTCACTAC-1,5528,6775,3,3,1,1
CGAGATGTTGCCTATA-1,2618,1222,4,4,4,4
CGAGATTTCGCTCGGG-1,6964,4795,3,3,1,1
CGAGCACTTCAAGTTT-1,2264,3109,0,0,0,0
CGAGCCGAGCACTCGA-1,1125,2036,4,4,4,4
CGAGGATCGGGAACGA-1,7063,3538,1,1,2,2
CGAGGCCAGGCATTGG-1,2106,2301,0,0,0,0
CGAGGGTATCCAGGTG-1,4084,6781,4,4,1,1
CGAGTACTAAAGAGGA-1,2788,5081,1,1,3,3
CGAGTGAAGGTACCAG-1,2482,5980,0,0,0,0
CGAGTGCTATAGTTCG-1,2930,1939,2,2,2,2
CGAGTTCTGTCCCACC-1,5360,3455,3,0,0,0
CGAGTTTATCGGACTG-1,5776,4351,2,2,2,2
CGATAATACTCAGGTT-1,7016,4885,3,3,1,1
CGATACCTCGCGGACA-1,3456,4630,1,1,3,3
CGATAGTCGTACTGCA-1,5529,6955,3,3,4,4
CGATCCGACCCAGTGC-1,3559,4450,1,1,3,3
CGATCTGTTGGAGGAC-1,2221,5173,1,1,3,3
CGATTAAATATCTCCT-1,4184,6063,3,4,0,0
CGATTCGCCTGGCTGC-1,4752,6150,3,3,1,1
CGCAAACACGAGTTAC-1,2884,3465,1,1,2,2
CGCAATTAGGGTAATA-1,3246,3553,1,1,2,2
CGCACGTCTGTTTATG-1,2641,7146,3,3,2,2
CGCAGAAACATTTGCG-1,3961,1756,0,0,0,0
CGCAGATCTTCACCCG-1,6804,3270,3,3,4,4
CGCATCATGGCTTCAG-1,5354,1840,3,3,1,1
CGCATCCATCAGCCAG-1,6959,3539,2,2,2,2
CGCATGCCGAATGCGT-1,5581,7044,4,3,4,4
CGCATGGTGCGATGCT-1,4385,4626,1,1,3,3
CGCATTAGCTAATAGG-1,3916,3461,1,1,3,3
CGCCAAGAAGCCGAGT-1,1857,4546,0,1,3,3
CGCCACAGGTCGCGAT-1,1448,5445,0,0,0,0
CGCCACCCGCATTAAC-1,1897,1584,3,3,1,1
CGCCCAGCACGCCTAG-1,3618,6334,4,4,1,1
CGCCCAGCGTTTCACG-1,5580,6865,2,3,1,1
CGCCCGCTTCCGTACA-1,5099,2649,2,2,3,3
CGCCCTTGAAGGCTGA-1,2007,3199,0,0,0,0
CGCCGCCCATGCCTGT-1,5261,4533,0,0,0,0
CGCCGTCTACCCATCG-1,7272,4435,3,3,1,1
CGCCTGGCCTACGTAA-1,2374,4724,1,1,3,3
CGCCTTTAGCATGCTC-1,7017,5064,4,4,4,4
CGCGAAGTGGCATACT-1,5941,6774,4,4,4,4
CGCGACACTGCGCAGC-1,1594,3201,0,0,0,0
CGCGAGTCTGCCGGGT-1,2016,5712,0,0,0,0
CGCGCAAATGTCCAGA-1,2224,6070,0,0,0,0
CGCGCAAGGAACTACA-1,2464,1492,3,3,4,4
CGCGCATGTTTGATTG-1,3769,5526,0,0,0,0
CGCGCCCGACTTAATA-1,4842,2919,0,0,0,0
CGCGGCAGTATTACGG-1,1796,2123,2,2,2,2
CGCGGGAATTAGGCAG-1,5103,3546,0,0,0,0
CGCGGTAAGTCTAGCT-1,7063,3718,3,3,1,1
CGCGGTACGGTATACA-1,7075,6590,2,3,2,1
CGCGGTCACAAACCAA-1,6440,2643,2,2,2,2
CGCGTCATATTAAACC-1,4268,1216,4,4,4,4
CGCGTTCATGAAATAC-1,3606,3462,1,1,3,3
CGCTACCGCCCTATGA-1,3133,1220,3,3,1,1
CGCTACGGGACATTTA-1,3456,4450,1,1,3,3
CGCTATACCGCCCACT-1,2828,2299,0,0,2,0
CGCTATTCAATGTATG-1,2572,2748,0,0,0,0
CGCTATTCTTAGGCTC-1,4075,4448,2,2,3,3
CGCTCGACATAATGAT-1,3295,2925,1,1,2,2
CGCTCTCCGTAGATTA-1,2887,4004,1,1,3,3
CGCTGAGGACGTCCAA-1,3031,1400,4,3,4,4
CGCTGTGACGCCGCAC-1,3399,3284,1,1,2,2
CGCTGTGTGGATGTTG-1,3205,6336,2,2,2,2
CGCTTAGTATTGATAC-1,3672,6962,4,4,1,1
CGCTTATTCCCGGTCG-1,2529,4813,1,1,3,3
CGCTTCGGTCTAAGAC-1,6354,6951,3,3,1,1
CGCTTTCATACCGGTG-1,3550,2296,0,0,0,0
CGGAAAGAATCAAACG-1,3463,6245,4,4,1,1
CGGAAAGCAAATGTGC-1,1282,2664,2,2,0,0
CGGAAATTTCACATCC-1,5197,1392,2,2,1,1
CGGAGCAATTTAATCG-1,4080,5883,2,2,0,0
CGGAGCATGGCGATCC-1,4436,4536,1,1,3,3
CGGAGCTTATAACACC-1,5406,1929,3,3,1,1
CGGAGTTTGAGAGACA-1,2731,3735,1,1,2,2
CGGATGAATGCTGTGA-1,2126,7327,4,4,1,1
CGGCAAACATCGTGCG-1,4389,5703,2,0,2,0
CGGCAATAAGATCGCC-1,6556,5874,4,4,4,4
CGGCACCGTTAGCGCC-1,5561,2019,3,3,1,1
CGGCACTCAAGAAAGT-1,2415,2121,0,0,0,0
CGGCAGGGTCGGGTTG-1,5826,3902,2,2,2,2
CGGCCACGCACAAAGT-1,4022,4179,1,1,3,3
CGGCCAGAGCGACCAT-1,3517,7052,3,3,1,1
CGGCCCAACCTGTAGT-1,6753,3540,3,3,1,1
CGGCTCTTCGTCGAAC-1,5405,1750,4,4,4,4
CGGCTGCAAGATTAAG-1,4475,1395,3,3,1,1
CGGCTTTGTATGATAA-1,3858,1756,0,0,0,0
CGGGAATTTATGTAAA-1,4335,5075,0,0,0,0
CGGGATCAATGTAAGA-1,4018,3102,2,1,2,2
CGGGCAGCTAAACCGC-1,3866,3910,0,0,3,3
CGGGCCATAGCCGCAC-1,1900,2302,2,2,0,0
CGGGCCTTCTTTGTAA-1,3818,4718,2,2,3,3
CGGGCGATGGATCACG-1,4859,7227,2,2,2,2
CGGTAGAGGTGCAGGT-1,5719,3005,1,2,2,2
CGGTATAGGTATTAGC-1,6077,2017,3,3,1,4
CGGTCAAGTGGGAACC-1,5102,3367,0,0,0,0
CGGTCTATCAACCCGT-1,5202,2648,1,1,3,3
CGGTGAAGACTAAAGT-1,2165,4186,1,1,2,2
CGGTGCAGATAGAACG-1,2838,4811,1,1,3,3
CGGTTCAAGTAGGTGT-1,6030,3183,4,4,4,4
CGGTTGACCTGGCATA-1,2270,4544,1,1,3,3
CGTAAACGCTTGAGTG-1,2157,2032,2,2,2,2
CGTAAAGCAAGAAATC-1,2435,7326,3,3,1,1
CGTAATAATTACGAGT-1,1281,2305,2,2,2,2
CGTACCTGATAGGCCT-1,4482,3010,0,0,0,0
CGTAGAGAGTAATTAT-1,5477,7045,4,3,4,4
CGTAGCGAATTGTCAG-1,4633,2202,0,0,0,0
CGTAGCGCCGACGTTG-1,3703,1667,2,2,0,0
CGTATTAAGAGATCTA-1,3763,3910,0,0,3,3
CGTCAAGGCTATAAAT-1,1699,3739,0,0,0,0
CGTCAGCTATTTACTC-1,1540,2573,2,2,0,0
CGTCAGTGCGCACAAG-1,3498,2027,0,0,0,0
CGTCAGTTTATCGTCT-1,4062,1217,4,4,4,4
CGTCCAGATGGCTCCA-1,971,2126,3,3,1,4
CGTCGCATGTGAGCCA-1,4961,6867,2,2,1,1
CGTCGCTTGGTTATAC-1,2278,6698,3,3,1,1
CGTCGTCCTTCGCGAA-1,4906,6060,2,2,2,2
CGTCTGGAAGGGCCCG-1,4170,2473,0,0,0,0
CGTCTTGAGTGTGACG-1,7428,4704,3,3,1,1
CGTGAAGTTAATTCAC-1,3869,4628,2,2,3,3
CGTGACATTGGGTCGT-1,5253,2379,2,2,2,2
CGTGCAGACTGGGACA-1,4797,4624,0,0,0,0
CGTGCATTGTCGACGC-1,2579,4543,1,1,3,3
CGTGCCCGACATTTGT-1,4010,1127,4,4,4,4
CGTGCCCTCCCGAAGA-1,4953,4893,0,0,0,0
CGTGCTTCTACCTAAA-1,2433,6608,4,4,1,1
CGTGTCCCATTCGCGA-1,3039,3554,1,1,2,2
CGTGTCTCGTTACGAC-1,2741,6427,3,3,1,1
CGTGTGTTAAACCCTG-1,6961,3898,3,3,1,1
CGTTCAGACCCGCGAA-1,4136,6870,3,3,1,1
CGTTCTTCGCACACCT-1,6595,2732,1,1,2,2
CGTTGAGCGACCGTCG-1,4799,4983,0,0,0,0
CGTTGAGTAATTGCGT-1,6180,2016,2,2,2,2
CGTTGTAAACGTCAGG-1,1644,2931,0,0,0,0
CGTTGTAAGATTGATT-1,6546,3361,4,4,4,4
CGTTGTCGGCAATTGA-1,4393,6780,2,3,1,1
CGTTGTTTCAATTCCC-1,3042,4093,1,1,3,3
CGTTTAAGCGGAGCAC-1,4014,2204,0,0,0,0
CGTTTGTGTAGAGGGT-1,3101,5977,0,0,0,0
CTAAACGGGTGTAATC-1,3134,1400,4,4,4,4
CTAAAGAATGCCTACT-1,2836,4273,1,1,3,3
CTAAAGTCCGAAGCTA-1,2103,1404,3,3,4,4
CTAAATCCGGTGTACA-1,2793,6517,2,2,1,1
CTAAATCCTATTCCGG-1,5308,3366,0,0,0,0
CTAACAGCACAATAAC-1,1040,6524,3,3,1,1
CTAACCGCGCGCCCGT-1,2785,4363,1,1,3,3
CTAACGAAACTTGCTG-1,5825,3723,2,2,2,2
CTAATTCTCAGATATT-1,6392,3451,3,3,4,4
CTAATTTCAACAACAC-1,2367,2929,0,0,0,0
CTACACTAGCTTGTTC-1,2928,1401,3,3,4,4
CTACCCTAAGGTCATA-1,5671,3813,2,2,3,3
CTACGAACTAGGTCGA-1,4733,1483,3,3,1,1
CTACGACTAGCTATAA-1,2218,4455,1,1,3,3
CTACGATCCTATCCTA-1,1971,7238,4,4,1,1
CTACGCACGGAGTACC-1,3919,4179,1,1,3,3
CTACGTGTTGCCACCA-1,2206,1583,4,3,4,4
CTACTATCATAGGTTT-1,2275,5801,0,0,0,0
CTACTATCTTTCAGAG-1,5773,3633,2,2,2,2
CTACTCAAGGTATAGT-1,3154,6426,2,2,2,2
CTACTGCCACCTGACC-1,4225,3460,1,1,2,2
CTAGACTGCATTTCGT-1,5921,1927,4,4,4,4
CTAGATAAACTCCTCG-1,2258,1673,3,3,2,2
CTAGCAACTAATTTAC-1,2411,1223,2,2,1,4
CTAGCATAGTATAATG-1,4383,4087,1,1,3,3
CTAGCCACAGGCGAGC-1,7022,6321,3,3,4,4
CTAGCCGATGTTATGA-1,6184,3093,4,4,4,4
CTAGCTTAATGGTCCC-1,7430,5242,3,3,1,1
CTAGGCGGCAGAGAAT-1,2618,1402,3,3,1,1
CTAGGTTCGGACGTGA-1,4597,6240,2,2,0,0
CTAGTAGAAAGGGATT-1,5167,6687,3,2,4,4
CTAGTATTCGGAATTA-1,5098,2290,2,2,2,2
CTAGTGAAGGACAGGA-1,2938,4093,1,1,3,3
CTATAAGAGCCAATCG-1,6133,3363,3,3,1,1
CTATACTTAAAGCGAG-1,1195,6613,3,3,1,1
CTATAGGCGTTGATGT-1,2948,6606,2,2,1,1
CTATATCCAGCCTGGC-1,2590,7236,3,3,1,1
CTATCGCGTAGAGAAC-1,7073,6231,4,4,4,4
CTATGAACACCTTGCC-1,2436,7505,4,4,4,4
CTATGTCTATTGAAAC-1,3807,2025,0,0,0,0
CTATTCATGTGTCCCA-1,4183,5704,0,0,0,0
CTATTGTGTTTGGTCA-1,6180,2196,4,4,4,4
CTATTTGCTTGGAGGA-1,4292,7319,3,3,1,1
CTATTTGGTTACGGAT-1,5209,4264,0,0,0,0
CTCAACTAACCCGGAT-1,5373,6686,4,4,4,4
CTCAAGACATTAGCGC-1,6232,2285,4,4,4,4
CTCACATTTACTAAAT-1,4496,6600,4,4,1,1
CTCACTGTGATACTTA-1,4857,6688,2,2,1,1
CTCACTTGGCTGGTAA-1,2322,4634,1,1,3,3
CTCAGATTGTGATAAG-1,1240,4907,0,0,0,0
CTCAGGACTCACCTGT-1,2519,2479,0,0,0,0
CTCATGGCTCACAATC-1,4220,2203,0,0,0,0
CTCCCAATGAGTCGCG-1,6916,5603,4,4,4,4
CTCCGCCCACATGAGG-1,2993,4901,1,1,3,3
CTCCGGCTTGTAGACA-1,1952,2392,0,0,0,0
CTCCTAAGTTATGTCT-1,2518,2120,0,0,0,0
CTCCTCCAGCTCACAC-1,3567,6603,3,3,1,1
CTCCTGTTCAAGGCAG-1,7020,5962,3,3,1,1
CTCCTTTACGCAAGTC-1,6597,3091,3,3,4,4
CTCGAGGCAAGTTTCA-1,2642,7505,4,4,1,1
CTCGAGGTCGAACAGT-1,4020,3640,1,1,3,3
CTCGATATTTGCGAGC-1,6081,3093,4,4,4,4
CTCGCATTGCATAGCC-1,1607,6432,3,3,1,1
CTCGCCGAATGTAGGG-1,4289,6421,2,2,0,1
CTCGGGCATCGTCGGG-1,4474,1036,3,3,1,1
CTCGGGTTCTCTGGCC-1,2381,6518,3,3,1,1
CTCGGTACCACTGCTC-1,5159,4713,0,0,0,0
CTCGGTTGTCGGCCCT-1,2327,6070,0,0,0,0
CTCGTTTCTAATGTTT-1,6338,3003,2,2,1,1
CTCTAATGCATTGATC-1,6648,3181,3,3,4,4
CTCTACACTGGCGATT-1,1859,4905,1,1,3,3
CTCTAGCCCTCGGAAA-1,5632,6954,3,3,1,1
CTCTATTTGGCTGCAG-1,4491,5343,0,0,0,0
CTCTCGATGTGCGCCT-1,4166,1396,3,3,1,1
CTCTCGCTGTACTATG-1,1284,3202,0,0,0,0
CTCTCTAACTGCCTAG-1,2070,6161,0,0,0,0
CTCTGCAGGCATTCTT-1,2178,7417,3,3,1,1
CTCTGGACGCCTGGTG-1,4176,3909,1,1,0,0
CTCTGTGCCTGCTATG-1,3443,1219,3,3,4,4
CTCTGTTTGAGGATTC-1,4685,2291,2,2,0,0
CTCTTCTGGAAGTTAG-1,3051,6606,3,3,1,1
CTCTTGTCCCGCTTGG-1,3977,5884,2,2,0,0
CTGAATTTATTGCCAG-1,6441,3002,3,3,1,1
CTGACATAGAAATAGA-1,7122,5602,4,4,4,4
CTGAGAAAGTTCGGCG-1,7018,5423,3,4,1,4
CTGATCCCTTTATGCA-1,2487,7415,3,3,1,1
CTGCAAATGGGCTCCA-1,4267,1036,3,3,1,1
CTGCAAGCACGTTCCG-1,6713,6501,3,3,1,1
CTGCACCTAGTCCACA-1,7011,3628,2,2,2,2
CTGCACCTGGAACCGC-1,3499,2386,0,0,0,0
CTGCACTCCAGTACAG-1,4596,5881,4,4,1,1
CTGCAGAGAATCAGAG-1,6197,6503,4,4,1,1
CTGCAGGTGCTCGGCC-1,1278,1587,4,4,4,4
CTGCCAAGGTTGGAAG-1,4945,2918,2,2,2,2
CTGCCATGCATCACAT-1,4178,4627,1,1,3,3
CTGCCTAGCCACCAAG-1,5096,1751,3,3,1,1
CTGCCTCATATGCAAC-1,7219,3986,3,3,1,1
CTGCCTTTAATACCTT-1,2433,6787,4,4,4,4
CTGCCTTTCTAGTAAA-1,5785,6684,3,3,1,1
CTGCTGTCTAACGAGC-1,7122,5423,4,4,4,4
CTGCTTGGCGATAGCT-1,4854,5791,4,4,1,1
CTGGAAATGGATGCTT-1,3710,3641,1,1,3,3
CTGGATTTACACTTGA-1,3821,5436,0,0,0,0
CTGGCGACATAAGTCC-1,5150,2559,1,1,3,3
CTGGCTCCTGCGGGAT-1,2362,1672,2,2,2,2
CTGGCTGCTAACGTAA-1,2258,1493,4,4,4,4
CTGGCTGGTTGTCAGT-1,3874,5884,0,0,0,0
CTGGGATAAATAATGG-1,5312,4443,2,2,0,0
CTGGGATCGCCCAGAT-1,4216,1126,3,3,4,4
CTGGGCCTGCTATATC-1,2529,4992,2,1,3,3
CTGGGCGGCCAAATGT-1,4732,1124,2,2,1,4
CTGGGTAGGCAGTTAA-1,5056,4892,0,0,0,0
CTGGGTTGAGTTAAAG-1,1553,5804,0,0,0,0
CTGGTAACACATAGAA-1,5520,4801,3,3,1,0
CTGGTGAATGGGCCTA-1,1969,6879,3,2,0,0
CTGGTTCAACGCATCA-1,2929,1760,2,2,2,2
CTGGTTTCGAGCAAGA-1,5522,5160,2,2,2,2
CTGTACTTCTTAGCAT-1,3611,4539,1,1,3,3
CTGTAGCCATCTCACT-1,3359,6066,0,0,0,0
CTGTATGGTGTAGAAA-1,2624,2838,0,0,0,0
CTGTCAAATGGCTCGG-1,5256,3097,0,0,0,0
CTGTCACGCCAGGCGC-1,6025,1927,4,4,4,4
CTGTCTGTGGCTGGCT-1,969,1767,4,4,4,4
CTGTGCAGGGTAGGTC-1,4592,4805,0,0,0,0
CTGTTACCCAATCTAG-1,3975,5345,0,0,0,0
CTGTTCACTGCCTGTG-1,3863,3012,1,1,2,2
CTTAAATAAGACCCAT-1,1440,3291,0,0,0,0
CTTAACTTCGAAGTAC-1,4220,2024,0,0,0,0
CTTACACGGTATTCCA-1,3298,3822,1,1,2,2
CTTACACTGGGAAATA-1,3448,2476,0,0,0,0
CTTAGCCCGGATAGTG-1,1440,3471,0,0,2,0
CTTAGCCTTCCACATG-1,4997,3008,2,2,2,2
CTTAGGTATAGACCAG-1,1762,6700,4,4,4,4
CTTATAGATGGCTGTT-1,7126,6500,3,3,1,1
CTTATGCGCTCAGGGC-1,1549,4906,1,1,3,0
CTTATGTTGACTACCA-1,2364,2211,0,0,0,0
CTTCACGCCCTGGTAC-1,2075,7417,3,4,1,1
CTTCATAGCTCAAGAA-1,2882,2747,0,0,0,0
CTTCATTGTCAGTGGA-1,4074,4268,1,1,3,3
CTTCGATTGCGCAAGC-1,5529,7134,3,3,1,1
CTTCGTAGATAGGTGA-1,3301,4540,1,1,3,3
CTTCTATGTTGAAGTA-1,2427,5172,1,1,3,3
CTTCTATTAATGCTAG-1,3409,5617,0,0,0,0
CTTGACCCGAAAGATA-1,3910,1846,0,0,0,0
CTTGAGGTTATCCCGA-1,2209,2122,2,2,0,0
CTTGAGTTAGGGTAAT-1,5777,4531,1,1,2,2
CTTGCAACCGCCTCCT-1,2271,4903,2,2,3,3
CTTGCCCAGGCTCTAC-1,3819,5077,1,1,3,3
CTTGGCCAAGCTGGGA-1,3928,6512,2,2,2,2
CTTGTACTTGTTGACT-1,3604,2924,1,1,2,2
CTTGTCAACATTCGAG-1,4388,5523,0,0,0,0
CTTGTGAGTCTTTGAC-1,2724,1940,2,2,0,0
CTTGTTGCTGAGTCAA-1,5106,4444,0,0,0,0
CTTTACCGAATAGTAG-1,5317,5520,2,2,2,2
CTTTGCTGTCATGGAT-1,7276,5332,4,4,4,4
CTTTGGCTTTAGTAAA-1,3041,3913,1,1,2,2
CTTTGGGATTGTTGCA-1,3258,6605,4,4,1,1
CTTTGTCGAATGCTCC-1,1348,6163,2,2,2,2
GAAACAGATGACCACC-1,5726,4621,2,2,1,1
GAAACAGCCATGCAGT-1,4117,2204,0,0,0,0
GAAACCATGGTGCGCT-1,6598,3450,4,4,4,4
GAAACCGAATTACCTT-1,3613,5078,1,1,3,3
GAAACCTATACAAATG-1,3670,6424,3,3,1,1
GAAACTCTAATGAAGG-1,4736,2201,2,2,3,3
GAAAGCCCTTTGGACC-1,2062,4186,1,1,2,2
GAAATACCTGCTGGCT-1,5353,1660,4,3,4,1
GAAATACTAAACGTTT-1,2108,2660,0,0,0,0
GAAATGGCGGTGTTAG-1,3659,3731,1,1,3,3
GAAATGGGATGTAAAC-1,1848,2213,2,2,2,2
GAAATTAGCACGGATA-1,5924,2645,3,3,1,1
GAAATTGTCTCTATAA-1,3715,4898,2,2,3,3
GAACAACTGGGATGAA-1,5374,7045,3,3,1,1
GAACACACATCAACCA-1,3553,3014,1,1,2,2
GAACAGATTACTAAAT-1,4649,6150,3,3,0,0
GAACCATCTGGGAGAC-1,3753,1397,2,2,2,2
GAACCCTCTGTGTTCT-1,4443,6331,2,2,0,1
GAACCTCGACCTACAC-1,1445,4727,1,1,2,2
GAACCTTTAACGATCC-1,5063,6687,2,2,1,1
GAACGACCGAATGATA-1,4223,2742,0,0,0,0
GAACGCGGGTCACACG-1,6863,5334,4,4,4,4
GAACTGTGGAGAGACA-1,4395,7139,4,4,4,4
GAAGACTTCAATGCCG-1,4320,1306,3,3,1,1
GAAGCAAGGCAATGTT-1,3185,1130,3,3,4,4
GAAGCCACTGATTATG-1,4548,6869,4,4,4,4
GAAGCCGGGTAAGCTC-1,1129,3113,0,0,0,0
GAAGCGTGAGGAATTT-1,4073,4089,1,1,3,3
GAAGCTCTTTGCTTAG-1,1178,2305,3,4,1,4
GAAGCTTGCTGACCGC-1,2782,3645,1,1,2,2
GAAGGACTAAATTGAA-1,1690,1406,3,3,1,1
GAAGGAGTCGAGTGCG-1,4084,6960,3,3,1,1
GAAGTCAGTTGCACTA-1,3976,5704,0,0,0,0
GAAGTCTCCCTAGCGA-1,5673,4352,4,3,1,1
GAAGTGATTTATCGTG-1,3404,4540,1,1,3,3
GAAGTTTCCACTCAAT-1,3352,4271,0,0,3,3
GAATAGACGCGACCCA-1,5726,4800,2,2,2,2
GAATAGCATTTAGGGT-1,7069,5154,4,4,4,4
GAATAGTGCTCGATTA-1,2844,6427,3,3,1,1
GAATCGACATGGTCAC-1,3142,3374,1,1,2,2
GAATCTATACTCGGAC-1,4887,1214,3,3,1,1
GAATCTGAACATTCTC-1,4282,4806,1,1,3,3
GAATGCCGAAATGACC-1,1851,2931,2,0,2,0
GAATGCGAATCGGTTC-1,4548,6689,2,2,2,1
GAATGGGCTTATCGAC-1,1290,4638,0,0,0,0
GAATGTATGGCAGGTC-1,5665,2377,2,3,1,1
GAATGTGGTCCGGATT-1,5159,4892,0,0,0,0
GAATGTTGGGTAATCT-1,4533,3100,0,0,0,0
GACAACGACCATTGAA-1,4947,3277,0,0,0,0
GACAACGCAGCTTACG-1,3759,2833,2,2,2,2
GACAAGAGATGAGATT-1,6969,6052,4,4,4,4
GACACAAGGGAAGAAA-1,4691,3727,0,0,0,0
GACACTGAGTTCAGTG-1,3355,4989,1,1,3,3
GACACTGGAACCCGAT-1,6658,5694,4,4,1,4
GACAGGCACACACTAT-1,2115,4455,1,1,3,3
GACATACTGTCGCAGA-1,1438,2932,0,0,0,0
GACATCCGTCGAACTG-1,4651,6868,4,4,4,4
GACCAAACGTTGACTG-1,6557,6233,3,3,1,1
GACCAGAGCCCTGTAG-1,3402,3822,1,1,3,3
GACCAGGTCATTCATA-1,4526,1305,3,3,4,4
GACCCGTCGCCGGCTA-1,4013,1845,0,0,0,0
GACCGTGCTGACGGTG-1,3663,4629,1,1,3,3
GACCGTTACATGCGAC-1,1289,4459,0,0,2,2
GACCTGGTCTGGGCGT-1,970,1947,3,3,4,4
GACCTTCCACGTCTAC-1,4807,6958,2,2,1,1
GACGACGATCCGCGTT-1,4595,5702,0,4,0,1
GACGATATCACTGGGT-1,2746,7504,3,3,1,1
GACGCCGTAAAGGCTA-1,3771,5885,0,0,0,0
GACGCCTGTTGCAGGG-1,2569,2030,0,0,0,0
GACGCTTGCTTCTAAA-1,2837,4452,1,1,3,3
GACGGACCGCGTTCCT-1,3959,1397,3,3,1,1
GACGGGTTGGCCCGTA-1,3618,6514,3,3,1,1
GACGGTCCTAGGGTGT-1,7429,4883,2,2,2,2
GACGTTGCTCGGCGGC-1,2591,7595,4,4,4,1
GACTAAGATCATGCAC-1,3708,3103,1,1,2,2
GACTAAGTAGGCTCAC-1,3194,3464,1,1,2,2
GACTACAATTGCTCGT-1,5199,1751,3,3,1,1
GACTAGGCCGTTAGGT-1,5013,6957,2,2,2,2
GACTCCCAGAATAAGG-1,6701,3450,4,4,4,4
GACTCCTTCCAATTGA-1,1502,6073,2,2,0,0
GACTGCGGCACGTGTA-1,1750,3470,0,0,0,0
GACTGCTGGTGAGAAA-1,3002,7054,4,3,1,1
GAGAACGGTTCTGACT-1,6303,7041,3,3,1,1
GAGACTGATGGGTAGA-1,3865,3551,1,1,3,3
GAGACTTCGCGACCGA-1,3925,5794,0,0,0,0
GAGAGGGCGCGAGGTT-1,3043,4452,1,1,3,3
GAGAGGTGCATTCTGG-1,2426,4993,1,1,3,3
GAGATCTGCTTGGCAT-1,3248,4092,1,1,3,3
GAGATCTGTCACTCCG-1,4794,3727,0,0,0,0
GAGATCTTCCATGACA-1,4954,5072,0,0,0,0
GAGCACGGCGCCTCTT-1,7274,4794,2,2,1,1
GAGCATCAACAACTTG-1,2536,6787,4,4,1,4
GAGCATCATCCCTGGG-1,3034,2118,0,0,0,0
GAGCGCTGTTAGGTAA-1,2174,6519,3,3,1,1
GAGCGGAATGCGGTGT-1,3466,7142,3,3,1,1
GAGCTAAGGGCATATC-1,5258,3635,2,2,2,0
GAGCTCTCGGACCTAA-1,2674,2389,0,0,0,0
GAGCTGTCGTCTCGGA-1,6544,2822,3,3,1,1
GAGGAGATCCTCATGC-1,1383,2125,4,3,1,1
GAGGAGTAATTCCTAC-1,3546,1219,3,3,1,1
GAGGATAAACAGTGCT-1,6860,4616,3,3,4,4
GAGGCCCGACTCCGCA-1,2172,5981,0,0,0,0
GAGGCCTGTTGATACA-1,6508,6682,2,2,1,1
GAGGCTATCAAAGTCG-1,2371,4185,1,1,2,2
GAGGGCATCGCGTATC-1,2672,2030,0,0,0,0
GAGGGCGCAGCTCTGC-1,5566,3454,0,0,0,0
GAGGGTAGTAACAAAG-1,2588,6697,4,4,4,4
GAGGTACATCCATCTT-1,4478,2113,0,0,0,0
GAGGTACGCGTGTCCC-1,4446,7049,4,4,4,4
GAGTAAACCGGAAAGT-1,7019,5603,4,4,4,4
GAGTAAGGCCACGGGA-1,1706,5354,0,0,0,0
GAGTACGGGTATACAA-1,3190,2387,0,0,0,0
GAGTATACCCTAATCA-1,2539,7326,3,3,1,1
GAGTATCAAAGTTACA-1,7227,6140,3,3,1,1
GAGTATGCGCGTGCAT-1,4651,6689,3,3,1,1
GAGTGTCAACCAGAAA-1,5270,6687,3,3,4,4
GAGTGTGCGGTACCCA-1,5521,4980,2,2,0,0
GAGTTCTGTGGGTGCT-1,1142,6344,3,3,1,1
GAGTTGATGGCAATTT-1,1964,5623,0,0,0,0
GATAAATCGGTGGATG-1,3086,2387,1,0,0,0
GATAAGGCAGATGCAA-1,2414,1941,2,2,2,2
GATAGCGTACCACGCG-1,1074,2126,4,4,4,4
GATAGGATTAATTACA-1,7479,4614,4,3,4,4
GATAGGTAACGTTGAC-1,4078,5345,0,0,0,0
GATAGGTGTCCCGGGC-1,7324,4525,2,3,1,1
GATAGTGCGAGTAAGT-1,3260,7143,3,3,1,1
GATATCTCATGCAATA-1,3962,2115,0,0,0,0
GATATGAGACACTAAC-1,5158,4533,0,0,0,0
GATCAACATAAAGGGA-1,2845,6606,2,2,2,2
GATCATTCCAAACATT-1,3865,3730,0,0,3,3
GATCCCTTTATACTGC-1,4071,3550,1,1,0,2
GATCCGAATATAAGTG-1,7375,4255,4,4,4,4
GATCCGGGAATTAACA-1,4745,4535,0,0,0,0
GATCCTCTTGCGCTTA-1,5250,1661,4,4,4,4
GATCGACACTATCTGA-1,3400,3463,1,1,3,3
GATCGCGGGCTCTCCA-1,3661,4270,1,1,3,3
GATCGCTATATCTCAG-1,2277,6519,3,3,1,1
GATCGCTGTGGTGCGT-1,1920,7328,3,3,1,1
GATCGGATAGAACCAT-1,1651,4726,0,0,0,0
GATCTAACCGTATTCA-1,1294,5715,2,2,0,0
GATCTCGACGCTGTGG-1,7070,5513,4,4,4,4
GATCTTCATTGTCCTC-1,1437,2753,0,0,0,0
GATCTTGGAGGGCATA-1,4592,4984,0,0,0,0
GATCTTTGCAGGGTAT-1,2939,4273,1,1,3,3
GATGACAAGTAGGGCA-1,2689,6158,0,0,0,0
GATGAGGAACCTTCGG-1,5168,7046,2,2,1,1
GATGCGAATGGTATTA-1,1491,3381,0,0,0,0
GATGCGTCCTGCATTC-1,3919,4358,1,1,3,3
GATGCTACCTTCGATG-1,3983,7320,2,2,1,1
GATGCTGTATTTCATC-1,4850,4893,0,0,0,0
GATGGCGCACACATTA-1,2469,2749,0,0,0,0
GATGTCGGTCAACTGC-1,4735,1842,2,2,2,2
GATGTGTTGTCACAAG-1,4992,1572,3,3,1,1
GATGTTCAATCCACGA-1,3199,4720,0,1,3,3
GATGTTTGTGCGAGAT-1,2521,2838,0,0,0,0
GATTACTGAATTTGGG-1,2992,4721,1,1,3,3
GATTCCGCGTTTCCGT-1,4892,2470,2,2,3,3
GATTCGACGGTTCACG-1,4643,4715,0,0,0,0
GATTGACACTCTGCTC-1,4218,1485,4,3,1,1
GATTGCTCCAGTTGCA-1,2381,6698,4,4,4,1
GATTGGGAAAGGTTGT-1,5116,6956,2,2,2,2
GCAAACCCTACATTAT-1,5213,5341,0,0,0,0
GCAAACCTTGGCCATA-1,4442,6151,4,4,1,1
GCAAACGTCGCCAGGT-1,7018,5244,4,4,4,4
GCAAATATTACGCTTT-1,3094,4182,1,1,3,3
GCAACCACCAGACCGG-1,5717,2287,3,3,4,1
GCAACCACGGCCGCGT-1,2477,4903,1,1,3,3
GCAACGGCTAGTTATG-1,6810,4886,4,4,4,4
GCAAGAATTCCTTGGC-1,2839,4991,1,1,3,3
GCAAGTGCACAGAGAA-1,3141,3195,1,1,2,2
GCAAGTGTAAAGCATG-1,3311,7053,3,3,1,1
GCACAAACCCTAGATG-1,2073,6879,4,4,1,1
GCACAAACGAGGCGTG-1,6863,5155,4,4,4,4
GCACAACCTCGGGCGT-1,1503,6253,3,3,2,2
GCACAAGTGTCGGAAG-1,4271,1934,0,0,0,0
GCACACGCCCATGGTC-1,1494,4099,0,0,0,0
GCACGCCTACTTAGAT-1,2997,5978,0,0,0,0
GCACGTGGTTTACTTA-1,6456,6772,3,3,1,1
GCACTCCCACAGTCCC-1,3391,1130,3,3,4,4
GCACTGCCTACCTTTA-1,4497,6959,4,4,4,4
GCACTGTGCAAATGTA-1,2672,1850,2,2,2,2
GCAGAAGGTAATCTCC-1,7277,5512,4,4,4,4
GCAGATCCTCGCAAAT-1,1645,3111,0,0,0,0
GCAGATTAGGGATATC-1,4126,4358,1,1,3,3
GCAGCACACAGCCCAG-1,3146,4451,1,1,3,3
GCAGCGGTGGGCATTA-1,2568,1671,2,2,2,2
GCAGGAACTTAGATCT-1,1759,5803,0,0,0,0
GCAGGACTATAGAATA-1,2887,4183,1,1,3,3
GCAGGTAGAGTATGGT-1,5821,2646,3,3,1,1
GCAGTGCGGGCGGATG-1,7485,6050,3,3,1,1
GCAGTTCGATCCGAGC-1,7072,6051,4,4,4,4
GCATACGAGGTCTTTA-1,1702,4457,0,0,0,0
GCATAGAGCACTCAGG-1,4023,4358,2,2,3,3
GCATCCCTAACTTTGA-1,3138,2477,0,0,0,0
GCATGAGGGACGCGGC-1,5619,3724,2,2,0,0
GCATGCTAATAACGAT-1,5890,7043,3,3,4,4
GCATTCAAGGCAACGC-1,6547,3540,3,3,4,4
GCATTCGAAATGAACA-1,1698,3559,0,0,0,0
GCATTGACTTGCGGAA-1,1190,5536,2,2,0,0
GCATTGTAATTCATAT-1,2064,4725,1,1,3,3
GCATTTCCAAGGCTCC-1,6703,3988,4,4,1,1
GCCAACCATTTCCGGA-1,6443,3361,3,3,1,1
GCCAATAGGGCATCTC-1,6288,3272,3,3,4,4
GCCACCCATTCCACTT-1,1020,1498,3,4,1,4
GCCACTCCTTACGGTA-1,7124,5961,3,3,4,4
GCCAGGAAAGAACACT-1,2797,7414,3,3,2,2
GCCAGGAGTAACCGAT-1,5564,2916,2,2,2,2
GCCAGGCGTTCGCATG-1,5560,1839,4,4,4,4
GCCAGGCTTAGTGGTA-1,1228,1856,4,4,4,4
GCCATATTGCACACAG-1,5616,3006,2,2,2,2
GCCATCGAGCTGCGTG-1,3409,5796,0,0,0,0
GCCATCGATGCTGCAT-1,6651,3899,4,4,4,4
GCCATTAGCCTCAAAC-1,1656,5983,0,0,0,0
GCCCACCAAGGCTGTC-1,2931,2119,0,0,0,0
GCCCAGATGCTGGAGA-1,7220,4345,3,3,1,1
GCCCGAGAGTCTAAAT-1,1504,6612,4,3,4,4
GCCCGATCTGTGGTCG-1,4235,5793,0,0,0,0
GCCCGTAATACCTTCT-1,5051,3457,0,0,0,0
GCCCTAGCCGTCGCGA-1,1811,5892,0,0,0,0
GCCCTGAGGATGGGCT-1,4807,7137,2,2,2,2
GCCGACCCACGACTGC-1,2536,6608,4,4,4,4
GCCGATTGGCCAAGCT-1,4127,4717,1,1,3,3
GCCGCACTCCGTTTCA-1,7223,4884,2,2,1,1
GCCGCTTGTGAGAAAC-1,3042,4272,1,1,3,3
GCCGGAAACACATCTT-1,3701,1308,3,3,1,1
GCCGGGTTAGGGTCGC-1,4024,4717,2,2,3,3
GCCGGTTTGGGCGGAT-1,2515,1223,3,4,4,4
GCCGTGGAAGAAATGT-1,6912,4526,4,4,4,4
GCCTACGTTCTGTGCA-1,5220,7135,2,2,1,1
GCCTATAGTGTCAGGG-1,5670,3634,2,2,2,2
GCCTATTTGCTACACA-1,3548,1757,2,2,2,2
GCCTCTATACATAGCA-1,4854,5970,4,4,1,1
GCCTTCAGCCCTACCG-1,3551,2475,0,0,0,0
GCCTTGTATATGCAGT-1,1746,2572,0,0,0,0
GCCTTTGTCAGTGGAC-1,1505,6791,3,3,1,1
GCGAAGAATCTGACGG-1,5322,6956,3,3,1,1
GCGAAGCCATACCCGT-1,4124,3819,1,1,2,2
GCGACCCAACCATCTG-1,2689,6338,3,3,1,1
GCGACGATAGTTGTAC-1,3769,5346,0,0,0,0
GCGAGGCCCGAGCAGA-1,3404,4360,0,0,3,3
GCGAGTTCTGCAAAGA-1,4228,4178,1,1,3,3
GCGATGTCTGTGCTTG-1,973,2665,2,2,2,2
GCGATTCTGGAAGCAG-1,4787,1932,2,2,2,2
GCGCAAATATATTCAA-1,2431,6249,2,0,0,0
GCGCCGTTCCACGATA-1,4334,4716,1,1,3,3
GCGCGATGGGTCAAGT-1,3237,1220,4,4,4,4
GCGCGGTCTAGTAACT-1,4085,7140,2,2,2,2
GCGCTATGCCGAGGCA-1,3406,4899,1,1,3,3
GCGCTCGATCACCTGT-1,7430,5063,2,2,2,2
GCGCTGATCCAGACTC-1,5460,2557,1,1,2,2
GCGCTGCTTTGCATTT-1,5825,3543,2,2,2,2
GCGCTGGCGGAAAGTC-1,1072,1767,4,4,4,4
GCGGACCGCGTTGTGG-1,3202,5618,0,0,0,0
GCGGAGAAACTTCGCA-1,2688,5979,0,0,0,0
GCGGAGAGGGAGAACG-1,5006,5162,2,0,0,0
GCGGCTCTGACGTACC-1,2940,4452,1,1,3,3
GCGGGCATTACGATGC-1,7115,3807,4,3,4,4
GCGGGCGAGCCTTACC-1,3616,5975,0,0,0,0
GCGGTAACCCAAATGA-1,2155,1673,3,3,1,1
GCGGTGCGGAGCATCG-1,1231,2754,0,0,0,0
GCGTCCAGCTCGTGGC-1,2773,1312,3,3,1,1
GCGTCGAAATGTCGGT-1,4325,2562,2,2,2,0
GCGTCTCTGCATTGGG-1,3095,4541,1,1,3,3
GCGTGGTACTGGGTTA-1,5879,4171,1,1,2,2
GCGTGTATGTCGTATT-1,4114,1306,3,3,1,1
GCGTTCGGAGACCGGG-1,6286,2734,3,3,1,1
GCTAAACCTGAGGTGA-1,2161,3109,0,0,0,0
GCTAAGTAAAGGCGAT-1,1647,3470,0,0,0,0
GCTAATACCGAATGCC-1,3398,2925,1,1,2,2
GCTACAATCGAGGATA-1,6352,6593,3,3,1,1
GCTACACTGTCCGAAC-1,1999,1225,3,3,1,1
GCTACAGTACGGACCG-1,1703,4636,0,0,0,0
GCTACGACTTATTGGG-1,4541,4894,0,0,0,0
GCTAGCACCTGGGCCA-1,7221,4525,2,2,1,1
GCTAGCTTGAATAGCT-1,3254,5707,1,0,0,0
GCTAGTAGAGCTTGTA-1,4333,4536,1,1,3,3
GCTAGTTTCATTGAGG-1,2881,2568,0,0,0,0
GCTATCATACTCATGG-1,5009,5880,2,2,0,0
GCTATCGCGGCGCAAC-1,2211,2839,2,0,0,0
GCTCAACCTCTTAGAG-1,1437,2573,2,2,2,2
GCTCATTACTGCATGT-1,5768,2197,3,3,1,1
GCTCCATGAGTGCAGA-1,7434,6140,3,3,1,1
GCTCCGCTCGCTTCAG-1,6758,4796,3,3,4,4
GCTCCTGACATACTGG-1,2637,6069,0,0,0,0
GCTCGGAATTTAAAGC-1,5307,3007,3,3,0,0
GCTCTAAACCCTGACG-1,3966,3192,1,1,2,2
GCTCTATGTTACGTGC-1,3039,3375,1,1,2,2
GCTCTCGGGTACCGAA-1,3967,3371,1,1,2,2
GCTGAACTCTCCAGGG-1,7170,4615,2,2,1,1
GCTGAGCAACGGTTCT-1,1334,2753,0,0,0,0
GCTGAGGCGTGAGTAT-1,4282,4626,1,1,3,3
GCTGCACGGTTTCTTA-1,4746,4714,0,0,0,0
GCTGCTACTGCGTAGC-1,4853,5611,3,3,0,1
GCTGCTCTCCGGACAC-1,4227,3819,2,1,2,2
GCTGGGAGCGCGTCAA-1,2694,7594,4,4,1,1
GCTGGGTCCGCTGTTA-1,1741,1316,2,2,1,1
GCTGGTTTAGGCCATA-1,1710,6431,3,3,1,1
GCTTCCAGCTTAGATT-1,1795,1764,3,3,4,1
GCTTTCAGAGGAGGTG-1,5878,3992,2,2,2,2
GGAAACCTTGTTGAAT-1,6441,2823,2,2,1,1
GGAAAGTGCCCATGCC-1,5616,2826,2,2,2,2
GGAACCGTGTAAATTG-1,3408,5437,0,0,2,0
GGAACGGCCTGCAGCC-1,1749,3290,2,0,0,0
GGAACTTTGGCGATTA-1,6661,6412,3,3,1,1
GGAAGCTCGCTTACAG-1,5251,2020,3,3,1,1
GGAATGCGCTAGCGTG-1,5207,3905,0,0,0,0
GGACCAACAGGATAAC-1,4440,5613,0,0,0,0
GGACTCGACAGCGCAT-1,3363,7143,3,3,1,1
GGACTCGTGAGTGGTC-1,2949,6785,2,2,2,2
GGACTCTTCCGGTTGA-1,7331,6140,3,3,1,1
GGAGAAGTCATTGGCA-1,3089,3105,2,1,2,2
GGAGACATTCACGGGC-1,1226,1497,4,4,4,4
GGAGACCATCTACATA-1,1397,5535,0,0,0,0
GGAGCGAGGCCTACTT-1,4549,7048,4,4,4,4
GGAGGCCGAAGTCGTC-1,6964,4616,3,3,1,1
GGAGTACACATGAGCT-1,1075,2305,4,4,4,4
GGATACTCATGAATTG-1,3291,1848,1,2,2,2
GGATCCCTACCAGCTA-1,1588,1765,3,4,1,4
GGATCCGGAATATACT-1,5208,4084,0,0,0,0
GGATCTTGACTCAACC-1,1861,5623,0,0,0,0
GGATGACGCGAGTTTA-1,3301,4361,1,1,3,3
GGATGCTGGCGTTCCT-1,1960,4546,1,1,3,3
GGATGGCTTGAAGTAT-1,6045,7132,4,4,4,4
GGATGTCCTTACCGCA-1,5672,4172,3,3,3,3
GGATTAAGCTAAGGTC-1,5456,1660,4,4,4,4
GGATTCAGTACGGTGG-1,2675,2748,0,0,0,0
GGATTCCGCTATACCC-1,5151,2738,3,3,3,3
GGATTTCACTTCTATA-1,5258,3815,2,2,0,0
GGCAAATTACTTTACT-1,3715,4718,1,1,3,3
GGCAAGCCCATAGTGG-1,4136,7050,2,2,1,1
GGCACTCAGCCGACCC-1,7330,5960,4,4,4,4
GGCACTCCACTGGGCA-1,3351,4091,1,1,3,3
GGCAGCGGTAATCCTA-1,6129,2286,4,4,4,4
GGCATACAGGTAGCGG-1,2629,4094,1,1,2,2
GGCATATCGGTTCTGC-1,5253,2558,2,2,3,3
GGCCACAAGCGATGGC-1,3237,1400,4,4,4,4
GGCCCGGAGCATGTCT-1,7117,4166,3,3,1,1
GGCCCTCACCCACTTA-1,2166,4365,1,1,3,3
GGCCGAGACTCTGGTG-1,2639,6607,3,4,4,4
GGCCGGCGTCTGCTAT-1,5064,6867,2,2,2,2
GGCCGTTTGGGTTTCA-1,3308,6335,4,4,1,1
GGCCTGCTTCTCCCGA-1,6816,6321,4,4,1,1
GGCGAAATCTAACTTG-1,5469,4891,3,3,0,0
GGCGAGCGAAACGGCA-1,1346,5625,2,2,0,0
GGCGCAGGACATCTTC-1,2372,4365,1,1,3,3
GGCGCATGAATTGATG-1,3767,4808,2,2,3,3
GGCGCTCCTCATCAAT-1,1952,2571,0,0,0,0
GGCGCTTCATTCCCTG-1,4652,7048,3,3,1,1
GGCGGAGTAATATTAG-1,3350,3912,1,1,3,3
GGCGGGCTCTAAGAGT-1,7536,5780,3,4,1,4
GGCGGTTTGCCGGTGC-1,1539,2393,2,2,2,2
GGCGTACCCTATATAA-1,3649,1218,3,3,1,1
GGCGTAGGGAAAGCTG-1,5218,6776,2,3,1,1
GGCGTCCTATCCGCTG-1,2679,3825,2,1,2,2
GGCTAAAGGGCGGGTC-1,6079,2735,3,3,1,1
GGCTATTAAGTTGTAT-1,3093,4003,1,1,2,2
GGCTCCTCCACCTGTT-1,2793,6337,3,3,1,1
GGCTCGCGTTGAGGTA-1,5774,3813,2,2,2,2
GGCTCGTGCCACCAGC-1,2933,2837,1,0,2,0
GGCTCTGCTCCAACGC-1,4689,3368,0,0,0,0
GGCTGAAATAGCAAAG-1,5058,5431,3,3,1,1
GGCTGAGCATCGTAAG-1,6076,1837,2,2,2,2
GGCTGGCTAGCTTAAA-1,2466,2031,0,0,0,0
GGCTTTCAATAAGGGT-1,4185,6422,2,2,1,1
GGGAACGGGAGGTTAG-1,2889,4542,1,1,3,3
GGGAACGGTTTCAGAT-1,2640,6787,4,4,4,4
GGGAAGACGGTCTGTC-1,4909,6778,2,2,1,1
GGGAAGGGCTTTCTCA-1,5476,6686,4,3,4,4
GGGAATGAGCCCTCAC-1,6492,2733,2,2,2,2
GGGACAGAGTTACTCC-1,1967,6161,0,0,0,0
GGGACTGCATAGATAG-1,4072,3909,1,1,3,3
GGGAGAACTCACAGTA-1,4279,3908,2,2,0,0
GGGAGCGACCGTAGTG-1,5426,7135,3,3,1,1
GGGAGGATGCCCGAAA-1,3610,4360,1,1,3,3
GGGAGTTAATGAGGCG-1,4846,3996,0,0,0,0
GGGATACGGTAATAAT-1,1335,2933,0,0,0,0
GGGATTATCTCACAAC-1,1277,1407,3,3,4,4
GGGATTTACCGCACCT-1,5623,4800,0,0,0,0
GGGCACTATTGACCAT-1,1143,6523,3,3,1,1
GGGCAGACGTCACTGC-1,1190,5356,0,0,0,0
GGGCAGAGCAATCGTT-1,4082,6242,3,3,1,1
GGGCCCGTCTTAAACA-1,3663,4808,1,1,3,3
GGGCCCTACGAAAGGG-1,1805,4457,1,1,3,3
GGGCCGGCCGAAGTAC-1,5312,4263,2,2,0,0
GGGCGAATTTCTCCAC-1,1334,2574,2,2,2,2
GGGCGATATGTGTGAA-1,3968,3551,1,1,3,3
GGGCGCAGCGTTACTC-1,7168,4076,2,3,1,1
GGGCGGGTTCCCTACG-1,2890,4901,1,1,3,3
GGGCGGTCCTATTGTC-1,2416,2300,0,0,0,0
GGGCGTACATTTATAT-1,3760,3192,1,1,3,3
GGGCGTCCACTGGCTC-1,5305,2468,1,2,2,2
GGGCTACTATTTCGTG-1,1294,5535,2,2,0,0
GGGCTATGATCGATGG-1,3617,6155,3,3,0,0
GGGCTCATCGAACCCA-1,5566,3275,2,2,0,0
GGGCTGGTTAGTCGCG-1,3608,3821,1,1,3,3
GGGTACACTCTGGAGG-1,1381,1586,4,4,4,4
GGGTACCCACGGTCCT-1,2312,2301,0,0,0,0
GGGTACTTCATGAACT-1,2991,4362,1,1,3,3
GGGTATTCTAGCAAAC-1,1760,5982,0,0,0,0
GGGTCAGGAGCTAGAT-1,3826,6872,3,3,2,1
GGGTCATGCGTACCAT-1,1696,3021,0,0,0,0
GGGTCGTGGCAAGTGT-1,6494,3271,3,3,4,4
GGGTCTATCGCTTTCC-1,6817,6680,2,2,2,2
GGGTGCATATGAAAGC-1,6754,3719,4,4,4,4
GGGTGTTTCAGCTATG-1,4479,2472,0,0,0,0
GGGTTAACATTTGAGT-1,3564,5886,0,0,0,0
GGGTTCAGACGAACAA-1,1953,2751,0,0,0,0
GGTAACCGGGAGGATA-1,2379,6159,0,0,0,0
GGTAACTATGTATCTG-1,3240,2117,0,0,0,0
GGTACAAACATGCTAT-1,3766,4628,1,1,3,3
GGTACATCTGGGACGA-1,1908,4456,1,1,3,3
GGTACCATTAAGACGG-1,6392,3631,3,3,4,4
GGTAGAAGACCGCCTG-1,4647,5792,4,4,1,1
GGTAGACCGTTGGGCG-1,3719,5795,0,0,0,0
GGTATAGTGACACATA-1,6858,4078,3,3,4,4
GGTATCAAGCATAGAA-1,1535,1316,4,4,4,4
GGTATTGCCGAGTTTA-1,3712,4000,1,1,3,3
GGTCAGTGGGTCCCAC-1,4181,5345,2,0,0,0
GGTCGGATAAACGGCG-1,5978,3094,3,3,1,1
GGTCGGCCAGGAGCTT-1,5310,3904,2,2,0,0
GGTCTCCAAGTAGTGC-1,7431,5422,4,4,4,4
GGTCTCCGTCCAGGTT-1,6198,6683,3,3,1,1
GGTCTCTGAATGGACT-1,2739,5709,0,0,0,0
GGTCTGAGAATCTGGA-1,5103,3726,0,0,0,0
GGTCTTGAGCGCTCTT-1,4342,6870,3,3,1,1
GGTCTTGGTGTTAACT-1,1021,1677,4,4,4,4
GGTGATTTCATCTTGT-1,2981,1849,2,2,2,2
GGTGCATAAATGATTA-1,3414,7053,3,3,1,1
GGTGCGGATAAGTGGC-1,3345,2476,0,0,0,0
GGTGCTGGTACACATT-1,3354,4809,1,1,3,3
GGTGGAGGTTGATACG-1,7274,4973,2,2,1,1
GGTGTAAATCGATTGT-1,4343,7229,4,4,4,4
GGTTACCACCCTCGGG-1,2684,5081,1,1,3,3
GGTTACCCGACACTTT-1,7322,3986,4,4,4,4
GGTTAGCTATATGTCT-1,5470,5250,2,2,2,2
GGTTAGGCTTGGAGAA-1,2833,3555,1,1,2,2
GGTTCGGATTATACTA-1,1341,4548,1,1,2,2
GGTTGTATCGTGAAAT-1,3597,1129,3,3,4,4
GGTTGTGCTCTTGTCC-1,1491,3201,0,0,0,0
GGTTGTGTAGCCTGGC-1,1649,4008,0,0,0,0
GGTTTAATTACCATCG-1,3000,6695,2,2,1,1
GGTTTAATTGAGCAGG-1,6959,3359,2,2,2,2
GGTTTACAATCTCAAT-1,4740,3278,2,0,0,0
GGTTTCAATCGGTCAG-1,5672,3993,2,2,3,3
GGTTTGAGTGCTGGAA-1,3137,2118,0,0,0,0
GGTTTGTGACCTGAGG-1,6404,6503,2,3,1,1
GTAACTGCCCAAGGAG-1,3362,6963,3,3,2,2
GTAACTTGCGGCAGTC-1,3033,1939,2,2,2,2
GTAAGGATTTGTCGGA-1,4477,1933,2,2,1,1
GTAAGTAACAGTCTGG-1,5210,4623,0,0,0,0
GTAATCTGATTCTTCG-1,3254,5528,0,0,0,0
GTACACTTACCTGAAG-1,4280,4267,1,1,3,3
GTACAGAGGCAAGGGT-1,5260,4353,0,0,0,0
GTACGACGGCGCTGCG-1,2312,2121,0,0,0,0
GTACGAGATTGCGACA-1,3914,2923,1,1,2,2
GTACGCTTCATTGCAC-1,4696,5163,0,0,0,0
GTACGTTTGCCCGTCA-1,4489,4984,0,0,0,0
GTACTAAGATTTGGAG-1,3813,3461,1,1,3,3
GTACTCCCTTATCGCT-1,2423,4275,1,1,2,2
GTACTCCTGGGTATGC-1,6237,3362,3,3,1,1
GTACTGAGGTCGTAAC-1,3395,2027,0,0,0,0
GTACTGGAGTTAGACC-1,5156,3995,0,0,0,0
GTACTTGGGCACTTCT-1,2675,2568,1,0,0,0
GTAGACAACCGATGAA-1,3806,1667,2,2,0,0
GTAGACACGCCTGACT-1,4444,6690,3,3,1,1
GTAGACGTCGTTACAT-1,2983,2208,0,0,0,0
GTAGCTAGTAAGCGCG-1,5093,1213,2,2,2,1
GTAGCTTCCTCTTGTT-1,5568,3813,3,3,1,0
GTAGGTGATCCGTGTA-1,5047,2559,1,1,3,3
GTAGTCGCGGGAATCA-1,5162,5431,2,2,0,0
GTAGTCTACGATATTG-1,4960,6688,2,2,2,1
GTATAATCTCCCGGAT-1,1590,2303,2,2,2,2
GTATATGTTACGGCGG-1,2000,1584,3,3,1,1
GTATCAGCTTGGGTTC-1,2727,2837,0,0,0,0
GTATCCTTTGGTAACC-1,5734,6774,3,3,1,1
GTATCGGGACGAGCTG-1,1742,1495,3,3,1,1
GTATCTCAGTCTTGAC-1,2122,6250,0,0,0,0
GTATCTCCCTAACTGT-1,4061,1037,3,3,4,4
GTATCTCGGGCGCTTT-1,1972,7417,4,4,1,1
GTATCTTGTTGCTCAC-1,3752,1039,4,4,4,4
GTATCTTTCATAACCA-1,4387,5164,0,0,0,0
GTATGAAATTTCACTC-1,2120,5712,0,0,0,0
GTATGACGTGGGAAAC-1,2465,1672,2,2,2,2
GTATGTGGGTCTAGTT-1,5725,4441,3,3,1,1
GTATTAAGGCGTCTAA-1,2315,2839,0,0,0,0
GTATTCTTACCGTGCT-1,2052,1673,3,3,1,1
GTATTTAATGGCATAA-1,7174,5692,4,4,4,4
GTCAAAGAAGTGGTGT-1,1915,6072,0,0,0,0
GTCAAAGTTTACATAG-1,2467,2210,0,0,0,0
GTCAACCAGGCCTATA-1,6302,6862,4,4,1,1
GTCACAAAGTTTCCAA-1,4116,1845,3,3,1,0
GTCAGACAGCGTTGGA-1,1176,1767,4,4,4,4
GTCAGTTGTGCTCGTT-1,4632,1843,2,2,2,1
GTCAGTTTGGTAGTCG-1,1647,3649,1,0,0,0
GTCATGCACCTCCGTT-1,4123,3640,1,1,2,2
GTCATGCGCGAGGGCT-1,6044,6773,4,4,4,4
GTCATGGACATGACTA-1,4173,3370,1,1,2,2
GTCATTAGAGCGAACG-1,4435,4356,1,1,3,3
GTCCGGCTGAATTGCG-1,3658,3552,1,1,3,3
GTCCGGGTTCACATTA-1,4653,7227,2,2,1,1
GTCCTACAGGCGGCTC-1,1798,2662,0,0,0,0
GTCCTTCTACAACCCA-1,1284,3023,0,0,0,0
GTCCTTCTAGTGGGTT-1,5199,1930,3,3,1,1
GTCGATAGGTGACTTT-1,7226,5781,4,4,4,4
GTCGCCGTTGTGTGTT-1,3204,6156,0,0,0,0
GTCGCGTAACCCGTTG-1,4849,4534,0,0,0,0
GTCGGATATCTCAGAC-1,2835,3914,1,1,2,2
GTCGGATGTAGCGCGC-1,4944,2559,3,3,3,3
GTCGGGAAGCAGAAAC-1,4340,6331,3,3,1,1
GTCGTACCATCTCGGG-1,4181,5165,0,0,0,0
GTCGTATTGGCGTACA-1,5873,2735,3,3,1,1
GTCGTCAATTATAAGG-1,3291,2028,0,0,0,0
GTCGTGTCTGGTCATC-1,6650,3540,3,3,1,1
GTCGTTATTCGCTTAT-1,4903,5162,0,0,0,0
GTCTACTCAATTACAA-1,1650,4367,1,1,3,3
GTCTAGTGAGCCGCTT-1,5735,6954,3,3,1,1
GTCTATCTGAGTTTCT-1,3147,4631,1,1,3,3
GTCTATTGCATGCTCG-1,6405,6862,3,3,1,1
GTCTCCTGCCAGTATG-1,1658,6342,2,3,2,1
GTCTCGACTAAGTTTG-1,6700,3271,4,4,4,4
GTCTCGATCTGCTTTC-1,5100,2828,3,3,3,3
GTCTCGCCAACACGCC-1,4680,1035,2,2,2,2
GTCTTAGTACAGCCGG-1,4994,2111,2,2,2,2
GTCTTGAGGAGCAGTG-1,6963,4436,4,4,4,4
GTCTTGTAGCTATTCA-1,6759,4975,4,4,4,4
GTGAAACGGCGCCACC-1,5514,3185,2,2,0,0
GTGAACTCCCATTCGA-1,6341,3721,4,4,1,1
GTGAAGATTTCAAGTG-1,6286,2913,3,3,1,1
GTGAAGCCGTATAGTC-1,6493,2912,3,3,4,4
GTGAAGTCACGACTCG-1,1345,5446,0,0,0,0
GTGACAGCTTCCCACT-1,4806,6778,3,3,1,1
GTGACCGCACACTACG-1,5674,4531,3,3,1,1
GTGACGAGGGTGACCC-1,6858,3898,3,3,1,1
GTGACGCAGGTTTCAT-1,4858,6868,3,2,1,1
GTGAGGAGCGGTTGAG-1,5458,2198,3,3,1,1
GTGAGTCTAAGACGGA-1,1543,3291,0,0,0,0
GTGAGTGGTACAACGC-1,3873,5705,0,0,0,0
GTGATCAAGCGTGCAC-1,2382,6877,3,4,1,1
GTGATCATAGATCTGC-1,3922,5076,1,1,3,3
GTGATCCTTGTCATGA-1,5321,6597,4,4,4,4
GTGATGCACAACATCT-1,5922,2107,3,3,1,4
GTGCAACAAATGTGGC-1,4169,2293,0,0,0,0
GTGCACCAGCTTCAAC-1,3775,6962,4,4,1,1
GTGCACGAAAGTGACT-1,4634,2561,0,0,0,0
GTGCAGCGTAGAGTAG-1,7380,5691,4,4,4,4
GTGCCATCACACGGTG-1,2735,4812,1,1,3,3
GTGCCCGTTCGGATTC-1,5364,4532,1,1,2,0
GTGCCGCTTCAAAGGT-1,3251,4989,1,1,3,3
GTGCCTCAGTGTACGG-1,5767,2018,4,4,4,4
GTGCCTGAGACCAAAC-1,5581,7224,2,2,2,2
GTGCGCAGCTTGCTCC-1,2670,1491,3,3,1,1
GTGCGCTTACAAATGA-1,3339,1040,3,3,4,4
GTGCGGGTCTCCAAAT-1,3862,2833,1,1,2,2
GTGCGTGTATATGAGC-1,5262,4712,0,0,0,0
GTGCTCAAGTACTGTC-1,3661,4090,1,1,3,3
GTGCTTACATCAGCGC-1,6966,5154,4,4,4,4
GTGGAACCTACATGCG-1,5150,2379,2,2,2,2
GTGGACCAACCCGATT-1,2478,5082,1,1,3,3
GTGGACGCATTTGTCC-1,4287,6062,4,4,0,1
GTGGACGTGCTGAGAC-1,2984,2567,0,0,0,0
GTGGAGCATGTCGGCC-1,7427,4345,4,4,4,4
GTGGAGCGTTTACCGA-1,1812,6251,0,0,0,0
GTGGAGTCGGCGGTTG-1,2946,5888,0,0,0,0
GTGGCGGGCCGTAGCT-1,4526,1125,4,4,4,4
GTGGCGGTCCCAGCGT-1,2012,4635,1,1,3,3
GTGGGCTTAGACACAC-1,2988,3644,1,1,2,2
GTGGGTCTTCTTTGCG-1,1896,1225,3,4,1,4
GTGGTATAGTCTGCCG-1,3101,6157,0,0,0,0
GTGGTCAGCGAAGTAT-1,5714,1749,4,4,4,4
GTGGTGATGGTTTGTG-1,7484,5870,3,3,4,4
GTGGTGGCCAAGTGAA-1,5057,5072,0,0,0,0
GTGGTTTCCGCCTTTC-1,2632,4812,1,1,3,3
GTGTACCTTGGCTACG-1,4999,3367,0,0,0,0
GTGTACGAACCGTTCC-1,7532,4883,2,2,2,2
GTGTCAGTGTACGTGG-1,3157,7144,3,3,1,1
GTGTCGTATAGCGTTC-1,4905,5880,4,4,1,1
GTGTGAATAACTTAGG-1,5259,3994,0,0,0,0
GTGTGTCGACGTCGCT-1,1127,2395,3,3,2,4
GTTAAAGTAGGACTGG-1,5265,5430,2,2,2,2
GTTAACATCACTTAAA-1,4751,5971,3,3,0,0
GTTAACTATGTTGTCA-1,6707,4886,4,4,4,4
GTTAAGGGTGCGATGT-1,4650,6509,2,2,2,2
GTTACAATTGGTGACG-1,2682,4363,1,1,3,3
GTTACGAAATCCACGC-1,2670,1312,4,4,4,4
GTTACGGCCCGACTGC-1,2979,1311,3,3,1,1
GTTACTTTGGGCCTAG-1,3612,4898,2,1,3,3
GTTAGAGTGTGCCGCT-1,4837,1662,3,3,1,1
GTTAGCCCATGACATC-1,4858,7047,2,2,1,1
GTTAGCCGTAAATCAA-1,6651,3719,3,3,4,4
GTTAGGCTACCCGTTT-1,1708,5893,0,0,0,0
GTTATATTATCTCCCT-1,3872,5346,0,0,0,0
GTTCAATCTATGTCAA-1,5300,1391,2,2,1,1
GTTCACAGGAGTCTAG-1,2731,3914,1,1,2,2
GTTCCAAGACAGCGAC-1,2309,1403,4,4,4,4
GTTCCCGTAAACATAT-1,7125,6320,3,3,4,1
GTTCGACAATTGTATA-1,2383,7236,4,4,1,1
GTTCGCCATAAGTGCC-1,3713,4359,1,1,3,3
GTTCGCTGAGACGTCT-1,6607,5784,4,4,4,4
GTTCGGTGTGGATTTA-1,1123,1498,4,4,4,4
GTTCTTCCCTCGATGT-1,3602,2385,0,0,0,0
GTTGAACCGGTTCCAT-1,3044,4811,1,1,3,3
GTTGAGTCCCGCCGGT-1,5008,5700,0,0,0,0
GTTGCACGGAGTTTCG-1,3451,3194,1,1,2,2
GTTGCGCTAACATTAC-1,7119,4705,2,2,2,1
GTTGGATTCAGTGGCT-1,5924,2466,3,3,1,1
GTTGGATTTGCGTTGG-1,3558,4270,1,1,3,3
GTTGGTCATGCTATCC-1,4235,5973,2,2,2,2
GTTGTCGTGTTAGTTG-1,3396,2386,0,0,0,0
GTTTATGGGATTTAGA-1,1387,3022,0,0,0,0
GTTTCAAACGAGTTGT-1,6610,6502,2,2,2,2
GTTTCATATCGTCGCT-1,2373,4544,1,1,3,3
GTTTCCTGGAGGGTGA-1,3503,3283,1,1,2,2
GTTTCTAGAGGCGCGG-1,5788,7223,3,3,1,1
GTTTCTGCAGTCTCCC-1,4694,4625,0,0,0,0
GTTTGACCAAATCCTA-1,3969,3730,1,1,3,3
GTTTGAGCGGTTATGT-1,3133,1041,3,3,4,4
GTTTGGCCCAAGTTAT-1,5108,4802,0,0,0,0
GTTTGGCCGCTCAGCG-1,2621,2120,0,0,0,0
GTTTGGGCTTGTGAGC-1,4337,5613,0,0,0,0
GTTTGGGTTTCGCCCG-1,5682,6685,3,3,1,1
GTTTGGTAGGGTCAAC-1,4028,5794,0,0,0,0
TAAACCCAGGAGGGCA-1,2842,5888,0,0,0,0
TAAACGTCGTCAATGA-1,1592,2662,0,0,0,0
TAAAGACAACCCTTTA-1,7067,4615,2,2,1,1
TAAAGCGGTATTTCCA-1,3516,6693,2,2,1,1
TAAAGCGTTAGGAGAA-1,5515,3544,0,0,0,0
TAAAGCTGCAATAGGG-1,5976,2555,3,3,1,1
TAACAATATTTGTTGC-1,1802,3559,0,0,0,0
TAACAGCGTTTGTGCT-1,2897,6696,2,2,2,2
TAACATACACGCGATC-1,2275,5980,0,0,0,0
TAACCTAGGGAGTCCA-1,6455,6413,2,2,1,1
TAACTATTACGCCAAA-1,6496,3630,3,3,1,1
TAACTCATCCGCGCGG-1,3509,4899,1,1,3,3
TAACTCCATGGAGGCT-1,2366,2749,2,0,0,0
TAAGAGGGACAGGGAC-1,1969,6700,2,2,1,1
TAAGATTTAGCGGGAG-1,2825,1401,3,3,1,1
TAAGCAGGCGACACGC-1,1959,4187,1,1,2,2
TAAGCGCGAATCAAAT-1,2279,6878,4,4,4,1
TAAGGAACTTGTGGGA-1,3035,2477,0,0,0,0
TAAGGCAACATAAGAT-1,4637,3279,0,0,0,0
TAAGGCATAACATCAA-1,3514,6155,2,4,2,1
TAAGGCCCGTCACCCT-1,4599,6599,3,3,1,1
TAAGTGAATAGTCTAC-1,2230,7506,3,3,1,1
TAATACACAGTAGTAT-1,4275,2831,0,0,0,0
TAATACTAGAACAGAC-1,4962,7226,2,2,1,1
TAATAGGTCACCAGAA-1,2071,6520,3,3,1,1
TAATCAACCAAATGGG-1,7432,5601,4,4,4,4
TAATCGATCCGTACGT-1,5772,3274,2,2,2,2
TAATGAAAGACCCTTG-1,1852,3290,0,0,0,0
TAATTACGTCAGTAGA-1,6249,6593,3,3,1,1
TAATTAGATGGATATG-1,2620,1940,2,2,1,0
TAATTGGAATCGGGAA-1,6388,2554,4,4,4,4
TACAACGCACAACTCA-1,3508,4719,1,1,3,3
TACAAGCTGTTCACTG-1,3700,1128,2,3,1,1
TACAAGGGCTTCTTTA-1,5839,7133,3,3,1,1
TACAATGAAACCAGCA-1,3288,1130,4,4,4,4
TACATAGGCATACACC-1,4075,4627,1,1,3,3
TACATGACCTTATCCG-1,1233,3113,0,0,0,0
TACATGCCGGAATTGT-1,7278,5871,4,4,4,4
TACATTTCTAACGTGC-1,3817,4538,1,1,3,3
TACCAAATAGCCCAGA-1,4134,6332,3,3,1,1
TACCAGAAGTAGGTTC-1,3614,5437,0,0,0,0
TACCAGCTAGGTTTAA-1,4323,2023,0,0,0,0
TACCAGGAATCCCGTC-1,2847,7145,4,4,1,1
TACCATGTATTGATTT-1,7379,5332,4,4,4,4
TACCGAATAATTGTAA-1,5787,7043,2,3,1,1
TACCGGTCGTTTCCAT-1,2736,4991,1,1,3,3
TACCGTAGGTTAACTA-1,3927,6333,3,3,0,0
TACCTACTCCCAGTAT-1,4185,6242,4,4,1,1
TACCTCACGCTTGTAC-1,3860,2474,0,0,0,0
TACCTCAGTTGTCTGT-1,3567,6424,4,4,1,1
TACCTCCACACCAATG-1,2485,6877,4,4,4,4
TACGAACACGACTTCA-1,3711,3821,0,0,3,3
TACGAGAACTTCACGT-1,2990,4183,1,1,3,3
TACGATGTTGATCATC-1,2784,4183,1,1,3,3
TACGCAGTTCTTTCCT-1,3611,4719,1,1,3,3
TACGCCATATTCTAAT-1,3972,4627,2,2,3,3
TACGCCGAGGGTACCC-1,2740,6068,0,0,0,0
TACGCCGCCTCAGAAG-1,7533,5062,2,2,2,2
TACGCTGCTGTGTTAA-1,2228,7147,3,3,2,2
TACGGAAGCCAAACCA-1,4756,7227,2,2,1,1
TACGGCATGGACGCTA-1,6920,6680,2,2,2,2
TACGGGATGCTAGCAG-1,5255,2917,3,3,0,0
TACGTAAAGCGGAGTG-1,6301,6682,3,3,1,1
TACGTACTAGTGCTGA-1,3155,6605,4,3,1,1
TACGTGCACTATGCTG-1,2676,2927,0,0,0,0
TACGTTTACCGGCAAT-1,2631,4633,1,1,3,3
TACTCCTCTAGTTGAC-1,2846,6786,2,2,1,1
TACTCGGCACGCCGGG-1,1804,4277,1,1,3,3
TACTCTCCGAACAAAT-1,5152,2918,2,3,3,3
TACTCTTACTTTACTG-1,6712,6322,3,3,1,1
TACTGAACAGATTTAG-1,3256,6066,0,0,0,0
TACTGAGGGAAGAAAG-1,1297,6433,3,3,1,1
TACTGCAATCAATTAC-1,6235,3003,4,4,4,4
TACTGGACAGCTCGGC-1,2268,4185,1,1,2,2
TACTGTTTCTCTGGTA-1,7121,5243,4,4,4,4
TAGAAACACAATAGTG-1,972,2485,3,3,1,1
TAGAAACCACTAAGTA-1,5043,1482,2,3,1,1
TAGAAAGGTGGCGCTA-1,5155,3815,0,0,0,0
TAGAAATTCACGTATA-1,1495,4278,0,0,0,0
TAGAACGCCAGTAACG-1,1329,1497,3,3,4,4
TAGAATAGCCGATGAA-1,6146,6593,3,3,1,1
TAGACGAAACGCCAAT-1,4754,6689,2,2,1,1
TAGACGCCCGTACCGG-1,5620,3903,3,2,1,1
TAGAGATCATGCAACT-1,2323,4993,2,1,3,3
TAGAGTCTAAGCGAAC-1,3813,3641,1,1,3,3
TAGATATGGACTGGAA-1,3717,5436,0,0,0,0
TAGATCCGAAGTCGCA-1,4684,1932,2,2,1,1
TAGCAACCTGTCACAA-1,2315,3019,0,0,0,0
TAGCAGTATGACTAAA-1,6044,6953,4,4,4,4
TAGCCAGAGGGTCCGG-1,1433,1676,4,4,4,4
TAGCCATTTCAAAGTC-1,5572,4890,2,2,0,0
TAGCGTCCGGTGTGGT-1,4957,5790,3,3,1,1
TAGCTAAGTCCGGGAG-1,3917,3640,0,1,3,3
TAGCTAGTGATGATGG-1,3463,6424,4,4,4,1
TAGCTGATGTGAAGCG-1,1497,4817,1,1,2,2
TAGGAACAGCCTCCAG-1,5455,1481,2,2,2,2
TAGGCATGTTACGCCA-1,5359,3096,0,0,0,0
TAGGCGATGAGGTCTC-1,1553,5983,2,2,0,0
TAGGCGGCTGCAAAGA-1,1660,6880,2,3,1,1
TAGGCTAAAGTGGCAC-1,6096,6863,4,4,4,4
TAGGGTGTTTCAAGAG-1,3759,3013,1,1,2,2
TAGGTGTTCCACAGAT-1,4082,6422,2,2,0,1
TAGGTTCGAGTTCGTC-1,4435,4177,1,1,2,3
TAGTACCACAACTTTC-1,1659,6701,4,4,1,1
TAGTAGCTTATACCAG-1,3206,6515,4,4,1,1
TAGTCCCGGAGACCAC-1,3466,6963,3,3,2,1
TAGTCCGCAGAGAATG-1,3714,4539,1,1,3,3
TAGTCCGTATGCATAA-1,1642,2393,2,2,0,0
TAGTCCTGCACTAAGC-1,2280,7237,4,3,1,1
TAGTCGGGATTCTTCG-1,1177,2126,4,4,4,4
TAGTCTAACAACGAGA-1,2734,4632,1,1,3,3
TAGTCTGCGGCACATT-1,2849,7504,3,3,1,1
TAGTCTGTGACGTTGC-1,6287,3093,3,3,1,1
TAGTCTTTCCGAATTG-1,6967,5513,3,4,4,4
TAGTGAGAAGTGGTTG-1,3082,1310,3,3,1,1
TAGTGCCCTCCAGAGT-1,3660,3911,0,0,3,3
TAGTGCTTGAATCCTT-1,1176,1946,4,4,4,4
TAGTGGAACTCATACA-1,5248,1302,2,2,2,1
TATACACGCAAAGTAT-1,2830,2658,0,0,0,0
TATACCGAGTGCCACA-1,7173,5512,4,4,4,4
TATACTCATGCGGCAA-1,1902,2841,0,0,0,0
TATAGGGTACTCATGA-1,2011,4276,1,1,2,2
TATATAGGGCTTTACG-1,2691,6697,4,4,4,4
TATATATCGAGAAATG-1,2432,6428,3,4,1,1
TATATCAAAGTGATCT-1,2900,7414,3,3,2,2
TATATGCTGGGTTGCC-1,1336,3112,0,0,0,0
TATATTACAAATGTCG-1,6491,2553,2,2,2,2
TATATTCGCGTCGATA-1,4167,1755,2,2,1,1
TATCACAGCACGGGCA-1,4269,1395,3,3,1,1
TATCACCATGTAAAGT-1,5870,1838,3,3,4,4
TATCACCCAACCGACC-1,6133,3183,4,4,4,4
TATCACTTCGAGTAAC-1,6079,2555,3,3,1,1
TATCAGTGGCGTAGTC-1,1398,5894,2,2,0,0
TATCCAATTGGTTATC-1,5061,5969,2,2,2,2
TATCCATCTCGGTTAG-1,1865,6520,3,3,1,1
TATCCGCACCGTCGGG-1,3721,6334,4,4,1,1
TATCCTATCAACTGGT-1,4034,7230,3,3,1,1
TATCCTGCATGGGAAT-1,3757,2295,0,0,0,0
TATCGATCTATGCATA-1,5513,3006,2,2,3,3
TATCGATGATTAAACG-1,3502,3104,1,1,2,2
TATCTACCACAGCGGG-1,4076,4807,1,1,3,3
TATCTAGCCTAAAGGA-1,1597,4098,0,0,0,0
TATCTTGCAATACAAC-1,1812,6072,0,0,0,0
TATGAAGAATTAAGGT-1,6096,7042,4,4,4,4
TATGATAAATCTAACG-1,5198,1571,4,4,4,4
TATGATCCGGCACGCC-1,6752,3360,4,4,4,4
TATGATTCTGCTTGGT-1,2773,1491,3,3,1,1
TATGCTCCCTACTTAC-1,4122,3281,1,1,2,2
TATGGAGTTTCTCGTT-1,2619,1581,3,3,1,1
TATGGATGTGCTACGC-1,3761,3372,1,1,3,3
TATGGGACCGAGCAGG-1,3868,4269,1,1,3,3
TATGGGTACGTATCGT-1,3969,3910,1,1,3,3
TATGGTCTGAGTAACA-1,3971,4268,1,1,3,3
TATGTAAAGTGCTTAA-1,3259,6964,2,3,2,1
TATGTAGAAACCCGGC-1,1349,6522,4,3,4,4
TATGTCTCATTGTGCC-1,5206,3725,0,0,0,0
TATTAACACCAAAGCA-1,1501,5894,2,2,0,0
TATTAACCTGACCGCG-1,3308,6156,2,0,0,0
TATTATGTTTGCCTGC-1,1863,6161,0,0,0,0
TATTCAATTCTAATCC-1,4795,4086,0,0,0,0
TATTCCACTCAGCTCG-1,3924,5435,0,0,0,0
TATTCGTGCCAGAATA-1,4279,4088,1,1,3,3
TATTGACATTTCTGCC-1,7013,4167,3,3,1,1
TATTTATACCGAGTAG-1,4995,2470,1,1,3,3
TATTTGATTTGCACAG-1,7072,5872,3,3,1,1
TATTTGTTACCCTTTA-1,3348,3194,1,1,2,2
TCAAACAACCGCGTCG-1,4070,3191,1,1,2,2
TCAAAGAGCTATCTGT-1,1242,5446,0,0,0,0
TCAAAGTCACGGCGTC-1,2229,7327,3,3,1,1
TCAAATTGTTGTGCCG-1,5014,7136,2,2,2,2
TCAACAAAGATAATTC-1,2481,5800,0,0,0,0
TCAACACATTGGGTAA-1,2776,2030,0,0,0,0
TCAACCATGTTCGGGC-1,3606,3283,1,1,3,3
TCAACGAGGAGACAAA-1,3870,4807,2,2,3,3
TCAACGCGACCGGCAG-1,2167,4545,1,1,3,3
TCACAGCAAACTCGAA-1,3512,5616,1,0,0,0
TCACAGGAGAATAAGA-1,3513,5975,0,0,0,0
TCACAGGTTATTGGGC-1,3454,3912,1,1,3,3
TCACCGCTCGGCACTC-1,5722,3723,2,2,2,2
TCACGATGTCCGTGGA-1,2429,5711,0,0,0,0
TCACGGTCATCGCACA-1,3296,3104,1,1,2,2
TCACGTGCCCGATTCA-1,4178,4447,1,1,3,3
TCACTACGACCAATGC-1,5871,2197,3,3,4,4
TCACTATCGTGCAATC-1,2722,1402,3,3,1,1
TCACTCAGCGCATTAG-1,3236,1041,4,4,4,4
TCACTCTTCGTCTGTC-1,1385,2663,0,0,0,0
TCAGAACCTCCACAGG-1,6444,3720,3,3,1,1
TCAGACGCTATAGAAG-1,4697,5343,0,0,0,0
TCAGCAAATGCATCTC-1,4743,3817,0,0,0,0
TCAGCAGTAGGCCCTG-1,3103,6516,3,3,1,1
TCAGCCAATCCGTAAA-1,6404,6682,3,3,1,1
TCAGGGCGACTTCCTT-1,1181,3203,0,0,0,0
TCAGGGCGCAAACTCG-1,1800,3021,1,0,2,0
TCAGGGTGTAACGTAA-1,4690,3548,0,0,0,0
TCAGGTTCTTTGAGAA-1,3143,3733,1,1,2,2
TCAGTTACGGAATGAT-1,4836,1303,4,4,4,1
TCATACTTACAGATCC-1,2212,3019,0,0,0,0
TCATATGAGCTTTGTT-1,4187,6781,4,4,1,1
TCATCCCAGAGGGTGG-1,4581,2112,0,0,0,0
TCATCCTCAGCTGCTT-1,5632,7134,3,3,1,1
TCATCGATGGTCCCAA-1,2482,6159,0,0,0,0
TCATGCAGGTTCTCAT-1,5305,2648,2,2,3,3
TCATTTAGAAGTGTGA-1,6659,5873,4,4,4,4
TCCAACTCAGCTATCT-1,5684,7044,3,3,1,1
TCCAACTTTAAATTCT-1,3044,4631,1,1,3,3
TCCAAGCCTAGACACA-1,5065,7046,2,2,2,2
TCCACAATGGTTTACG-1,2834,3734,1,1,2,2
TCCACATCGTATATTG-1,4447,7228,4,4,4,4
TCCACCTCTAGCCTTT-1,3722,6513,3,2,1,1
TCCACTTTATCTAGGT-1,5052,3816,0,0,0,0
TCCAGATGTACGCCAA-1,6855,3180,2,2,1,1
TCCAGCGCTATAAGCG-1,6968,5693,4,4,4,4
TCCAGGCGAGTACGGT-1,3917,3820,0,0,3,3
TCCATCAATACTAATC-1,1711,6790,3,3,1,1
TCCCAAACAGACAACG-1,6648,3002,3,3,4,4
TCCCAAAGACGAAGGA-1,4070,3371,1,1,2,2
TCCCAAAGCCCTAAAT-1,7015,4526,3,3,1,1
TCCCACGGAGGGAGCT-1,4835,1124,2,4,2,4
TCCCAGCACACGACAT-1,7382,6050,3,3,1,1
TCCCAGCTTTAGTCTG-1,3867,4089,1,1,3,3
TCCCAGGCTTAGCTAA-1,3453,3732,1,1,3,3
TCCCGGGTGTGCTGCT-1,2732,4094,1,1,3,2
TCCCGTCAGTCCCGCA-1,4843,3098,0,0,0,0
TCCCGTCGCGTCATAG-1,6908,3629,3,2,1,1
TCCCGTGTGCAATTTG-1,5108,4982,0,0,0,0
TCCCTAGATCAATAGG-1,6856,3539,2,2,1,1
TCCCTCCGAAATCGTT-1,2308,1224,3,3,4,4
TCCCTGGCGTATTAAC-1,1915,6251,0,0,0,0
TCCCTTAGATTACTCG-1,5409,2647,1,1,2,2
TCCGAATGGTCCTGAG-1,6806,3809,4,4,4,4
TCCGACCGCTAATCAA-1,2848,7324,3,3,2,2
TCCGATAATTGCCATA-1,4274,2652,2,0,0,0
TCCGATGACTGAGCTC-1,4894,3008,0,0,0,0
TCCGATGGTGCGACAT-1,3709,3282,1,1,3,3
TCCGATTACATTGCCG-1,2628,3915,1,1,2,2
TCCGCAGCCACCTAGC-1,1332,2215,3,3,1,1
TCCGCCTGTCTACAAG-1,4803,6060,3,3,0,0
TCCGCGGCAGCATCTG-1,5311,4084,2,2,0,0
TCCGCTGTCATCCCGG-1,5161,5251,0,0,0,0
TCCGCTTATCCCATTA-1,4285,5524,0,0,0,0
TCCGGGCTTGACGGGA-1,5941,6953,4,4,4,4
TCCGTAACCACAATCC-1,1799,2841,0,0,0,0
TCCGTTTAGCCTTGAA-1,5567,3634,0,0,0,0
TCCTAAAGATTCAGAC-1,5323,7135,2,3,1,1
TCCTAAATTGGGAAGC-1,4597,6061,3,3,0,0
TCCTAACCGTCGGGCA-1,3361,6604,4,4,1,1
TCCTACATCCACGGCC-1,5315,5161,0,0,0,0
TCCTAGCAAAGAAGCT-1,3096,4721,0,1,3,3
TCCTATCATAGGTAAC-1,7172,5153,4,4,4,4
TCCTCTGGCCCATTAG-1,5509,1929,3,3,1,1
TCCTGCCAACTGGAGA-1,5613,2108,2,2,1,1
TCCTGCGTTGATACTC-1,2527,4454,1,1,3,3
TCCTTCAGTGGTCGAA-1,4531,2382,2,0,2,0
TCCTTGTCCTTTAATT-1,4550,7228,3,3,1,1
TCCTTTCTTACGCTTA-1,4175,3729,1,1,2,2
TCGAAATTTAGGACCA-1,3298,3643,1,1,3,3
TCGACAACTGAACCCG-1,1760,6162,0,0,0,0
TCGACATAGCGTAGCG-1,2539,7505,4,4,1,1
TCGAGACCAACACCGT-1,3816,4359,1,1,3,3
TCGAGCCAGGCAGGCC-1,2895,6157,0,0,0,0
TCGAGGGCAACAGACG-1,7124,6141,4,4,4,4
TCGAGTCTACGATTCG-1,1089,6075,4,3,1,1
TCGATAGGCTAGTCGC-1,3445,1758,2,2,2,2
TCGCAAAGATGCATTT-1,4851,5252,2,0,0,0
TCGCACCAGGAGGCAG-1,5110,5520,0,0,0,0
TCGCACTAACGTTTGT-1,971,2306,3,3,4,4
TCGCATAAAGGGCGCA-1,6714,6681,2,2,2,2
TCGCATCCCTAAGTGT-1,2571,2389,0,0,0,0
TCGCATTCAATGACTT-1,2878,1850,2,2,0,0
TCGCCGACATATTCGC-1,5425,6955,4,3,4,4
TCGCCGCACCGCGTGA-1,1292,5177,0,0,0,0
TCGCCGGAGAGTCTTA-1,1225,1318,2,2,2,4
TCGCTAAACCGCTATC-1,5564,2737,2,2,2,2
TCGCTACTGGCTTTGA-1,4755,6868,3,3,1,1
TCGCTCGATATATTCC-1,4226,3639,1,1,2,2
TCGCTCGGCACCAGCG-1,6545,3181,4,4,4,4
TCGCTGGGCGGATTGT-1,4793,3547,2,2,0,0
TCGCTGTGCGTAAATC-1,3087,2567,0,0,0,0
TCGCTTTAAACGTTTG-1,5463,3275,0,0,0,0
TCGGAATGACCATCAA-1,4888,1572,3,3,1,1
TCGGAGAGTATCGGGA-1,2169,5083,1,1,3,3
TCGGAGTACATGAGTA-1,4795,3906,0,0,0,0
TCGGCGTACTGCACAA-1,1654,5444,0,0,0,0
TCGGCTAACTTCCCTT-1,4939,1303,4,3,4,4
TCGGGAACGTGCCTAG-1,6599,3809,4,4,4,4
TCGGGATTCAAACATA-1,1754,4546,0,0,0,0
TCGGGCACTTCTGGAT-1,3340,1220,4,4,4,4
TCGGTCCCGACAATAG-1,2173,6160,0,0,0,0
TCGGTCCCTGACTCCA-1,5612,1929,4,4,4,4
TCGTAAGCTCCGAGGA-1,6439,2464,2,2,2,2
TCGTACCGACGTCAAG-1,3879,7141,3,3,1,1
TCGTATAGTGCAATTA-1,3859,2115,0,0,0,0
TCGTATTACCCATTGC-1,2269,4365,1,1,3,3
TCGTATTTCGTCCGGA-1,5146,1482,3,3,1,1
TCGTCAAGTACGCGCA-1,2946,6067,0,0,0,0
TCGTGTATTGGTCACG-1,7020,5782,3,3,1,1
TCGTGTCACGCTGACA-1,2168,4904,2,1,3,3
TCGTTAGGAGTCCCTA-1,3770,5705,0,0,0,0
TCGTTCGTTATTATGT-1,4168,1934,3,0,0,0
TCGTTGCTATCCGGTC-1,3358,5886,0,0,0,0
TCTAAAGAACAGTCTC-1,1501,5714,0,0,0,0
TCTAATACTGCCTCAG-1,2276,6160,0,0,0,0
TCTAGCAATCTCCGCC-1,2530,5172,1,1,2,3
TCTAGCATCTTCGATG-1,3192,3105,1,1,2,2
TCTAGTTATCAGAAGA-1,3764,4090,1,1,3,3
TCTATAGGTGGGTAAT-1,6611,6861,2,2,2,2
TCTATCATGCAGTTAC-1,3036,2657,0,0,0,0
TCTATGCTATAACGAC-1,5837,6774,3,3,1,1
TCTATTACGCTGGCGA-1,2725,2299,0,0,0,0
TCTATTACTAGAGGAT-1,1755,4726,0,0,0,0
TCTCCCTGGGCAGCGT-1,5112,5879,2,2,2,2
TCTCGAACGAGGTCAC-1,5819,2107,3,3,4,4
TCTCGACGTATCGCCG-1,6811,5065,4,4,4,4
TCTCGAGGAGGTTCGC-1,6762,5693,4,4,1,4
TCTCGGCTCCAGGACT-1,2157,2211,0,0,0,0
TCTCGTGTTACGAGGA-1,1240,5087,0,0,0,0
TCTCTAATAGCTGGTA-1,3656,2834,2,2,2,2
TCTCTCGCCGCACATA-1,6917,5962,4,4,4,4
TCTGAATTCCGTACAA-1,5827,4082,1,1,2,2
TCTGACTGTAATGGTT-1,1691,1585,4,3,4,4
TCTGAGCAATTGACTG-1,6762,5873,4,4,4,4
TCTGATCGGGTGCTAG-1,7065,4077,3,3,1,1
TCTGATGTATTCTGTC-1,5265,5610,2,2,2,2
TCTGATTGGAAATGGA-1,7323,4166,4,4,4,4
TCTGCCAGAAACTGCA-1,5056,4713,0,0,0,0
TCTGCGTCCGGTTTCT-1,2158,2391,0,0,0,0
TCTGCTTAGAACAAGC-1,7483,5511,4,4,4,4
TCTGGAGCGTAAGAGT-1,7479,4434,4,4,4,4
TCTGGCCGTTCAAGTT-1,7272,4255,3,3,1,1
TCTGGGTAGCGCTCAT-1,2837,4632,1,1,3,3
TCTGTGACTGACCGTT-1,2154,1314,4,3,4,4
TCTGTGCCATCATAGT-1,5104,3905,0,0,0,0
TCTGTGGCTACATTTC-1,3392,1309,3,3,1,1
TCTGTTACCCAGCATA-1,2790,5619,0,0,0,0
TCTTAACTCGGATGTA-1,1075,2485,2,2,2,2
TCTTACAGAGGTACCG-1,3293,2386,0,0,0,0
TCTTACCGGAACTCGT-1,5667,2916,2,2,2,2
TCTTATGGGTAGTACC-1,3649,1039,3,3,4,4
TCTTCGCGGTGAGAGG-1,6971,6411,3,3,1,1
TCTTGCTCCCGATACT-1,4445,6869,3,4,1,1
TCTTTAGAGTCTAACA-1,6864,5514,4,4,4,4
TCTTTAGCAGGCGAAC-1,6961,4077,3,3,1,1
TCTTTCCTTCGAGATA-1,7176,6230,3,3,1,1
TCTTTCGGCGGGACAC-1,1174,1408,4,4,4,4
TCTTTCTCTTAAGGAG-1,5044,1662,4,3,4,1
TGAAACTTATGCAAGC-1,4736,2022,2,2,1,1
TGAAAGGACCTGACTC-1,5260,4174,0,0,0,0
TGAACACCCGAAGCAG-1,1792,1226,2,2,2,2
TGAAGAGCGGTCCTAG-1,1541,2752,0,0,0,0
TGAATACCGACGCGTA-1,5219,6956,3,3,1,1
TGAATGAGTGTTTCCC-1,3569,6962,4,3,1,1
TGACAACGCATGTCGC-1,7376,4614,3,3,1,1
TGACAGGACAAGTCCA-1,1450,5984,2,2,0,0
TGACATGTAACGTGAC-1,4240,7229,3,3,1,1
TGACCAAATCTTAAAC-1,4188,6960,2,3,2,1
TGACCCACGTTAGACA-1,3402,4001,1,1,3,3
TGACGAATATTTCCCT-1,2117,4994,1,1,3,3
TGACGATGCACTAGAA-1,5879,4351,1,1,2,2
TGACTCCGAATCATAC-1,1814,6610,4,4,4,4
TGAGAGATTTACCACG-1,5675,4711,0,0,0,0
TGAGATTAGGCCCTAA-1,5820,2466,3,3,1,1
TGAGCAGTCGTGAAGT-1,2980,1490,3,3,4,4
TGAGCCATACAGTCTC-1,2941,4811,1,1,3,3
TGAGCGGAAAGTGTTC-1,4338,5972,3,4,1,1
TGAGCTCAACTGTATA-1,7383,6229,2,2,2,1
TGAGCTTTAATGACGC-1,5357,2737,2,2,2,2
TGAGGAGTGCCAGCTT-1,3978,6243,3,3,1,1
TGAGGTTGATCCCAAG-1,2875,1132,4,4,4,4
TGATACATTTAGCCGT-1,3204,5977,0,0,0,0
TGATAGCGGGATTCTA-1,1595,3560,2,0,0,0
TGATCAGGGAACTGCT-1,2219,4814,1,1,3,3
TGATCCCAGCATTAGT-1,6495,3451,4,4,4,4
TGATCGGTTTGACCCT-1,3762,3551,1,1,3,3
TGATCTCCGGCGCCAG-1,3555,3552,1,1,3,3
TGATGGCTGTTTCTGA-1,6857,3719,4,4,4,4
TGATGGGACTAAGTCA-1,1432,1496,4,4,4,4
TGATTCAGGTCCCGCG-1,1396,5356,0,0,0,0
TGATTCGTCTATCACT-1,3092,3823,1,1,3,2
TGATTTATTAGCTGTG-1,2734,4453,1,1,3,3
TGCAACTACTGGTTGA-1,5684,7223,2,2,2,1
TGCAAGAATGACGTAA-1,4072,3730,1,1,3,3
TGCAATCTAACACGGT-1,5630,6595,4,3,4,1
TGCAATTTGGGCACGG-1,6335,2285,2,2,2,2
TGCACAGTGAAGTTAT-1,6128,2106,4,4,4,4
TGCACTATGTGAGTGC-1,1643,2572,0,0,0,0
TGCAGAACTATATCGT-1,2116,4814,1,1,3,3
TGCAGAGTACCGAGCA-1,3352,4450,0,0,3,3
TGCAGATCGTCCTAGG-1,1910,4815,1,1,3,3
TGCAGCTACGTACTTC-1,1807,4815,1,1,3,3
TGCAGTGGTAGGGAAC-1,2022,7148,2,2,2,1
TGCAGTTTCCTCCCAT-1,5623,4621,4,4,1,1
TGCATGAGTAGATTCG-1,1586,1227,2,2,1,4
TGCATGGATCGGATCT-1,4429,2741,1,0,2,0
TGCATGTGACCCATAG-1,2950,7144,3,3,1,1
TGCATGTGGTAATCTA-1,5155,3636,0,0,0,0
TGCCAAAGTCAGACTT-1,1962,4905,1,1,3,3
TGCCAATGGGTACTCT-1,3668,5885,0,0,0,0
TGCCACACTAGAGGAA-1,1136,4908,0,0,0,0
TGCCACCTGGCGAAAC-1,4893,2829,2,2,2,2
TGCCATTACTAAAGAA-1,5461,2916,2,2,2,2
TGCCCGTACCGTTAAA-1,4851,5073,0,0,0,0
TGCCGAAAGCGTATTC-1,7116,3987,3,3,1,1
TGCCGATGTCATCAAT-1,1689,1226,2,2,2,2
TGCCGGATGTACGAGC-1,2742,6607,2,2,1,1
TGCCGTGGATCGTCCT-1,4236,6152,4,4,1,1
TGCCGTTCTTAATCGG-1,1038,6165,3,3,1,1
TGCCTAAATTTAATAG-1,7531,4524,3,3,4,4
TGCCTGACATCGGTCA-1,2004,2481,0,0,0,0
TGCCTTGGCCAGGCAA-1,5214,5700,2,2,2,2
TGCGAATATGGGATTT-1,1653,5085,1,1,2,2
TGCGACGGCCGAACGT-1,2638,6428,4,4,1,1
TGCGAGAATATTACCC-1,3047,5529,0,0,0,0
TGCGAGCCCTTCCGCG-1,6232,2106,2,2,1,1
TGCGCGATTAACGGAG-1,3091,3464,1,1,2,2
TGCGGACTTGACTCCG-1,4910,7137,2,2,1,1
TGCGGAGTAAAGGTGC-1,4585,3010,0,0,0,0
TGCGGCATAGTTCAAC-1,3756,2115,0,0,0,0
TGCGGGTATTGGGATC-1,4629,1125,4,4,4,4
TGCGGTGAAATTTCAT-1,4375,2113,0,0,0,0
TGCGTAAGAACCTGAT-1,3200,4900,1,1,3,3
TGCGTACGGCTAATTG-1,6199,7042,3,3,1,1
TGCGTCATGACTGAGC-1,2068,5802,0,0,0,0
TGCGTTTGTTGACACT-1,4901,4803,0,0,0,0
TGCTATGGCAAAGGGA-1,2332,7326,3,3,1,1
TGCTCGGCGAAACCCA-1,4133,6153,4,3,1,1
TGCTCGGTGGGTCACC-1,4703,6958,3,3,1,1
TGCTCTTGAGAGTTTG-1,4600,6779,3,3,1,1
TGCTGTTGAAGAACTC-1,4384,4446,1,1,3,3
TGCTTAGAGAGAATGC-1,2329,6608,3,3,1,1
TGCTTCCCAAGCAGTA-1,4393,6600,2,2,2,1
TGCTTGAAACCATGCA-1,1846,1854,2,3,1,1
TGGAAACGGAGTGAAC-1,1794,1585,4,4,4,4
TGGAACCACTGACACA-1,6236,3183,4,4,4,4
TGGAAGAAGGGAACGT-1,2785,4542,1,1,3,3
TGGAAGACGAACACCA-1,3344,2297,2,0,0,0
TGGAAGGATAAAGATG-1,4481,2831,2,0,0,0
TGGAATATCCTTGACC-1,6493,3092,4,4,4,4
TGGAATTAGACGCTTT-1,1904,3379,0,0,0,0
TGGACACCGTTGCTTG-1,1489,2842,0,0,0,0
TGGACCAATCTAAGAT-1,5115,6597,3,3,4,4
TGGACCACGGCGTTGA-1,1949,1674,3,3,1,1
TGGACGCAATCCAGCC-1,2019,6251,0,0,0,0
TGGACGTAGGCGAATC-1,1331,1856,4,4,4,4
TGGAGTGATGCGATGA-1,3091,3644,1,1,2,2
TGGATAGAGTAACAGA-1,1692,1944,2,2,2,2
TGGCAAACTAAATTAC-1,5007,5521,0,0,0,0
TGGCAACTCGCGCGCC-1,5410,3006,0,0,0,0
TGGCAAGCACAAGTCG-1,3878,6961,4,4,1,1
TGGCAGATTACGATCA-1,3974,4986,1,1,3,3
TGGCAGCAGTAATAGT-1,4126,4537,2,2,3,3
TGGCATGAAGTTTGGG-1,1605,6073,2,2,0,0
TGGCCGTATATTGACC-1,2936,3375,1,1,2,2
TGGCGACTGCTCCAAA-1,3410,5976,0,0,0,0
TGGCGGTGTGCGATTG-1,3187,1669,2,2,2,2
TGGCTACACTCTACCT-1,6147,6773,4,4,4,4
TGGCTTATGTATAATG-1,1038,5985,3,3,1,1
TGGGACCATTGGGAGT-1,1227,1677,4,4,4,4
TGGGATGCACTCATTC-1,6025,2106,3,4,4,4
TGGGCACAAACAGAAC-1,3342,1758,2,2,2,2
TGGGCACGTTCTATGG-1,4737,2381,3,3,0,0
TGGGCAGGCCACCGCA-1,6969,5872,3,3,1,1
TGGGCCACAAGAGCGC-1,4686,2650,0,0,0,0
TGGGCCTTGCCTGCAT-1,1485,1765,4,4,4,4
TGGGCGATACAATAAG-1,4188,7140,3,3,1,1
TGGGTAAGGTTCCCGC-1,5046,2200,2,2,2,2
TGGGTTTCGGGCGTAC-1,2281,7416,3,3,1,1
TGGTATCGGTCTGTAT-1,4012,1666,2,2,2,0
TGGTCCCACGCTACGG-1,4802,5701,4,4,1,1
TGGTCGTGCAAGGCAA-1,1342,4728,0,0,0,0
TGGTCTAGCTTACATG-1,1232,2933,0,0,0,0
TGGTCTGTTGGGCGTA-1,2475,4364,1,1,3,3
TGGTGATCGTATTTGT-1,1801,3380,0,0,0,0
TGGTTAACTTACATTT-1,1400,6433,3,3,1,1
TGGTTAAGGGCGCTGG-1,6855,3360,2,2,1,1
TGGTTCGTAGCAAAGG-1,3811,3102,1,1,3,3
TGGTTGGAGGATCCTG-1,5664,2018,3,3,1,1
TGGTTTAAACGTGGGT-1,6752,3181,2,2,4,4
TGTAACTTGTCAACCT-1,2566,1312,4,4,4,4
TGTAATGACCACAATA-1,1701,4277,0,0,0,0
TGTACGAACAAATCCG-1,3971,4448,1,1,3,3
TGTAGTGATCTATAAT-1,2681,4184,1,1,2,2
TGTATAACAGATCCTG-1,5051,3636,0,0,0,0
TGTATCCTTATTCCAT-1,3549,1937,0,0,0,0
TGTCATTTGTTGGGAA-1,6596,2912,4,3,4,4
TGTCCACGGCTCAACT-1,6199,6862,4,4,4,4
TGTCCCGACATAGCAC-1,3910,2025,2,0,2,0
TGTCCTAAGTCACCGC-1,2526,4095,1,1,2,2
TGTCGTTATCACATAT-1,1762,6521,4,4,4,4
TGTCTACAGTTTCTGT-1,3704,2026,0,0,0,0
TGTGACTACGCCAGTC-1,4739,2919,0,0,0,0
TGTGAGACTAGCCCAA-1,4237,6332,3,3,1,1
TGTGCCAGAGGCAAAG-1,986,5896,3,3,1,1
TGTGCTTTACGTAAGA-1,1908,4277,1,1,3,3
TGTGGACTATCTACGT-1,7484,5691,4,4,4,4
TGTGGAGGAAGCTTAA-1,3856,1218,4,4,4,4
TGTGGCAAAGCGTATG-1,5464,3634,0,0,0,0
TGTGGCGGGCTTCTGG-1,4033,6871,3,3,1,1
TGTGGCTCCCACCAAC-1,7068,4974,3,3,1,1
TGTGGTAGGGTGCCTT-1,7432,5781,4,4,4,4
TGTTATTGTATGTGGC-1,5418,4981,0,0,0,0
TGTTCATAAATGTGCT-1,1388,3381,0,0,0,0
TGTTCCGGCCTGAGCT-1,4395,7318,3,3,1,1
TGTTCTTCCATTGACT-1,3196,4002,1,1,3,3
TGTTGCCGTCGTCCCA-1,7275,5153,4,4,4,4
TGTTTCTGAAGCGTGC-1,1350,6702,3,3,1,4
TGTTTGAGATCGTCAG-1,6915,5424,4,4,4,4
TTAAACCGGTAGCGAC-1,3651,1757,2,2,0,0
TTAAACTCGAATTCAT-1,5877,3812,2,2,2,2
TTAACACCTCGAACAT-1,2110,3199,0,0,0,0
TTAACTTCAGGTAGGA-1,2324,5172,1,1,3,3
TTAAGCCGACAACTTC-1,4943,2201,2,2,2,2
TTAAGCGCCTGACCCA-1,3246,3733,1,1,2,2
TTAAGTATTGTTATCC-1,5631,6775,2,3,1,1
TTAATGCGAGGTAACT-1,4578,1394,3,3,1,1
TTAATGTGTTTGCAGG-1,1280,2125,3,3,1,1
TTAATTGCTTTGGGTG-1,4908,6598,3,3,1,1
TTAATTTCAGACGCGG-1,4531,2561,0,0,0,0
TTACAACTACGCATCC-1,3657,3193,1,1,3,3
TTACACGATCTGCGAC-1,6662,6591,2,2,2,2
TTACATCGTGGCCTGG-1,2830,2837,2,0,0,0
TTACCATTGATTACCC-1,2423,4095,1,1,2,2
TTACCCATTGCCGGGT-1,5357,2558,1,1,2,2
TTACCCTAGGGATTGG-1,3979,6422,2,2,0,0
TTACCGCCTTAGGGAA-1,2054,2032,2,2,2,2
TTACGGATGGTTCGAG-1,5775,3992,1,1,2,2
TTACGGTGTCACCGAG-1,2877,1491,3,3,1,1
TTACTCTGGTACGTAC-1,2581,4902,2,1,3,3
TTACTGGGATATTTCA-1,3767,4987,1,1,3,3
TTAGAAGAACATGACT-1,4286,5703,0,0,0,0
TTAGAATAAGGGTCGG-1,3309,6515,4,4,4,1
TTAGACGAGTCACCTC-1,5110,5341,3,0,1,0
TTAGAGTTTAGAAGGA-1,5418,5160,2,2,0,0
TTAGATAGGTCGATAC-1,2054,2212,0,0,0,0
TTAGCAACATGGATGT-1,2418,2839,2,0,0,0
TTAGCTAATACGATCT-1,6029,3004,3,3,1,1
TTAGCTGATTTGCCGT-1,5828,4441,1,1,2,2
TTAGGATGGGAGGGTA-1,7533,5242,2,2,2,2
TTAGGTGTGACTGGTC-1,1329,1317,3,3,4,4
TTAGTAAACCTGCTCT-1,5837,6595,4,4,4,4
TTAGTAGGGCGGCGGG-1,2320,4096,1,1,2,2
TTAGTTCAAGTGTTCG-1,6751,3001,1,1,3,3
TTATAGGTAATTGTCT-1,4753,6509,3,2,1,1
TTATATACGCTGTCAC-1,4797,4445,0,0,0,0
TTATATTTGGCAATCC-1,4277,3370,2,2,2,2
TTATCATACTCGCAAA-1,2205,1224,4,3,4,4
TTATCCTCAAGGAATA-1,1913,5713,0,0,0,0
TTATCGCCTGCGAAGC-1,1853,3469,0,0,0,0
TTATCTGTATCATAAC-1,4069,3012,2,2,2,2
TTATGAATGAAAGGGA-1,4230,4716,1,1,3,3
TTATGATCTTAACGAA-1,5209,4443,0,0,0,0
TTATGCGTCCCGGTCC-1,3290,1669,2,2,2,2
TTATTAGAGCGTGTTC-1,4593,5164,0,0,0,0
TTATTAGGGAAGCATC-1,4015,2384,0,0,0,0
TTATTATCTGGAAGGC-1,7227,5961,4,4,4,4
TTCAAAGTCTCTAGCC-1,4847,4175,0,0,0,0
TTCAACGACCCGACCG-1,3449,2835,2,1,2,2
TTCAAGCCGAGCTGAG-1,4839,2201,2,2,3,3
TTCAATTAGCCATAAT-1,4940,1662,4,3,4,4
TTCACGAAAGGATCAC-1,3765,4449,1,1,3,3
TTCACGGTCGTCACGT-1,2384,7416,3,3,1,1
TTCACTCGAGCACCTA-1,4545,5971,4,4,1,1
TTCACTTCCTAGAACG-1,3621,7052,3,3,1,1
TTCAGAGTAACCTGAC-1,2103,1583,3,3,4,1
TTCAGCCCTGGTCCAC-1,5367,5250,2,2,0,0
TTCAGGCGTCAAAGCC-1,1806,4636,0,0,0,0
TTCAGTTTGTGGCAGC-1,1337,3471,0,0,0,0
TTCATAGCCTTGTAAC-1,1743,1675,3,3,1,1
TTCATGGCGCAACAGG-1,4842,2739,2,2,2,0
TTCCACACAGATTTGA-1,3357,5527,0,0,0,0
TTCCATCATGCGGTGA-1,6077,2196,4,4,4,4
TTCCATCGACAGCGTG-1,6507,6502,2,2,2,2
TTCCCGGCGCCAATAG-1,1602,5175,0,0,0,0
TTCCGCAGAGAAATAT-1,6183,2914,4,4,4,4
TTCCGCGTGAGGCGAT-1,4284,5165,0,0,0,0
TTCCGGCCTTGAGGCT-1,3255,5887,0,0,0,0
TTCCGGTATCTGTGTC-1,6912,4706,3,3,1,1
TTCCGGTTACCCACTT-1,5470,5070,0,0,0,0
TTCCTCGAGGGTGTCT-1,3501,2924,1,1,2,2
TTCCTCTGCCCGAATA-1,1753,4187,0,0,0,0
TTCCTTTCTGTGTTGC-1,2260,2032,2,2,2,2
TTCGACGGGAAGGGCG-1,3244,3194,1,1,2,2
TTCGCACTCGCGTGCT-1,3296,3284,1,1,2,2
TTCGCATCCGGAAGCA-1,1950,2033,2,2,2,2
TTCGCGCGCCATACGA-1,3411,6335,4,4,1,1
TTCGCTAGGAAGTTGT-1,7016,4705,2,2,1,1
TTCGCTATCTGACGTG-1,6131,2824,3,3,4,4
TTCGGCTAGAGATGGT-1,2211,2660,0,0,0,0
TTCGGGCGCTAGTCTT-1,2894,5978,0,0,0,0
TTCGGTACTGTAGAGG-1,4240,7050,3,3,1,1
TTCGGTGGAGACGCCC-1,7224,5243,4,4,4,4
TTCGTAATCCCAGCGG-1,5406,2109,3,3,1,1
TTCGTTCAACGAAGTT-1,6390,3092,3,3,1,1
TTCTACCTCAATCGGT-1,2177,7237,4,4,1,1
TTCTACCTTTATGTTG-1,5301,1571,3,3,1,1
TTCTAGAAAGTCTTAT-1,3360,6425,4,4,1,1
TTCTAGGCCAATTGTG-1,3244,3015,1,1,2,2
TTCTATTAAACGCAGC-1,3827,7051,3,3,1,1
TTCTCTTACAGGTGAT-1,1401,6612,4,4,4,4
TTCTGCCGCGCCTAGA-1,4543,5433,0,0,0,0
TTCTGCGGGTTAGCGG-1,5107,4623,0,0,0,0
TTCTGCTAGACTCCAA-1,6444,3541,4,3,4,4
TTCTTAGTGAACGGTG-1,2726,2658,0,0,0,0
TTCTTAGTGGCTCAGA-1,4119,2563,0,0,0,0
TTCTTGGACGATCTGC-1,2635,5710,0,0,0,0
TTCTTTGGTCGCGACG-1,6339,3182,3,3,1,1
TTGAAAGGTGTAAAGG-1,6284,2195,3,3,1,1
TTGAACGAATCCTTTG-1,2056,2750,0,0,0,0
TTGAAGGATGGGCGCC-1,1607,6611,3,3,1,1
TTGAATATGGACTTTC-1,4898,4085,2,2,0,0
TTGACATGAACGTGGA-1,2633,4992,1,1,3,3
TTGACCAGGAACAACT-1,5115,6777,2,2,1,1
TTGACCATGTTCTCCG-1,4998,3187,0,0,0,0
TTGACTACCATATGGT-1,3096,4900,1,1,3,3
TTGAGAGTACTGCTAA-1,2942,4991,1,1,3,3
TTGAGCAGCCCACGGT-1,6965,4975,3,3,4,4
TTGAGCGCCACGTGAT-1,7066,4436,3,3,1,1
TTGAGGCATTTAACTC-1,5663,1659,4,4,4,4
TTGAGTCCCGCTGCTG-1,7118,4525,3,3,1,1
TTGATAGTCAATACAT-1,6907,3449,2,2,2,2
TTGATCTAACTTTGTC-1,3401,3643,1,1,3,3
TTGATGCCGCTCGTCG-1,2745,7325,3,3,1,1
TTGATGTGTAGTCCCG-1,5617,3185,2,2,2,2
TTGCAAGAAGACTCCT-1,4498,7318,3,3,1,1
TTGCACAATTCAGAAA-1,3922,4897,1,1,3,3
TTGCATGCTGATCACG-1,2786,4722,2,1,3,3
TTGCCAAGCAGAACCC-1,6862,4975,4,4,4,4
TTGCCCTGATCACGGG-1,2733,4273,1,1,3,3
TTGCCGCAGACCTACA-1,1917,6610,3,3,1,1
TTGCCGCTTTCTAGTA-1,5011,6598,3,3,4,4
TTGCCGGTGATCCCTC-1,5973,2017,4,4,4,4
TTGCCTAATCCAAAGT-1,2074,7238,4,4,1,1
TTGCGCTCTCTCGCTT-1,1181,3023,0,0,0,0
TTGCGGCGACTCATGC-1,4371,1216,4,4,4,4
TTGCGTAGTTTGAGGA-1,1955,3289,0,0,0,0
TTGCGTCGGCCAACCG-1,3099,5618,0,0,0,0
TTGCGTGAACGCTTAG-1,5923,2286,4,4,4,4
TTGCTAGCTACCAATC-1,2463,1313,4,4,4,4
TTGCTGATCATGTTCG-1,3918,3999,1,1,3,3
TTGCTGGCCGGGCTTC-1,4992,1752,3,3,1,1
TTGGACATGTGGCTTA-1,2477,4723,1,1,3,3
TTGGAGTCTCCCTTCT-1,3239,1758,2,2,2,2
TTGGATCGACTTCTGG-1,4065,1935,0,0,0,0
TTGGCCTAGAATTTCG-1,5201,2469,2,2,2,2
TTGGCGATCCGAATAT-1,7220,4166,3,3,1,1
TTGGGAAGACGAGCCG-1,4291,7139,4,3,4,4
TTGGGCGGCGGTTGCC-1,4897,3726,0,0,0,0
TTGGTATGGCTTGTGT-1,7013,3987,3,3,1,1
TTGGTTCGCTCAAAGG-1,7427,4524,3,3,1,1
TTGGTTGCGGTGCGCG-1,2172,5801,0,0,0,0
TTGTAAGGACCTAAGT-1,2633,5171,1,1,2,3
TTGTAAGGCCAGTTGG-1,5154,3456,0,0,0,0
TTGTAATCCGTACTCG-1,3816,4179,1,1,3,3
TTGTATCACACAGAAT-1,4787,2111,2,2,3,3
TTGTCGTTCAGTTACC-1,3966,3012,1,1,2,2
TTGTGCGGAAGCGGAT-1,1091,6434,3,3,1,1
TTGTGGCCCTGACAGT-1,4067,2653,0,0,0,0
TTGTGGTGGTACTAAG-1,5889,6684,4,4,4,4
TTGTGTATGCCACCAA-1,4081,6063,2,2,2,1
TTGTGTTTCCCGAAAG-1,4028,5614,0,0,0,0
TTGTTCTAGATACGCT-1,1129,2933,0,0,0,0
TTGTTTCATTAGTCTA-1,2535,6428,4,4,1,1
TTGTTTCCATACAACT-1,2375,5082,1,1,3,3
TTGTTTGTGTAAATTC-1,3599,1667,2,2,2,2
