ID,x,y,label_3PCs_k5,label_10PCs_k5
AAACAATCTACTAGCA-1,3185,1310,2,4
AAACAGAGCGACTCCT-1,5820,2287,2,4
AAACAGCTTTCAGAAG-1,1446,4907,1,0
AAACAGGGTCTATATT-1,1654,5265,1,0
AAACCCGAACGAAATC-1,6914,5065,2,4
AAACCGGAAATGTTAA-1,7381,5870,2,4
AAACCGGGTAGGTACC-1,2426,4813,1,0
AAACCGTTCGTCCAGG-1,3151,5708,3,1
AAACCTAAGCAGCCGG-1,5270,6866,3,1
AAACCTCATGAAGTTG-1,1960,4366,0,3
AAACGAAGATGGAGTA-1,1193,6254,4,2
AAACGGGCGTACGGGT-1,5683,6864,4,2
AAACGGTTGCGAACTG-1,4033,7050,4,2
AAACTCGGTTCGCAAT-1,4600,6958,2,4
AAACTCGTGATATAAG-1,6803,3091,0,2
AAACTGCTGGCTCCAA-1,4438,5074,1,0
AAACTTAATTGCACGC-1,1608,6791,4,2
AAAGACCCAAGTCGCG-1,3446,1937,3,1
AAAGACTGGGCGCTTT-1,1750,3649,1,0
AAAGGCTACGGACCAT-1,3774,6603,3,1
AAAGGCTCTCGCGCCG-1,3823,5974,3,1
AAAGGGATGTAGCAAG-1,4173,3191,3,2
AAAGTCACTGATGTAA-1,3652,1936,4,2
AAAGTCGACCCTCAGT-1,1753,4367,1,0
AAATAAGGTAGTGCCC-1,6909,3808,2,4
AAATACCTATAAGCAT-1,4542,5253,1,0
AAATAGGGTGCTATTG-1,5060,5790,3,1
AAATCCGATACACGCC-1,5477,6865,3,1
AAATCGCGGAAGGAGT-1,1245,6164,4,2
AAATCGTGTACCACAA-1,3870,4987,4,2
AAATGATTCGATCAGC-1,6699,2912,4,2
AAATGGCATGTCTTGT-1,4530,2202,1,0
AAATGGCCCGTGCCCT-1,1861,5444,3,1
AAATGGTCAATGTGCC-1,3609,4001,1,0
AAATGTGGGTGCTCCT-1,3752,1218,3,1
AAATTAACGGGTAGCT-1,3970,4089,0,1
AAATTCCAGGTCCAAA-1,6910,4167,2,4
AAATTGATAGTCCTTT-1,2585,5979,3,1
AAATTGCGGCGGTTCT-1,1948,1494,2,4
AAATTTACCGAAATCC-1,5611,1570,4,1
AACAACTGGTAGTTGC-1,3143,3554,0,2
AACAATACATTGTCGA-1,2896,6516,3,1
AACACGACTGTACTGA-1,4322,1844,3,1
AACACGAGACGCGGCC-1,2066,5084,3,1
AACACGCGGCCGCGAA-1,2722,1581,3,1
AACAGCTGTGTGGCAA-1,2586,6338,2,4
AACAGGAAATCGAATA-1,4427,2382,3,1
AACAGGTAGTATGGAT-1,6812,5424,2,4
AACATATCAACTGGTG-1,6082,3452,2,4
AACATTGGTCAGCCGT-1,1844,1315,2,4
AACCAAGACTTCTCTG-1,2217,4275,0,2
AACCCATCCCATGATC-1,1708,6072,3,1
AACCCGACAACCCGTG-1,3208,7054,2,4
AACCCGAGCAGAATCG-1,6815,6142,2,4
AACCGAGCTTGGTCAT-1,4585,3189,1,0
AACCTCGCTTTAGCCC-1,5218,6597,2,4
AACCTGTCACGGAATT-1,7065,4256,2,4
AACCTTTAAATACGGT-1,4493,5882,2,4
AACCTTTACGACGTCT-1,5717,2467,2,4
AACGAAAGTCGTCCCA-1,1400,6253,3,1
AACGATAATGCCGTAG-1,4750,5791,2,4
AACGATAGAAGGGCCG-1,3705,2385,1,0
AACGATATGTCAACTG-1,4895,3188,1,0
AACGCATGATCTGGGT-1,6338,2823,3,1
AACGCGAACGGCAACA-1,2104,1763,0,1
AACGCGACCTTGGGCG-1,3724,7052,4,2
AACGTAGTCTACCCAT-1,3082,1131,2,4
AACGTCAGACTAGTGG-1,3038,3195,4,2
AACGTGATGAAGGACA-1,5251,1840,3,1
AACGTGCGAAAGTCTC-1,4796,4265,1,0
AACTACCCGTTTGTCA-1,6811,5245,3,4
AACTAGCGTATCGCAC-1,3444,1399,3,1
AACTCAAGTTAATTGC-1,3249,4451,1,0
AACTCCTAATCCCATG-1,5716,2108,4,1
AACTCGATAAACACGT-1,1587,1406,2,4
AACTCGATGGCGCAGT-1,2363,2031,3,1
AACTCTCAATAGAGCG-1,5776,4172,3,1
AACTGAGTTATACTGA-1,7535,5601,2,4
AACTGGGTCCCGACGT-1,4378,2831,3,1
AACTGGTGTGGGCCTT-1,3496,1668,4,2
AACTTGCGTTCTCGCG-1,2003,2302,3,1
AAGAAGGATCAGTTAG-1,2261,2211,3,1
AAGACCAAATAACTCA-1,1298,6612,4,2
AAGACCCAACTGAACA-1,3773,6423,3,1
AAGAGGATGTACGCGA-1,2476,4544,1,3
AAGAGGCATGGATCGC-1,5105,4264,1,0
AAGAGGCCCTTTGGAA-1,6609,6322,3,1
AAGATGGCACCGGACC-1,2999,6336,2,4
AAGATTGGCGGAACGT-1,5618,3365,3,1
AAGCATACTCTCCTGA-1,4544,5792,2,4
AAGCCGCCGTGAAATC-1,2176,6878,2,4
AAGCGCAGGGCTTTGA-1,4755,7048,4,2
AAGCGGCGTCATGGGT-1,5973,1837,2,4
AAGCGTCCCTCATCGA-1,2792,6158,3,1
AAGCTAGATCGAGTAA-1,4491,5523,3,1
AAGGAGAACTTATAAG-1,3907,1307,3,1
AAGGAGCGGTTGGTGC-1,3452,3553,1,0
AAGGATGAGGGACCTC-1,5463,3455,1,0
AAGGCAGGCTGTCTCC-1,7067,4795,4,2
AAGGCTGTGCTCATCG-1,3350,3732,0,2
AAGGGAACGACTGGCT-1,2072,6699,4,2
AAGGGACAGATTCTGT-1,5721,3364,4,2
AAGGGACTATGCATTC-1,2329,6429,2,4
AAGGGTTTGATTTCAG-1,1039,6344,4,2
AAGTAGTGACGCGAGG-1,2577,4005,4,2
AAGTGACGACCGAATT-1,2270,4724,1,0
AAGTGAGTCGGGTTTA-1,3464,6604,2,4
AAGTGCTTCTCTATTG-1,2899,7234,4,2
AAGTGTTTGGAGACGG-1,5111,5700,3,1
AAGTTCAGTCTGCGTA-1,6337,2644,3,1
AAGTTGTGATGTTATA-1,6457,6951,4,2
AAGTTTATGGGCCCAA-1,4601,7138,3,1
AATAACAACGCTCGGC-1,2527,4274,0,2
AATAACACTAGAACAA-1,2945,5708,3,1
AATAAGTCCTCGAGAC-1,4630,1484,3,4
AATAATCTTCGTATCG-1,7277,5691,2,4
AATACAATGTTTCAGG-1,1955,3110,3,1
AATACCGGAGGGCTGT-1,2899,7055,4,2
AATAGAATCTGTTTCA-1,5419,5340,4,2
AATAGTCCGTCCCGAC-1,3927,6153,2,1
AATATCAAGGTCGGAT-1,3136,1759,3,1
AATATCGAGGGTTCTC-1,6185,3452,3,1
AATATTGGAGTATTGA-1,2114,4276,0,2
AATCAGACTGCAGGAC-1,2155,1494,3,1
AATCAGGTTTCATTTA-1,2693,7235,2,4
AATCGCGCAGAGGACT-1,6861,4796,3,1
AATCGGGACACTACGA-1,4064,1755,3,1
AATCGTGAGCCGAGCA-1,5271,7046,4,2
AATCTATGCCGGAGCC-1,6649,3360,2,4
AATCTCTACTGTGGTT-1,1496,4458,4,2
AATCTGCGTTGGGACG-1,5723,3903,4,2
AATCTGGCTTTCTAGT-1,1758,5623,3,1
AATGACGTAGGATGTC-1,5005,4982,3,1
AATGACTGTCAGCCGG-1,3399,3104,0,2
AATGAGTTCGCATATG-1,2055,2391,1,0
AATGATGCGACTCCTG-1,6185,3273,2,4
AATGCAACCGGGTACC-1,4018,3281,0,2
AATGCACCAAGCAATG-1,5976,2735,3,1
AATGGTCCACCGTTCA-1,1802,3739,3,1
AATGGTTCTCACAAGC-1,2778,2748,1,0
AATGTGCCCGAGGTGT-1,2379,5980,2,0
AATTAAAGGTCGGCGT-1,3559,4629,0,2
AATTAACGGATTTCCA-1,4391,6241,2,4
AATTACGAGACCCATC-1,1245,6343,4,2
AATTACTCGTACGCTC-1,1383,1945,2,4
AATTAGCGCTGCAGCG-1,4234,5614,3,1
AATTCATAAGGGATCT-1,5668,3095,4,2
AATTCATTGTCATGCA-1,1453,6702,4,2
AATTCCAACTTGGTGA-1,1638,1316,2,4
AATTCCAAGCATGTAC-1,3981,6961,4,2
AATTCGATTCGAGGAT-1,4910,6957,4,2
AATTGAACGCTCTGGT-1,5263,5071,1,0
AATTGCAGCAATCGAC-1,6250,6772,2,4
AATTTGGGACATAGTA-1,5665,2198,3,1
AATTTGGTTCCAAAGA-1,4426,2023,3,1
ACAAACCATGCGTCCT-1,1814,6790,4,2
ACAAAGAAGGTAGGCC-1,1189,5177,3,1
ACAAAGCATGACCTAG-1,5992,6684,2,4
ACAAATCGCACCGAAT-1,5214,5520,3,1
ACAAATGGTAGTGTTT-1,5315,4981,2,0
ACAAGGACAAGAGGTT-1,2885,3645,4,2
ACAAGGGCAGGCTCTG-1,4902,4983,1,0
ACAATAGTCGTACGTT-1,2013,4815,0,1
ACAATCCATTTAAACC-1,2630,4274,0,2
ACAATCGATCTTTATA-1,4165,1216,2,4
ACAATGAATACGGAGA-1,2586,6159,3,1
ACAATTTGAGCAGTGG-1,5206,3546,3,1
ACAATTTGGCCATATT-1,7326,4884,4,2
ACACAAAGACGGGTGG-1,3863,3192,4,2
ACACACCAGGACCAGT-1,5624,4980,3,1
ACACACTTTCTACACG-1,4272,2293,3,0
ACACATGATCAAATCT-1,1813,6431,3,1
ACACATTGACGCAACA-1,1382,1766,2,4
ACACCCAGCATGCAGC-1,3554,3193,0,2
ACACCCGAGAAATCCG-1,2985,2747,1,0
ACACCGGTCTGACCGC-1,1866,6879,4,1
ACACCTTAAGTAGGGC-1,3193,3284,0,2
ACACCTTACTACTTGC-1,6706,4706,2,4
ACACGTAGGCCACAAG-1,6661,6232,2,4
ACACTCCAATGTCACT-1,1849,2572,2,0
ACACTGGGACAGTCGT-1,6919,6321,2,4
ACAGAACTGAGAACAA-1,2223,5711,1,0
ACAGATTAGGTTAGTG-1,3909,1666,3,1
ACAGGCACGGATCCTT-1,5891,7223,4,2
ACAGGTGGAGGTGAGG-1,2996,5619,1,0
ACAGTAATACAACTTG-1,1705,5175,0,1
ACATAAGTCGTGGTGA-1,1452,6343,4,2
ACATCAGCTGGGACGC-1,1597,3919,1,0
ACATCGATCGTTTACC-1,4179,4806,0,2
ACATCGGTCAGCCGCG-1,2889,4721,3,1
ACATCTCAACGCGTAA-1,4785,1393,3,1
ACATGGCTCAATTTAG-1,1691,1765,3,1
ACATTAGTTTATATCC-1,4131,5614,1,0
ACATTCGCGCGGAATA-1,2385,7595,2,4
ACCAAACTAGAAATCC-1,4423,1305,3,1
ACCAACACCACACACT-1,6647,2822,4,2
ACCAACCGCACTCCAC-1,5992,6863,2,4
ACCAACGCTTATTTAT-1,3513,5796,1,0
ACCACAACTCAGAACA-1,5147,1661,2,4
ACCACTGTTCAAGAAG-1,1279,1946,3,1
ACCAGCCCGGTCTTTG-1,4681,1394,4,2
ACCAGGAGTGTGATCT-1,3804,1308,2,4
ACCATATCCGCAATAA-1,3868,4448,0,2
ACCATCCGCCAACTAG-1,1601,4996,0,1
ACCATCGTATATGGTA-1,3148,4810,3,1
ACCATTAAGGGTGTCA-1,1229,2215,2,4
ACCCGAGCGAAATTAC-1,2484,6518,2,4
ACCCGATTGGTTCCGA-1,2796,7235,4,2
ACCCGGAAACTCCCAG-1,4339,6152,2,4
ACCCGGAGCACCACAA-1,7331,6319,4,2
ACCCGGTTACACTTCC-1,3457,4809,0,2
ACCCTATAGGACTGAG-1,2002,2122,3,1
ACCCTATGCCATATCG-1,3049,6067,1,0
ACCCTCCCGTCAGGGC-1,6097,7222,4,2
ACCCTCCCTTGCTATT-1,5316,5340,3,1
ACCCTTTAGTTCTCCA-1,5095,1572,3,1
ACCGATAGGCATAACC-1,7074,6410,4,1
ACCGATATTTAATCAT-1,7175,5871,3,4
ACCGATGGTAGCATCG-1,5724,4262,1,0
ACCGCAATAACTGCCT-1,5059,5610,3,1
ACCGTGACCACGTGGG-1,3000,6516,4,2
ACCGTTCCCGCTCTGA-1,4321,1485,2,4
ACCTACAGTATGTGGT-1,6809,4706,3,1
ACCTACTATAAATCTA-1,3982,7140,4,2
ACCTCCGTTATTCACC-1,6755,4078,2,4
ACCTCGAACTTATGCT-1,1763,6880,4,2
ACCTTTCCTTTAGAAG-1,4371,1036,3,1
ACGACTGGTCATACTC-1,2743,6786,2,4
ACGAGATATTTGCTTA-1,5147,1841,2,4
ACGAGGATACCACTCT-1,1913,5533,1,0
ACGAGGTTTACAACGT-1,1657,6162,3,1
ACGAGTACGGATGCCC-1,6340,3541,2,4
ACGAGTCGCCGGCGTT-1,1381,1407,3,1
ACGATCATACATAGAG-1,4225,3280,4,2
ACGATGCATATGTTAT-1,3197,4361,1,0
ACGATGGATCCGATGC-1,4580,1933,3,1
ACGCAAACTAATAGAT-1,3413,6694,3,1
ACGCAATCACTACAGC-1,6597,3271,2,4
ACGCATTCGTGAGTAC-1,4124,3999,0,2
ACGCCCAGCTGTCGAT-1,4630,1304,2,4
ACGCCGCTAGACGACC-1,4644,4894,3,1
ACGCGAAGTCAGACGA-1,4027,5435,3,1
ACGCGCTACACAGGGT-1,2580,4723,1,0
ACGCGGGCCAAGGACA-1,4176,4088,4,2
ACGCTAGTGATACACT-1,6134,3542,2,4
ACGCTGTGAGGCGTAG-1,1651,4547,0,1
ACGCTTAGTGTCTCTC-1,5145,1302,2,4
ACGGACTCTCAAAGCG-1,4856,6509,2,4
ACGGAGCGCAAATTAC-1,6543,2643,4,2
ACGGCACTTGCTTGGG-1,4080,5704,3,1
ACGGCCAACATGGACT-1,3822,5795,3,1
ACGGCGGGTTGCCCTG-1,2567,1492,3,1
ACGGCTGGATGTAGAA-1,1555,6522,4,2
ACGGGTCATGTGACTT-1,1436,2394,4,2
ACGTACAGATTTCTCT-1,4374,1934,3,1
ACGTACTTTGGCACGG-1,2642,7325,4,2
ACGTCCTAAACGAGAT-1,4164,1037,4,2
ACGTCTCGTTCCGGGA-1,1292,4997,1,0
ACGTGCGCCTCGTGCA-1,4222,2562,3,1
ACGTGGTCGAATGTGC-1,4990,1213,3,1
ACGTTAGATTTGCCCG-1,2992,4542,1,0
ACGTTATTGGTCACTC-1,1644,2752,2,0
ACGTTCCGCGCTCCGT-1,3754,1756,3,1
ACGTTCGCAATCAATT-1,6806,3988,3,1
ACGTTCGTTCAGGAAA-1,3257,6425,2,4
ACGTTCTGTACAAGTC-1,5889,6864,2,4
ACTACATCCCGACAAG-1,1866,6700,4,2
ACTACCAGCTCTCTGG-1,3090,3285,0,2
ACTACGCGTTAGAATT-1,3876,6423,3,1
ACTATCGCCGGCTAAA-1,1023,2216,3,1
ACTATCTGCCCGCGTA-1,6813,5783,4,2
ACTATGTCCAGCTGCC-1,2124,6789,2,4
ACTATTCGTCCGTGGT-1,4788,2291,3,1
ACTATTTCCGGGCCCA-1,3102,6336,3,1
ACTCAGACCTGCTTCT-1,3187,1848,3,1
ACTCCAATATCATCAT-1,2485,6697,3,1
ACTCCCTAATGCTAAA-1,4545,6151,3,1
ACTCCCTAGAATAGTA-1,4594,5343,3,1
ACTCGATGTATTTCAT-1,1489,2663,3,1
ACTCTCTGACTTAGGT-1,5004,4803,1,0
ACTCTCTTATACACGA-1,5302,1750,3,1
ACTCTGACCTAATAGA-1,5994,7222,4,2
ACTGAATGGCGAAAGT-1,5264,5251,3,1
ACTGATTTAGTGATTC-1,5094,1392,3,4
ACTGCCCGCCATTCTC-1,2538,7146,2,4
ACTGCCGTCGTAACTC-1,4583,2471,3,1
ACTGCGGACACACCGT-1,7117,4346,2,4
ACTGCTCGGAAGGATG-1,1449,5804,3,1
ACTGTAGCACTTTGGA-1,2988,3465,0,2
ACTGTATACGCGAGCA-1,2827,1940,3,1
ACTGTCCAGGATTATA-1,3815,4000,1,0
ACTGTGCTAGTAGATC-1,2570,2210,2,0
ACTGTTTAGTGTAGGC-1,4011,1307,3,1
ACTTACCGGGCGCGCA-1,5870,2017,2,4
ACTTATACTTACCCGG-1,5621,4262,2,4
ACTTATTAGGATCGGT-1,3662,4449,1,0
ACTTCAGGCTGATCCC-1,5162,5610,3,1
ACTTCCAGTGGAAGCT-1,1141,6164,4,2
ACTTGACTCCCTCTTT-1,4695,4804,3,1
ACTTGCCATATTGTAC-1,3856,1397,2,4
ACTTGGGACCCGGTGG-1,3504,3642,1,0
ACTTGTAGTCCCTTCA-1,1498,4996,1,0
ACTTTCCTATAGCTTC-1,4174,3550,0,2
ACTTTGACTGCATCCT-1,1548,4547,0,1
ACTTTGGTCGTGCTCC-1,1659,6521,4,2
ACTTTGTCGACGCACT-1,7176,6051,4,1
AGAAATTATGACTCGC-1,6917,5783,2,4
AGAACCCAGCGTGACA-1,7378,4973,3,1
AGAACCCTCAATTGGG-1,1452,6522,4,2
AGAACGTGGTACATTC-1,4741,3458,1,0
AGAAGGTTGCCGAATT-1,3251,4810,3,1
AGAAGGTTGTAGGTCG-1,5012,6777,4,2
AGAATAAATCTTCAGG-1,1547,4368,0,2
AGAATTGTTTGACATA-1,2159,2570,3,1
AGACAGCTCAGAATCC-1,1593,3021,1,0
AGACAGGCATCTCAGC-1,7433,5960,3,4
AGACATAGATCCTTCC-1,3393,1668,4,2
AGACCAAACCACACCT-1,1449,5625,1,0
AGACCCACCGCTGATC-1,4336,5434,1,0
AGACCCGCCCTCCTCG-1,3864,3371,3,1
AGACCGGGAAACCCTG-1,1858,4726,1,0
AGACGACGATGCCGCT-1,2687,5799,3,1
AGACGCCCACTTCGCC-1,7177,6410,3,1
AGACTAGCCTTCCAGA-1,3349,3553,0,1
AGACTGTTACCGGGTC-1,3310,6694,3,1
AGAGAAACACCAGAAA-1,2744,7145,2,4
AGAGAACCGTCTAGGA-1,5514,3365,3,1
AGAGATCTCTAAAGCG-1,1909,4636,1,0
AGAGCCGCCGAGATTT-1,6764,6232,2,4
AGAGGTATCTCGGTCC-1,3598,1308,2,4
AGATAACTTCAGGGCC-1,3247,3912,0,2
AGATACCAATAGAACC-1,6663,6771,4,2
AGATACCGGTGTTCAC-1,2941,4632,1,0
AGATACGACTTCATAT-1,2777,2389,3,1
AGATACTCAAGATCGA-1,5212,5161,1,0
AGATATAATACGACTA-1,4703,6779,2,4
AGATCGTGCATAAGAT-1,5977,2914,2,4
AGATCTCAGGTGTGAT-1,4845,3637,3,1
AGATGACTCGCCCACG-1,3811,2923,4,2
AGATGAGGGTTGCGAT-1,6026,2286,2,4
AGATGCAAGACGTGCA-1,2225,6250,3,1
AGATGCATCCTGTGTC-1,1293,5356,1,0
AGATGCTATAACGAGC-1,1331,2035,3,1
AGATTATAGGACGTTT-1,3764,4269,1,0
AGATTCACAACCGATA-1,1656,5803,1,0
AGCAACATATCTTATT-1,5778,4710,3,1
AGCAACCGAAAGTAAT-1,2018,6071,1,0
AGCACACGTTTAGACT-1,2332,7147,4,2
AGCACCAGTACTCACG-1,4329,3459,3,1
AGCACTACCTCACCAG-1,5163,5789,3,1
AGCACTTAAGGACGCC-1,2783,3824,4,2
AGCAGAAGGAGAAAGA-1,4496,6779,3,1
AGCATCGTCGATAATT-1,3656,3013,0,2
AGCCAAGCTTTGTGTC-1,3981,6781,0,2
AGCCACAGGTTACCCG-1,5579,6685,3,4
AGCCCATACATGTAAG-1,2322,4813,1,0
AGCCCGGCATTAGAGG-1,2330,6788,2,4
AGCCCGGTAGCCTGTA-1,3515,6514,2,4
AGCCCTAAGCGAAGTT-1,4324,2382,1,0
AGCCCTGTCGCACCGT-1,7222,4704,4,2
AGCCCTTCTAATCCGA-1,6285,2554,2,4
AGCCCTTGGACATCCC-1,7021,6141,2,4
AGCCGCTTGATTAGCG-1,1022,2036,4,1
AGCCTAATACCCACGT-1,1706,5534,1,0
AGCCTTAAAGCGGAAG-1,1748,2931,1,0
AGCGACAGGAACGGTC-1,2893,5619,1,0
AGCGACATCCCATTCA-1,4016,2563,1,0
AGCGACCAACGATATT-1,3812,3282,0,2
AGCGAGACGTGAAGGC-1,2125,7148,0,2
AGCGATGCGCCTAATA-1,6559,6771,4,2
AGCGCGGGTGCCAATG-1,5720,3185,4,2
AGCGCTTATGGGCAAG-1,5921,1748,4,2
AGCGGGAAGGGTCCAT-1,2879,2209,3,1
AGCGGGTCTGACACTC-1,4394,6959,2,4
AGCGTAGCGCTAGACC-1,2257,1314,3,1
AGCTAACAAGCAATGT-1,2690,6517,3,1
AGCTAAGTACGCAGGC-1,5425,6776,3,1
AGCTAGAAGCAGAAGT-1,6080,2914,3,1
AGCTATTTAATCCAAC-1,4789,2470,1,0
AGCTCTAGACGTTCCA-1,4900,4444,3,1
AGCTCTTCCCAGTGCA-1,5512,2647,4,2
AGCTCTTTACTCAGTT-1,3302,4720,3,1
AGCTGAAGTAAACCAA-1,5306,2827,3,1
AGCTTCTTCTCGAGCA-1,6148,7132,3,1
AGCTTGATCTTAACTT-1,2167,4724,1,0
AGGAAAGCCTCTGATG-1,1639,1496,3,1
AGGACAGTCGAATCCC-1,5366,4891,2,0
AGGACATCGCACGTCG-1,2932,2478,4,2
AGGACGACCCATTAGA-1,3303,4899,0,1
AGGACGCTCGATGTTG-1,6027,2645,3,1
AGGACTTATAGGAGAA-1,1126,2216,2,4
AGGATAAAGTCGGGAT-1,4338,5793,3,1
AGGATCACGCGATCTG-1,1809,5354,0,1
AGGATTGCTTACGACA-1,7166,3717,4,2
AGGCAAAGAGGAATCA-1,2978,1131,2,4
AGGCAGATGCGTAAAC-1,5411,3365,1,0
AGGCAGGGAGCGTACT-1,3515,6334,2,4
AGGCCACATTGGTTAC-1,7481,5152,3,1
AGGCCACCCGTTATGA-1,2936,3555,0,2
AGGCCCAGTGACTGGT-1,1743,1854,2,4
AGGCCCATTGTACAGG-1,3809,2384,1,0
AGGCCCTAGAACGCCA-1,2272,5083,0,1
AGGCCTGAGAATCTCG-1,5527,6596,2,4
AGGCGATAACTGGCGT-1,7279,6230,4,2
AGGCTTCCCGAAGAAG-1,3150,5528,1,0
AGGCTTGCTAGACACC-1,1903,3200,3,1
AGGGAAACGAGGTACT-1,5561,2198,2,4
AGGGACAGCACGGCGG-1,3340,1399,2,4
AGGGACTCTACGCGAC-1,3720,5975,3,1
AGGGAGACATACTTCG-1,6805,3629,3,1
AGGGCGAGCAGCTGAT-1,2014,4994,3,1
AGGGCTGCAGTTACAG-1,4331,4177,4,2
AGGGTCAGAGCACTCG-1,3054,7144,4,2
AGGGTGCCGTTCTTTA-1,2692,6876,3,1
AGGGTGCTCTCGAGGG-1,5724,4082,1,0
AGGGTGGATAGTGCAT-1,1544,3650,3,1
AGGGTTCCCTTTGGTT-1,5516,3724,1,0
AGGGTTTAGTTCGGGA-1,4228,3998,4,2
AGGTACGATATTGCCA-1,4891,2111,4,2
AGGTAGATCGAGATAT-1,2794,6696,3,1
AGGTAGGTACAAAGCT-1,2578,4184,0,2
AGGTATGCGGACATTA-1,7376,4435,4,1
AGGTCGCCACTTCGGT-1,2360,1313,3,1
AGGTCGCGGAGTTACT-1,6340,3362,4,2
AGGTGTATCGCCATGA-1,1856,4367,0,3
AGGTTACACCATGCCG-1,6913,4885,3,1
AGGTTGAGGCACGCTT-1,4791,3009,1,0
AGTAATGTCTTGCCGC-1,4067,2473,3,1
AGTACATCATTTATCA-1,6599,3630,4,2
AGTACGGCCCGTATCG-1,1546,4188,3,1
AGTACGGGCACCTGGC-1,5050,3277,3,1
AGTACGTGGCCTGTCT-1,5507,1570,3,1
AGTAGCGTGAACGAAC-1,4681,1214,2,4
AGTAGGAAGGAAGTTG-1,6027,2465,3,1
AGTATCCATAATAACG-1,2206,1404,3,1
AGTATGCTGGAGACCA-1,2328,6249,3,1
AGTCAACACCACCATC-1,3405,4719,0,2
AGTCACTCCGCCTCAT-1,2516,1582,2,4
AGTCAGCCACCGCCTG-1,2416,2480,1,0
AGTCCCGCCTTTAATT-1,5769,2556,2,4
AGTCGACGGTCTCAAG-1,5622,4441,2,0
AGTCGGCCCAAACGAC-1,2987,3285,4,2
AGTCGGTTGCGTGAGA-1,6757,4617,2,4
AGTCGTATAAAGCAGA-1,5167,6866,3,1
AGTCTAAAGTATACTC-1,6702,3630,4,2
AGTCTTTAAAGTGTCC-1,4962,7047,4,2
AGTGACCTACTTTACG-1,3664,4988,4,2
AGTGAGCCTCGCCGCC-1,6289,3631,2,4
AGTGAGGGTTTCTGAC-1,5508,1750,2,4
AGTGATATGAGTAGTT-1,3510,5078,4,2
AGTGCTTGCACGAATA-1,5571,4711,1,0
AGTGGCGTCTGAAGGT-1,5424,6596,2,4
AGTGGCTCCGTCGGCC-1,1600,4637,3,1
AGTGGGAGTATACACG-1,969,1588,2,4
AGTGTATTGCGCATTG-1,5872,2556,2,4
AGTGTGGTCTATTGTG-1,2160,2929,3,1
AGTTAAACACTTGCGA-1,3250,4630,1,0
AGTTAAGCGGTCCCGG-1,5098,2469,3,1
AGTTACCGCACATGGT-1,1698,3380,3,1
AGTTATTGAAAGGTAA-1,4784,1214,2,4
AGTTCACCGGTTGGAC-1,1386,2843,1,0
AGTTCTGCGTTGTATC-1,1951,2212,3,1
AGTTGACATCGGCTGG-1,2311,1942,4,2
AGTTGACGGTCCTTGC-1,4239,6870,4,2
AGTTGCTGACTGATAT-1,1901,2482,1,0
ATAAACCATTGGACGG-1,3289,1310,2,4
ATAAACGGACCCGTAA-1,4129,5255,1,0
ATAAAGGTCAAGTACG-1,5352,1481,4,2
ATAAATATTAGCAGCT-1,2424,4454,0,3
ATAACGCCGGAGGGTC-1,5157,4174,1,0
ATAAGTAGGATTCAGA-1,6289,3452,3,1
ATAATACCGTTAGCCG-1,1797,2482,3,1
ATAATAGCTGTTGAAT-1,4232,5255,3,1
ATAATAGTGTAGGGAC-1,2520,2659,3,1
ATAATCTTGGAGAACC-1,4960,6508,2,4
ATAATTAGCTAAGTAG-1,4290,6780,2,4
ATACAGGCCCTCCAAT-1,4700,6061,2,4
ATACCACGGGCAACTT-1,2475,4185,0,2
ATACCAGCAAATTGCT-1,4063,1396,2,4
ATACCAGGTGAGCGAT-1,3804,1128,3,1
ATACCTAACCAAGAAA-1,4288,6242,2,4
ATACGAAGGCTTTCCA-1,7324,4345,3,1
ATACGGAACGTCGTTT-1,2121,6071,2,0
ATACGGGTTTCGATTG-1,5204,3007,1,0
ATACGGTGAAGATGCA-1,1546,4009,1,0
ATACGTACTTAGCCAC-1,4957,5970,3,1
ATACGTTATGCACGGA-1,4238,6691,2,4
ATACTACCCGTACCAC-1,6403,6323,2,4
ATACTTGTTCTCGAGC-1,1493,3740,0,1
ATAGACAACGGGACCT-1,5722,3544,3,1
ATAGACGAAGAGAAAG-1,3299,4002,1,0
ATAGAGTACTGGGACA-1,3451,3373,0,2
ATAGAGTTATCAACTT-1,5773,3454,4,2
ATAGATTTGCAGTCGG-1,4423,1126,2,4
ATAGCAACTAGGGAAG-1,6043,6594,2,4
ATAGCCTCAGTACCCA-1,1695,2662,1,0
ATAGCTGCTCTTGTTA-1,1488,2483,3,1
ATAGGCGGCTATAGAA-1,2684,4902,3,1
ATAGGTTGGGCAGATG-1,4277,3549,4,2
ATAGTGAAGCGTTCTC-1,3921,4717,4,2
ATATAAAGCGCTCGTG-1,4494,6241,1,1
ATATAACACGGGCGCA-1,5838,6954,3,1
ATATACGCTCGTGACG-1,6559,6592,4,2
ATATAGAGTATTGGTC-1,1556,6701,2,4
ATATCTCCCTCGTTAA-1,5460,2737,4,2
ATATCTTAGGGCCTTC-1,4125,4178,4,2
ATATTATCCCGTATTT-1,1021,1857,2,4
ATATTCAGTTAAACCT-1,3045,4990,3,1
ATATTCCACATAGTGA-1,4956,5611,1,0
ATATTGCTGTCAAAGT-1,2623,2658,3,1
ATATTGGAGAGGCCTT-1,7228,6320,4,2
ATCAATCTGGGCTGCA-1,4331,3998,4,2
ATCAATGCCGTGGCTG-1,1968,6520,2,4
ATCACATTAGAATATC-1,5203,2828,1,0
ATCACTTCATCCTCGC-1,4430,2920,1,0
ATCAGACGGCACGCCG-1,3148,4990,3,1
ATCAGCTCGTCCACTA-1,1757,5444,1,0
ATCAGGTCGCCATTGC-1,5818,1748,4,2
ATCAGTAGGCAGGGAT-1,5462,3096,3,1
ATCATAGCCCTATGTA-1,6456,6592,3,1
ATCATCCAATATTTGT-1,4023,4538,4,2
ATCATGGACTACCGAC-1,7481,4973,3,1
ATCCAATGGAGGGTCC-1,2374,4903,3,1
ATCCACATCGACAGAA-1,4702,6599,3,1
ATCCACGCTAAATGTT-1,5249,1481,3,1
ATCCAGAGCAACAACC-1,3666,5526,3,1
ATCCAGGATTCGTGAA-1,3353,4630,0,1
ATCCCATCCACAGCGC-1,1710,6611,2,4
ATCCTACCTAAGCTCT-1,3458,4988,4,2
ATCCTGAATCGCTGCG-1,2321,4454,0,3
ATCCTTCTGAAAGAAC-1,7482,5332,3,1
ATCGACTCTTTCCGTT-1,4121,3101,3,1
ATCGCACGATTGTTCA-1,1846,1674,3,1
ATCGCACGCCGGGAGA-1,3915,3282,0,2
ATCGCTGCGTGCAGCA-1,6700,3091,0,2
ATCGCTTTACGTCTCA-1,7426,4165,2,4
ATCGGAGACAGACGGC-1,4905,5701,2,0
ATCGGCAAGCAGTCCA-1,5925,2825,2,4
ATCGTCCAATCGAGTC-1,1640,1855,2,4
ATCGTGGAAAGTCTGG-1,2175,6699,4,2
ATCGTTCACTTTCGCC-1,5818,1928,2,4
ATCTAACGTCCCTATG-1,1124,1857,2,4
ATCTAATATCCTACGG-1,4442,5972,2,4
ATCTAGCTTGTGAGGG-1,4343,7049,2,4
ATCTCCCACGGAATAT-1,6558,6412,4,2
ATCTCGTGAGCGAAAC-1,6966,5334,3,1
ATCTGACATGGAAGGA-1,3103,6695,4,2
ATCTGATAGTGTCTTA-1,1591,2483,3,1
ATCTGCTGTTATCGCC-1,3930,7051,4,2
ATCTGGGCTGTTCTTG-1,4547,6510,0,1
ATCTGTAATTGTACCC-1,3912,2384,3,1
ATCTTATCGCACACCC-1,6353,6772,2,4
ATCTTGACCTGCAACG-1,3245,3374,0,2
ATCTTGACTTGTCCAA-1,6547,3720,3,1
ATGAAGCCAAGGAGCC-1,3347,3015,0,2
ATGACGCCGGCTCTAA-1,3964,2474,1,0
ATGACGCGTTCTATCC-1,2532,5710,1,0
ATGACTATCAGCTGTG-1,3207,6695,3,1
ATGAGGGCAGCGGCTA-1,7171,4794,4,2
ATGATCGGGAATAGAC-1,3757,2474,1,0
ATGATGCAATGGTACA-1,3561,4988,4,2
ATGCACCTTCCTTAAT-1,1283,2843,3,1
ATGCACGCGCTGTTCA-1,1555,6342,2,4
ATGCACTACCGCATTG-1,3297,3463,0,2
ATGCATTCCGTGATGG-1,3650,1398,0,1
ATGCCAATCGCTCTGC-1,6387,2374,4,2
ATGCCATTTGCGACCA-1,5675,4890,3,1
ATGCCGGTCTTGCATA-1,4846,3816,3,1
ATGCCGGTTGATGGGA-1,5254,2738,3,1
ATGCTCAGTGTTGCAT-1,2470,2928,1,0
ATGGAAATTTAAGGAG-1,1346,5805,3,1
ATGGAACCTTTGCACA-1,7169,4435,4,1
ATGGAGCAGGCCGTGA-1,4383,4267,0,2
ATGGATCCGGCGTCCG-1,5048,2739,1,0
ATGGATTGACCAAACG-1,4122,3460,0,2
ATGGCAGCATTACGAT-1,1918,6789,4,2
ATGGCGGAATAGTCGC-1,7374,4076,2,4
ATGGCTGGAAATGGCC-1,5766,1838,2,4
ATGGGACCTGCTGAAC-1,2587,6518,2,4
ATGGGTGTATACCTCC-1,2227,6788,2,4
ATGGTCGCGTGGTTTC-1,5366,5071,3,1
ATGGTGCTCAAAGCCA-1,3907,1128,3,1
ATGTAAGGCTGCTCTT-1,6754,3899,3,1
ATGTACGATGACGTCG-1,4291,6960,3,1
ATGTAGCGCGCGTAGG-1,4704,7137,4,2
ATGTCATTTCCCATTG-1,1179,2664,4,2
ATGTGCATCCGACGCA-1,3915,3102,0,2
ATGTGGACATCTTGAT-1,4645,5253,1,0
ATGTTCCTGCCCACCT-1,1385,2484,4,2
ATGTTCGTCGACCCAC-1,1701,4098,1,0
ATGTTGATTAGAGACT-1,5736,7133,4,2
ATTAAACATGCGGACC-1,4025,4897,0,2
ATTAATGAACCAGTCG-1,5049,3098,1,1
ATTAATTCGGTCACTC-1,4376,2292,3,1
ATTACAACTACCGGCC-1,5458,2019,3,1
ATTACCACACTGCCTG-1,7070,5333,2,4
ATTACGCGCTGGCAGG-1,2528,4633,1,0
ATTACTTACTGGGCAT-1,6132,3004,2,4
ATTAGATTCCTCAGCA-1,6391,3272,3,1
ATTATACTTTGCTCGT-1,4996,2649,1,0
ATTATAGCTACTTTAC-1,6910,3988,4,2
ATTATCTCGACAGATC-1,4115,1665,4,2
ATTATGCCATAGGGAG-1,3708,2923,4,2
ATTATTATGTCCGTCA-1,2896,6337,2,4
ATTATTCAGAGTCACT-1,5993,7043,2,4
ATTCAAAGTACCTGTT-1,1279,1766,3,1
ATTCACTGATGTTGGA-1,4494,6061,2,4
ATTCAGGACCTATTTC-1,6028,2824,3,1
ATTCCCGAAGGTACAG-1,988,6434,2,4
ATTCGACGCCGGGCCT-1,2320,4275,0,3
ATTCGCGCCTTGAGAG-1,6508,6861,4,2
ATTCTCGTCTCTTTAG-1,3601,2026,1,0
ATTCTGAGTATGAACT-1,5404,1570,3,1
ATTCTTCGTACTTATG-1,5457,1839,3,1
ATTGAAGATCTTAGTG-1,3505,3822,1,0
ATTGATAGCAACGAGA-1,2105,2122,3,1
ATTGATCACCACATTT-1,1397,5715,3,1
ATTGCCTTTATGTTTG-1,5322,6776,3,1
ATTGCTGCTCCTCCAT-1,3197,4182,1,0
ATTGGTAGGATCCGCT-1,1130,3292,1,0
ATTGTTCAACGATCCG-1,7329,5781,2,4
ATTTAACTCGTATTAC-1,3653,2295,3,1
ATTTACAGTTTACTGG-1,2937,3734,4,2
ATTTACTAAGTCCATT-1,6703,3809,2,4
ATTTCATTATTTCGCG-1,4994,2290,3,1
ATTTCCGGGTTCTGCG-1,2791,5978,1,0
ATTTGCCTAGTTACGA-1,4113,1127,3,1
ATTTGCGCGAGTAGCT-1,2584,5800,3,1
ATTTGGAGATTGCGGT-1,987,6255,4,2
ATTTGTCTTGGGAGCT-1,5313,4622,3,1
ATTTGTTCCAGGGCTC-1,4635,2740,1,0
CAAACGGTCGCACTTT-1,3040,3734,0,2
CAAACTATTGAGCTTC-1,4839,2021,4,2
CAAAGATTATTGGGCC-1,2534,6069,1,0
CAAAGGTCATCTGAAA-1,7378,5153,4,2
CAAAGTCAGGTTAGCT-1,1537,1855,2,4
CAAATCTCTCACAAGG-1,2220,4993,3,1
CAAATGCGGAGTGTTC-1,3958,1038,3,4
CAAATGTCCTTCCGTG-1,3716,5077,0,2
CAACACATCTCCTGCC-1,7167,3897,2,4
CAACAGTGCCAAACGG-1,4577,1035,3,1
CAACATGGCCTGATAA-1,1588,1586,2,4
CAACCGCACCTAGACA-1,1228,2036,2,4
CAACCTACCGAGCAGT-1,6301,6503,2,4
CAACGACCCGTTTACA-1,3552,2834,4,2
CAACGGTTCTTGATAC-1,2933,2657,1,0
CAACTATATCGAATGC-1,5046,2380,0,2
CAACTCCAACGTTTAG-1,5404,1391,4,2
CAACTGCTCATCCGAT-1,3824,6333,3,1
CAACTTGTAGTGGGCA-1,3084,1849,3,1
CAAGAGGGCGGAGTAC-1,4799,5163,3,1
CAAGATATTATAACGT-1,5573,5070,3,1
CAAGCAACGTCGGAGT-1,2938,3914,0,2
CAAGCACCAAATGCCT-1,4377,2651,3,1
CAAGCGGCACATAATT-1,4699,5881,3,1
CAAGGCCAGTGGTGCA-1,6148,6952,2,4
CAAGTGTGGTTGCAAA-1,5829,4620,0,2
CAATAAACCTTGGCCC-1,4792,3368,3,1
CAATACGAGAGTCTGA-1,7171,4974,4,2
CAATATTCTTGACCTA-1,3049,5888,1,0
CAATATTGGACTAGTG-1,1898,1764,2,4
CAATCCCTATACCAGC-1,5510,2109,3,1
CAATCCTGCCGTGGAG-1,2209,2301,2,0
CAATGAGGTTCGACTA-1,7114,3628,4,2
CAATGGATCTCTACCA-1,5412,3545,2,0
CAATTGGGCCGCACTC-1,1193,6074,3,1
CAATTTCGTATAAGGG-1,4229,4357,4,2
CAATTTGACCGGGAAG-1,1639,1675,2,4
CACAATGAGCTGCTAT-1,3560,4809,4,2
CACACAGCTTGCGCTC-1,6915,5244,2,4
CACACGTTTCAATGGG-1,5559,1480,4,2
CACAGAGACGAGGACG-1,2021,6789,4,2
CACAGCACCCACGGCA-1,4021,3820,3,1
CACAGTCCCGCTTCGC-1,6764,6411,2,4
CACAGTTCGCTTCCCA-1,6865,5873,2,4
CACATATTAGCAGGAT-1,4748,5253,3,1
CACATCGTGCACGCGC-1,2948,6426,3,1
CACATCTCACCGACGA-1,4855,6150,3,1
CACATGATTCAGCAAC-1,4281,4447,4,2
CACCACGCCACACAGA-1,1393,4638,1,0
CACCCACACGTCACCC-1,3190,2566,1,0
CACCCACGAGGCAATT-1,5409,2827,3,1
CACCCTTGGTGAGACC-1,1809,5533,1,0
CACCCTTTCCTCGCTC-1,3032,1759,4,2
CACCGATACACCGAGC-1,5303,1930,3,1
CACCGCCAGAAGGTTT-1,4019,3461,0,2
CACCGCCGACCAGCGA-1,4425,1844,3,1
CACCGCGTCCACTCTA-1,6336,2464,2,4
CACCGGAGATATCTCC-1,5766,1659,3,1
CACCTAATAGAGTCGT-1,2262,2570,1,0
CACCTAATCAGTTTAC-1,4687,2830,1,0
CACCTCGATGGTGGAC-1,4583,2651,1,0
CACCTTGCGAAACTCG-1,5307,3186,1,0
CACGAAAGTTAGTCCC-1,2474,4005,4,2
CACGACTAAAGTTCTG-1,3495,1309,3,1
CACGATTGGTCGTTAA-1,3545,1039,3,1
CACGCACAGCGCAGCT-1,4689,3189,3,1
CACGCAGCGAGGCTTT-1,3195,3823,0,2
CACGGCGCGCCAAAGG-1,6284,2375,2,4
CACGGGATTGAGGGTT-1,1545,3829,1,0
CACGTCAATCAATGGA-1,6971,6590,4,2
CACGTCGGGTTCTAGA-1,1023,2395,2,4
CACGTTCGTGCTCTAG-1,5157,4354,1,0
CACTAAAGTTGCCTAT-1,3609,4180,1,0
CACTACGGGAGCTGCC-1,6506,6323,3,1
CACTACTCAGTTCTGT-1,4837,1483,4,2
CACTCAAGAGCTATGG-1,3920,4538,4,2
CACTCAGCTCTTGAGG-1,4632,2022,3,1
CACTCCTATGTAAGAT-1,2843,6068,1,0
CACTCGAGCTGAACAA-1,4800,5342,3,1
CACTCGGTTAGGAGGA-1,1649,4188,1,0
CACTTCGCCACAGGCT-1,2573,2928,3,1
CACTTCGTCTTATCTC-1,1694,2303,3,1
CAGAATAACACACGGA-1,6711,5963,2,4
CAGAATATTCGTTATC-1,7380,5512,2,4
CAGACACCGATCGCTG-1,3616,5796,1,0
CAGACGAACCTGATAC-1,3563,5527,3,1
CAGAGGCGATGCATGA-1,3461,5886,3,1
CAGAGTGATTTAACGT-1,4529,1843,4,2
CAGATAATGGGCGGGT-1,6251,6952,2,4
CAGATACTAACATAGT-1,3348,3373,0,2
CAGATCATTTAAAGTC-1,6545,3002,2,4
CAGATCCTGGTTTGAA-1,1863,5982,1,0
CAGCAGCCCGTTCCTT-1,4999,3546,1,0
CAGCAGTCTGTGCTGC-1,4805,6599,4,2
CAGCCCTCACAGGCAG-1,4217,1306,3,1
CAGCCGGGCCCTCTAT-1,5354,2019,2,4
CAGCCTCCTGCAGAGG-1,4946,3098,3,1
CAGCCTCTCCTCAAGA-1,5872,2376,2,4
CAGCTCACTGAGACAT-1,4021,3999,0,2
CAGCTCGACAAGTTAA-1,5618,3544,3,1
CAGCTCGTGCTTGTGT-1,3138,2297,4,2
CAGCTCTGGGCTCACT-1,2798,7594,3,1
CAGGATATATCGTTGT-1,4077,4986,0,2
CAGGATCCGCCCGACC-1,3494,1129,2,4
CAGGCAGTCTTACCAG-1,5374,6866,3,1
CAGGCCGTTTGGGTGT-1,3198,4541,1,0
CAGGCGCACGGTGGTC-1,2430,6069,1,0
CAGTAACTATTTATTG-1,6183,2734,2,4
CAGTAATCCCTCCCAG-1,2263,2929,3,1
CAGTACATTCTCTAAA-1,6234,2824,2,4
CAGTAGATGATGTCCG-1,1024,2575,3,1
CAGTAGCCCACGCGGT-1,5669,3275,4,2
CAGTAGCGAGGTAGTA-1,2515,1402,2,4
CAGTCGAGGATGCAAT-1,6081,3273,2,4
CAGTCGGCCTAGATAT-1,1137,5087,3,1
CAGTCTCTCGGCTAAT-1,2413,1582,2,4
CATAACGGACAGTCGT-1,5827,4261,4,2
CATAAGAAGCTTGGCT-1,4701,6240,3,1
CATAAGCTCTCCGTCT-1,1703,4816,3,1
CATACACAAAGTCAGC-1,986,6075,2,4
CATACACGGTTCCCAC-1,3825,6513,3,1
CATACCCGTACCCAGT-1,2578,4364,0,3
CATACGAACTAGCTGG-1,2588,6877,2,4
CATACGGCGTCTGGGC-1,4230,4537,4,2
CATACGGGTGCATGAT-1,1845,1495,2,4
CATACTATGTAATTGT-1,3455,4271,1,0
CATAGAGGAGATACTA-1,5478,7224,4,2
CATAGCGTTGCCCACC-1,3152,5887,1,0
CATAGTACATTGAGAG-1,4943,2380,3,1
CATAGTCAAATACATA-1,5786,6864,3,1
CATAGTCCACAAGAAC-1,2581,5082,0,1
CATATACTACTGATAA-1,6234,2644,2,4
CATATAGGTACAGTCA-1,3818,4897,4,2
CATCATCTACCCGGAC-1,4529,2023,3,1
CATCCGCAGGCCCGAA-1,1745,2393,3,1
CATCGCCCGCGGCCAA-1,3241,2297,0,1
CATCGGACGGGTTAAT-1,3973,4807,4,2
CATCGTCCGGTTACTA-1,1542,3111,1,0
CATCTAGTGAAGGGAA-1,7223,5063,4,2
CATCTATCCCGTGTCT-1,6131,2645,2,4
CATCTGCAGGATCATT-1,1389,3561,1,0
CATGAACCGACATTTG-1,3188,2028,3,1
CATGAACCTCTTATCA-1,4527,1484,2,4
CATGATGCACAATTCT-1,4533,2920,3,1
CATGCCAACTCGCAAA-1,2065,4904,3,1
CATGCTGGCTCCAATT-1,4065,2114,3,1
CATGGCAGGAAGATCG-1,3912,2564,4,2
CATGGGTCGGGTGTGG-1,5358,2917,3,1
CATGGTAAGTAGCGTT-1,4748,5073,1,0
CATGGTATTAGTTTGT-1,1348,6343,4,2
CATGTCTCATTTATGG-1,5368,5430,4,2
CATTACATAGATTGTG-1,7011,3449,4,2
CATTACGTCGGCCCGT-1,4326,2741,3,1
CATTATAACAGGGTCC-1,4319,1126,2,4
CATTATGCTTGTTGTG-1,3658,3372,1,0
CATTCACTGACAGCTA-1,4424,1485,2,4
CATTCAGGTCAGTGCG-1,2051,1494,3,1
CATTCCCATTCCGTCG-1,7064,3897,2,4
CATTCCCTAAGTACAA-1,1899,2123,4,2
CATTGCGAAATGGGCG-1,1598,4278,1,0
CATTGCGGGTCAATTC-1,6907,3270,4,2
CATTGTGTGCTAGATC-1,1745,2213,4,2
CATTTAGCGGACCATG-1,5359,3276,1,0
CATTTATCGTTCAAGA-1,4940,1483,2,4
CATTTCTAGCAGACTA-1,2313,2480,3,1
CATTTGAGTGGTACGT-1,3460,5527,1,0
CCAAACAGAACCCTCG-1,3450,3014,0,2
CCAAAGTCCCGCTAAC-1,2876,1311,3,1
CCAAATCAAAGGGCAA-1,2127,7507,4,2
CCAACCTTATGTAACT-1,3105,7054,2,4
CCAACGATGCACTGAT-1,2886,3824,4,2
CCAACGCTTGCCAGGG-1,6128,1927,4,2
CCAACTTGATAGATCC-1,7327,5242,2,4
CCAAGAAAGTGGGCGA-1,3667,5706,1,0
CCAAGGAACAGAGAGG-1,3447,2296,3,1
CCAATAGTGCCGTCGA-1,3145,4092,0,2
CCAATGTCACAGCAAG-1,3507,4360,1,0
CCACACTGAGATATTA-1,3508,4540,0,1
CCACCAACTTTACTGT-1,3048,5708,3,1
CCACCCAAGGAAAGTG-1,4848,4355,3,1
CCACGGCAGGTGTAGG-1,2590,7415,4,2
CCACGTAAATTAGACT-1,7271,4076,3,1
CCACTATCCGGGTCAC-1,6960,3718,2,4
CCACTGGTGGCTGGTT-1,2063,4545,1,3
CCACTGTTTGGATTAA-1,6454,6233,2,4
CCAGAAAGCAACTCAT-1,2842,5709,3,1
CCAGAGACAAAGCCGG-1,2058,3109,3,1
CCAGCCTGGACCAATA-1,4332,4357,4,2
CCAGCTACGCCTCATA-1,2775,1850,4,2
CCAGCTCGAACGCATT-1,4341,6690,2,4
CCAGCTGATGGTACTT-1,2063,4366,0,3
CCAGGCTGGCGTCTGA-1,7279,6050,4,2
CCAGGGACGTGGCCTC-1,3710,3462,1,0
CCAGTAGTCTGATCCA-1,5670,3454,3,1
CCAGTCAAATCTCTTA-1,1394,4817,1,0
CCAGTCTAGACGGCGC-1,5411,3186,3,1
CCAGTCTTGTCATAGA-1,4030,6332,3,1
CCATAAACAACCCGAC-1,4891,2290,3,1
CCATAACCTGTGCAGT-1,1242,5625,4,2
CCATAGAGGCTGCCAG-1,1194,6433,4,2
CCATAGGTTGGCGTGG-1,4171,2652,3,1
CCATAGTCAGTAACCC-1,1849,2392,3,1
CCATCGCAGTTAAACT-1,4182,5524,1,0
CCATCTTGTTCACAAT-1,3084,1669,4,2
CCATGCCTGTTTAGTA-1,3712,4180,0,1
CCATGTTCATCTATAT-1,2435,7146,2,4
CCATTAGCGATAATCC-1,3144,3913,0,2
CCATTCCCTGCCCACA-1,2990,4003,0,2
CCATTTCTACCTATTA-1,4648,5971,3,1
CCCAACATACGTCGCG-1,2787,4901,3,1
CCCAACCACACTAACA-1,4373,1754,4,2
CCCAAGACAGAGTATG-1,3547,1398,0,1
CCCAAGTCATTACACT-1,5942,7133,2,4
CCCAATGAGATTTGCA-1,3051,6426,3,1
CCCAATTTCACAACTT-1,2682,4543,0,0
CCCACTCCACGGTATC-1,1139,5446,3,1
CCCAGAGGAGGGCGTA-1,6390,2913,3,1
CCCAGGTCTGAAGGCT-1,6710,5783,2,4
CCCAGTAAACTTGGGA-1,1604,5714,1,0
CCCAGTTAAGGCGCCG-1,5211,4802,3,1
CCCGAAGTTTCGCGAA-1,1550,5086,1,0
CCCGACCATAGTCCGC-1,4790,2829,3,1
CCCGATAGCCTCGCCT-1,7530,4344,2,4
CCCGCAGCGCGAACTA-1,4439,5433,3,1
CCCGCTTGCCCTCGTC-1,3030,1221,3,1
CCCGGCTAGGTGAGAA-1,1073,1947,2,4
CCCGGGTCGTTCAGGG-1,3929,6871,2,4
CCCGGTGGAAGAACCT-1,2058,3289,1,0
CCCGTAAGTCTAGGCC-1,2425,4634,1,0
CCCGTAGCTGGGAAGA-1,2998,6157,3,1
CCCGTCAGCGTCTGAC-1,3605,3103,0,2
CCCGTGAGGGCGGTGA-1,1188,4997,3,1
CCCGTGGGTTAATTGA-1,1432,1317,2,4
CCCTAGGCAACAAGAG-1,1138,5267,4,2
CCCTATGTAGAGCAGA-1,2226,6429,2,4
CCCTCAAGCTCTTAGT-1,1180,2844,3,1
CCCTCAGATCGAGAAC-1,2333,7506,2,4
CCCTCATTCTGGAATT-1,3242,2476,1,0
CCCTCGATAATACACA-1,2487,7236,2,4
CCCTCGGGAGCCTTGT-1,3959,1217,2,4
CCCTGAAATGAGTTGA-1,2989,3824,0,2
CCCTGACTAACAAATT-1,1599,4457,0,1
CCCTGATGTAACTCGT-1,1797,2303,3,1
CCCTGCCCAATCCGCT-1,1961,4725,1,0
CCCTGCGCTACGCATA-1,2216,4096,0,2
CCCTGGCTGTTCCTTC-1,1241,5266,1,0
CCCTTCTCGTACGCGA-1,2824,1222,2,4
CCCTTTAATGGAGTTC-1,6611,6681,4,2
CCCTTTGACAGGTCTT-1,3872,5525,3,1
CCGAAAGTGGTGAGCA-1,2365,2570,1,0
CCGAACACTGGGCCTC-1,1910,4995,3,1
CCGAACCTTCCCGGCC-1,4646,5433,3,1
CCGAAGCATTGACCAA-1,1246,6523,2,4
CCGAAGTATATTGTTC-1,2109,3019,3,1
CCGACAAACACATGAG-1,1694,2483,3,1
CCGACGTAAACACAAC-1,5974,2196,2,4
CCGACTCGCATAGTCT-1,4888,1393,3,1
CCGAGAAGTCGCATAA-1,6759,5155,4,2
CCGATATGACGTAAGG-1,7536,5960,4,2
CCGATTCGAGGGACCC-1,2011,4456,0,3
CCGCACAAAGACCAAC-1,4899,4265,3,1
CCGCACACGAACGTGT-1,7326,5063,4,2
CCGCATGTGGTACGAT-1,4390,6062,2,4
CCGCCACCACAATCCA-1,4372,1395,3,1
CCGCCGGAACTTCTCG-1,1605,5893,3,1
CCGCCGTTGAGGATAA-1,7120,5064,3,1
CCGCCTGCGAATTGGT-1,5975,2376,2,4
CCGCGGAATGCGTCAC-1,3305,5617,3,1
CCGCTCTTCCGAACTA-1,6095,6683,2,4
CCGCTGGTGCCATTCA-1,4785,1573,2,4
CCGCTTCGCGGTTAAC-1,2927,1221,3,1
CCGCTTGCTGACATGG-1,6804,3450,3,4
CCGGAAGTTATCAGTC-1,7534,5421,3,1
CCGGAGCGTACTTTCT-1,3875,6243,2,4
CCGGCCGCGAGCATAT-1,1090,6254,4,2
CCGGCGCATATTGGAT-1,3860,2295,3,1
CCGGCGTGAGACTCTG-1,1550,5265,3,1
CCGGGACCCGCAGAGA-1,3654,2475,1,0
CCGGGCGGTCTCGTCA-1,4898,3906,3,1
CCGGGCTAAGAATTTC-1,2023,7328,4,2
CCGGGTTCGAGGTTAC-1,2630,4453,0,3
CCGGTGCGAGTGATAG-1,1330,1676,3,1
CCGGTTTGTAATTGTG-1,3153,6067,1,0
CCGTACCCAAGCGCCA-1,2724,2119,2,0
CCGTAGGGTTGTTTAC-1,6352,6413,3,1
CCGTATCTCGTCGTAG-1,2378,5800,1,0
CCGTGAGGCATTCATG-1,7168,4256,3,1
CCGTGGAACGATCCAA-1,6442,3182,4,2
CCGTTACGTTAGAACA-1,5512,2826,4,2
CCGTTCCGAATCTCGG-1,2115,4635,1,0
CCTAAACAGGGTCCGT-1,3855,1038,2,4
CCTAAAGGCTGACGCT-1,5201,2289,4,2
CCTAAGTGTCTAACCG-1,2102,1224,2,4
CCTACATTCACAGACG-1,2687,5620,4,2
CCTACTGCTTACACTT-1,3503,3463,0,1
CCTAGGTAAAGGTAGC-1,1552,5624,1,0
CCTAGTTAGTCGCATG-1,4684,2112,3,1
CCTATACCGTCCTGTC-1,3307,5976,3,1
CCTATATCGTGTCACG-1,1503,6432,4,2
CCTATATTTGTCCTGG-1,3670,6603,3,1
CCTATGGCTCCTAGTG-1,2226,6609,3,1
CCTATGGTCAAAGCTG-1,4498,7138,2,4
CCTATGTCCACTCCAC-1,5734,6595,4,4
CCTCACCAATCTTGAC-1,2778,2568,3,1
CCTCACCTGAGGGAGC-1,6237,3542,2,4
CCTCACGTCAGCTAAT-1,7280,6409,4,2
CCTCATGCAGCTACGA-1,2517,1941,3,1
CCTCCCGACAATCCCT-1,4219,1844,3,1
CCTCCGACAATTCAAG-1,2680,4004,4,2
CCTCCTGTTGTGTCGT-1,5940,6594,2,4
CCTCGACCCACTGCCT-1,4733,1304,2,4
CCTCGCCAGCAAATTA-1,4790,2650,3,1
CCTCGCGCTGTGCGAT-1,4030,6153,2,4
CCTCGGATGCTACCTG-1,1494,3919,3,1
CCTCGGTTTCCTTGCC-1,2951,7324,4,2
CCTCTATCGATTAGCA-1,2326,5711,1,0
CCTCTCTCCCATCTAG-1,2835,4093,0,2
CCTCTGGCCTAGACGG-1,4840,2380,1,0
CCTCTGTACTATTCTA-1,4131,5794,3,1
CCTGAACGATATATTC-1,5364,4353,3,1
CCTGAATATTTACATA-1,4637,3099,3,1
CCTGACAAACTCGCGC-1,1128,2754,4,2
CCTGAGAATAAATGCA-1,2694,7415,4,2
CCTGCGATAGAACTGT-1,2001,1763,3,1
CCTGCTATTTGAGAAG-1,3555,3373,0,1
CCTGGAAACGTTCTGC-1,6809,4527,2,4
CCTGGCTAGACCCGCC-1,3195,3643,0,2
CCTGTAAGACATGATA-1,3094,4362,1,0
CCTGTACTCACGCCCA-1,2218,4634,1,0
CCTGTCGCCCGTAAAT-1,4177,4268,4,2
CCTGTGCATAGGAGAC-1,1793,1405,3,4
CCTTCAGTTAAAGTGA-1,3412,6514,2,4
CCTTCGTATAGAATCC-1,4137,7229,4,2
CCTTCTTGATCCAGTG-1,4738,2740,3,1
CCTTGACCACTTTATT-1,6608,5963,2,4
CCTTTAAGGGAGCACT-1,3566,6245,2,4
CCTTTGAATTATGGCT-1,1296,6253,4,2
CGAAACGCAATTCATG-1,2683,4722,0,1
CGAACCCGCATGCGTC-1,3511,5437,1,0
CGAACCTCTTTCCTAG-1,2023,7507,2,4
CGAACGGCCGGACAAC-1,1757,5264,0,1
CGAAGACTGCCCGGGA-1,3442,1040,3,1
CGAAGCTATAAATTCA-1,6389,2733,3,1
CGAAGTTGCTCTGTGT-1,2783,4004,0,2
CGAATCTGCTCGACGC-1,2123,6609,3,1
CGAATGAAGTCATTGC-1,2020,6610,3,1
CGAATGGTAGGTCGTC-1,2488,7595,2,4
CGACAGTTCGCGTTAT-1,3145,4272,1,0
CGACATGCGATCTTCT-1,4270,1754,3,1
CGACCCTTAACGCCGG-1,1602,5355,3,0
CGACGCATCCGTACCT-1,1500,5535,1,0
CGACTCAGGATGTTAT-1,5565,3096,3,1
CGAGACCCTAGAGTGT-1,4128,4896,0,2
CGAGAGATGTGAACCT-1,4742,3637,1,0
CGAGAGCGCGTAGATA-1,1343,5087,1,0
CGAGAGCTTTCACTAC-1,5528,6775,3,1
CGAGATGTTGCCTATA-1,2618,1222,2,4
CGAGATTTCGCTCGGG-1,6964,4795,3,1
CGAGCACTTCAAGTTT-1,2264,3109,1,0
CGAGCCGAGCACTCGA-1,1125,2036,2,4
CGAGGATCGGGAACGA-1,7063,3538,4,2
CGAGGCCAGGCATTGG-1,2106,2301,1,0
CGAGGGTATCCAGGTG-1,4084,6781,2,4
CGAGTACTAAAGAGGA-1,2788,5081,0,1
CGAGTGAAGGTACCAG-1,2482,5980,2,0
CGAGTGCTATAGTTCG-1,2930,1939,4,2
CGAGTTCTGTCCCACC-1,5360,3455,2,0
CGAGTTTATCGGACTG-1,5776,4351,2,0
CGATAATACTCAGGTT-1,7016,4885,3,1
CGATACCTCGCGGACA-1,3456,4630,0,1
CGATAGTCGTACTGCA-1,5529,6955,3,4
CGATCCGACCCAGTGC-1,3559,4450,1,0
CGATCTGTTGGAGGAC-1,2221,5173,0,1
CGATTAAATATCTCCT-1,4184,6063,2,4
CGATTCGCCTGGCTGC-1,4752,6150,3,1
CGCAAACACGAGTTAC-1,2884,3465,4,2
CGCAATTAGGGTAATA-1,3246,3553,0,2
CGCACGTCTGTTTATG-1,2641,7146,4,2
CGCAGAAACATTTGCG-1,3961,1756,3,1
CGCAGATCTTCACCCG-1,6804,3270,3,1
CGCATCATGGCTTCAG-1,5354,1840,4,2
CGCATCCATCAGCCAG-1,6959,3539,4,2
CGCATGCCGAATGCGT-1,5581,7044,2,4
CGCATGGTGCGATGCT-1,4385,4626,0,2
CGCATTAGCTAATAGG-1,3916,3461,0,1
CGCCAAGAAGCCGAGT-1,1857,4546,1,0
CGCCACAGGTCGCGAT-1,1448,5445,1,0
CGCCACCCGCATTAAC-1,1897,1584,3,1
CGCCCAGCACGCCTAG-1,3618,6334,2,4
CGCCCAGCGTTTCACG-1,5580,6865,3,1
CGCCCGCTTCCGTACA-1,5099,2649,1,0
CGCCCTTGAAGGCTGA-1,2007,3199,1,0
CGCCGCCCATGCCTGT-1,5261,4533,3,1
CGCCGTCTACCCATCG-1,7272,4435,4,2
CGCCTGGCCTACGTAA-1,2374,4724,1,0
CGCCTTTAGCATGCTC-1,7017,5064,2,4
CGCGAAGTGGCATACT-1,5941,6774,2,4
CGCGACACTGCGCAGC-1,1594,3201,1,0
CGCGAGTCTGCCGGGT-1,2016,5712,1,0
CGCGCAAATGTCCAGA-1,2224,6070,1,0
CGCGCAAGGAACTACA-1,2464,1492,3,1
CGCGCATGTTTGATTG-1,3769,5526,3,1
CGCGCCCGACTTAATA-1,4842,2919,3,1
CGCGGCAGTATTACGG-1,1796,2123,4,2
CGCGGGAATTAGGCAG-1,5103,3546,1,0
CGCGGTAAGTCTAGCT-1,7063,3718,4,2
CGCGGTACGGTATACA-1,7075,6590,4,2
CGCGGTCACAAACCAA-1,6440,2643,3,1
CGCGTCATATTAAACC-1,4268,1216,2,4
CGCGTTCATGAAATAC-1,3606,3462,1,0
CGCTACCGCCCTATGA-1,3133,1220,3,1
CGCTACGGGACATTTA-1,3456,4450,1,0
CGCTATACCGCCCACT-1,2828,2299,1,0
CGCTATTCAATGTATG-1,2572,2748,3,1
CGCTATTCTTAGGCTC-1,4075,4448,4,2
CGCTCGACATAATGAT-1,3295,2925,4,2
CGCTCTCCGTAGATTA-1,2887,4004,4,2
CGCTGAGGACGTCCAA-1,3031,1400,2,4
CGCTGTGACGCCGCAC-1,3399,3284,0,2
CGCTGTGTGGATGTTG-1,3205,6336,4,1
CGCTTAGTATTGATAC-1,3672,6962,2,4
CGCTTATTCCCGGTCG-1,2529,4813,1,0
CGCTTCGGTCTAAGAC-1,6354,6951,3,1
CGCTTTCATACCGGTG-1,3550,2296,3,1
CGGAAAGAATCAAACG-1,3463,6245,2,4
CGGAAAGCAAATGTGC-1,1282,2664,3,1
CGGAAATTTCACATCC-1,5197,1392,3,1
CGGAGCAATTTAATCG-1,4080,5883,3,1
CGGAGCATGGCGATCC-1,4436,4536,0,1
CGGAGCTTATAACACC-1,5406,1929,4,1
CGGAGTTTGAGAGACA-1,2731,3735,4,2
CGGATGAATGCTGTGA-1,2126,7327,4,2
CGGCAAACATCGTGCG-1,4389,5703,3,1
CGGCAATAAGATCGCC-1,6556,5874,2,4
CGGCACCGTTAGCGCC-1,5561,2019,4,2
CGGCACTCAAGAAAGT-1,2415,2121,3,1
CGGCAGGGTCGGGTTG-1,5826,3902,4,2
CGGCCACGCACAAAGT-1,4022,4179,0,1
CGGCCAGAGCGACCAT-1,3517,7052,4,2
CGGCCCAACCTGTAGT-1,6753,3540,4,2
CGGCTCTTCGTCGAAC-1,5405,1750,2,4
CGGCTGCAAGATTAAG-1,4475,1395,3,1
CGGCTTTGTATGATAA-1,3858,1756,3,1
CGGGAATTTATGTAAA-1,4335,5075,1,0
CGGGATCAATGTAAGA-1,4018,3102,4,2
CGGGCAGCTAAACCGC-1,3866,3910,1,0
CGGGCCATAGCCGCAC-1,1900,2302,3,1
CGGGCCTTCTTTGTAA-1,3818,4718,4,2
CGGGCGATGGATCACG-1,4859,7227,4,2
CGGTAGAGGTGCAGGT-1,5719,3005,4,2
CGGTATAGGTATTAGC-1,6077,2017,4,2
CGGTCAAGTGGGAACC-1,5102,3367,3,1
CGGTCTATCAACCCGT-1,5202,2648,3,1
CGGTGAAGACTAAAGT-1,2165,4186,4,2
CGGTGCAGATAGAACG-1,2838,4811,3,1
CGGTTCAAGTAGGTGT-1,6030,3183,2,4
CGGTTGACCTGGCATA-1,2270,4544,1,3
CGTAAACGCTTGAGTG-1,2157,2032,3,1
CGTAAAGCAAGAAATC-1,2435,7326,4,2
CGTAATAATTACGAGT-1,1281,2305,3,1
CGTACCTGATAGGCCT-1,4482,3010,1,0
CGTAGAGAGTAATTAT-1,5477,7045,2,4
CGTAGCGAATTGTCAG-1,4633,2202,3,1
CGTAGCGCCGACGTTG-1,3703,1667,3,1
CGTATTAAGAGATCTA-1,3763,3910,1,0
CGTCAAGGCTATAAAT-1,1699,3739,1,0
CGTCAGCTATTTACTC-1,1540,2573,3,1
CGTCAGTGCGCACAAG-1,3498,2027,1,0
CGTCAGTTTATCGTCT-1,4062,1217,2,4
CGTCCAGATGGCTCCA-1,971,2126,3,1
CGTCGCATGTGAGCCA-1,4961,6867,4,1
CGTCGCTTGGTTATAC-1,2278,6698,4,2
CGTCGTCCTTCGCGAA-1,4906,6060,4,2
CGTCTGGAAGGGCCCG-1,4170,2473,4,2
CGTCTTGAGTGTGACG-1,7428,4704,3,1
CGTGAAGTTAATTCAC-1,3869,4628,4,2
CGTGACATTGGGTCGT-1,5253,2379,4,2
CGTGCAGACTGGGACA-1,4797,4624,4,2
CGTGCATTGTCGACGC-1,2579,4543,1,0
CGTGCCCGACATTTGT-1,4010,1127,3,1
CGTGCCCTCCCGAAGA-1,4953,4893,1,0
CGTGCTTCTACCTAAA-1,2433,6608,2,4
CGTGTCCCATTCGCGA-1,3039,3554,4,2
CGTGTCTCGTTACGAC-1,2741,6427,3,1
CGTGTGTTAAACCCTG-1,6961,3898,4,2
CGTTCAGACCCGCGAA-1,4136,6870,4,2
CGTTCTTCGCACACCT-1,6595,2732,4,2
CGTTGAGCGACCGTCG-1,4799,4983,1,0
CGTTGAGTAATTGCGT-1,6180,2016,4,2
CGTTGTAAACGTCAGG-1,1644,2931,3,1
CGTTGTAAGATTGATT-1,6546,3361,2,4
CGTTGTCGGCAATTGA-1,4393,6780,4,2
CGTTGTTTCAATTCCC-1,3042,4093,0,2
CGTTTAAGCGGAGCAC-1,4014,2204,1,0
CGTTTGTGTAGAGGGT-1,3101,5977,1,0
CTAAACGGGTGTAATC-1,3134,1400,2,4
CTAAAGAATGCCTACT-1,2836,4273,0,3
CTAAAGTCCGAAGCTA-1,2103,1404,3,1
CTAAATCCGGTGTACA-1,2793,6517,3,1
CTAAATCCTATTCCGG-1,5308,3366,2,0
CTAACAGCACAATAAC-1,1040,6524,4,2
CTAACCGCGCGCCCGT-1,2785,4363,0,3
CTAACGAAACTTGCTG-1,5825,3723,4,2
CTAATTCTCAGATATT-1,6392,3451,2,4
CTAATTTCAACAACAC-1,2367,2929,1,0
CTACACTAGCTTGTTC-1,2928,1401,3,1
CTACCCTAAGGTCATA-1,5671,3813,1,0
CTACGAACTAGGTCGA-1,4733,1483,3,1
CTACGACTAGCTATAA-1,2218,4455,0,3
CTACGATCCTATCCTA-1,1971,7238,2,4
CTACGCACGGAGTACC-1,3919,4179,0,2
CTACGTGTTGCCACCA-1,2206,1583,2,4
CTACTATCATAGGTTT-1,2275,5801,1,0
CTACTATCTTTCAGAG-1,5773,3633,4,2
CTACTCAAGGTATAGT-1,3154,6426,3,1
CTACTGCCACCTGACC-1,4225,3460,4,2
CTAGACTGCATTTCGT-1,5921,1927,2,4
CTAGATAAACTCCTCG-1,2258,1673,2,4
CTAGCAACTAATTTAC-1,2411,1223,3,1
CTAGCATAGTATAATG-1,4383,4087,4,2
CTAGCCACAGGCGAGC-1,7022,6321,3,1
CTAGCCGATGTTATGA-1,6184,3093,2,4
CTAGCTTAATGGTCCC-1,7430,5242,3,1
CTAGGCGGCAGAGAAT-1,2618,1402,3,1
CTAGGTTCGGACGTGA-1,4597,6240,3,1
CTAGTAGAAAGGGATT-1,5167,6687,3,1
CTAGTATTCGGAATTA-1,5098,2290,4,2
CTAGTGAAGGACAGGA-1,2938,4093,0,2
CTATAAGAGCCAATCG-1,6133,3363,3,1
CTATACTTAAAGCGAG-1,1195,6613,4,2
CTATAGGCGTTGATGT-1,2948,6606,3,1
CTATATCCAGCCTGGC-1,2590,7236,2,4
CTATCGCGTAGAGAAC-1,7073,6231,2,4
CTATGAACACCTTGCC-1,2436,7505,2,4
CTATGTCTATTGAAAC-1,3807,2025,3,1
CTATTCATGTGTCCCA-1,4183,5704,3,1
CTATTGTGTTTGGTCA-1,6180,2196,2,4
CTATTTGCTTGGAGGA-1,4292,7319,4,4
CTATTTGGTTACGGAT-1,5209,4264,3,1
CTCAACTAACCCGGAT-1,5373,6686,2,4
CTCAAGACATTAGCGC-1,6232,2285,2,4
CTCACATTTACTAAAT-1,4496,6600,2,4
CTCACTGTGATACTTA-1,4857,6688,3,1
CTCACTTGGCTGGTAA-1,2322,4634,0,0
CTCAGATTGTGATAAG-1,1240,4907,1,0
CTCAGGACTCACCTGT-1,2519,2479,1,0
CTCATGGCTCACAATC-1,4220,2203,3,1
CTCCCAATGAGTCGCG-1,6916,5603,2,4
CTCCGCCCACATGAGG-1,2993,4901,3,1
CTCCGGCTTGTAGACA-1,1952,2392,3,0
CTCCTAAGTTATGTCT-1,2518,2120,3,1
CTCCTCCAGCTCACAC-1,3567,6603,3,1
CTCCTGTTCAAGGCAG-1,7020,5962,3,1
CTCCTTTACGCAAGTC-1,6597,3091,2,4
CTCGAGGCAAGTTTCA-1,2642,7505,2,4
CTCGAGGTCGAACAGT-1,4020,3640,3,1
CTCGATATTTGCGAGC-1,6081,3093,2,4
CTCGCATTGCATAGCC-1,1607,6432,4,2
CTCGCCGAATGTAGGG-1,4289,6421,4,2
CTCGGGCATCGTCGGG-1,4474,1036,4,1
CTCGGGTTCTCTGGCC-1,2381,6518,2,4
CTCGGTACCACTGCTC-1,5159,4713,3,1
CTCGGTTGTCGGCCCT-1,2327,6070,1,0
CTCGTTTCTAATGTTT-1,6338,3003,4,2
CTCTAATGCATTGATC-1,6648,3181,2,4
CTCTACACTGGCGATT-1,1859,4905,3,1
CTCTAGCCCTCGGAAA-1,5632,6954,3,1
CTCTATTTGGCTGCAG-1,4491,5343,1,0
CTCTCGATGTGCGCCT-1,4166,1396,3,1
CTCTCGCTGTACTATG-1,1284,3202,1,0
CTCTCTAACTGCCTAG-1,2070,6161,1,0
CTCTGCAGGCATTCTT-1,2178,7417,4,2
CTCTGGACGCCTGGTG-1,4176,3909,4,2
CTCTGTGCCTGCTATG-1,3443,1219,2,4
CTCTGTTTGAGGATTC-1,4685,2291,3,1
CTCTTCTGGAAGTTAG-1,3051,6606,2,4
CTCTTGTCCCGCTTGG-1,3977,5884,3,1
CTGAATTTATTGCCAG-1,6441,3002,3,1
CTGACATAGAAATAGA-1,7122,5602,2,4
CTGAGAAAGTTCGGCG-1,7018,5423,3,1
CTGATCCCTTTATGCA-1,2487,7415,4,2
CTGCAAATGGGCTCCA-1,4267,1036,4,2
CTGCAAGCACGTTCCG-1,6713,6501,2,4
CTGCACCTAGTCCACA-1,7011,3628,4,2
CTGCACCTGGAACCGC-1,3499,2386,1,0
CTGCACTCCAGTACAG-1,4596,5881,2,4
CTGCAGAGAATCAGAG-1,6197,6503,2,4
CTGCAGGTGCTCGGCC-1,1278,1587,2,4
CTGCCAAGGTTGGAAG-1,4945,2918,3,1
CTGCCATGCATCACAT-1,4178,4627,4,2
CTGCCTAGCCACCAAG-1,5096,1751,2,4
CTGCCTCATATGCAAC-1,7219,3986,4,2
CTGCCTTTAATACCTT-1,2433,6787,2,4
CTGCCTTTCTAGTAAA-1,5785,6684,4,2
CTGCTGTCTAACGAGC-1,7122,5423,2,4
CTGCTTGGCGATAGCT-1,4854,5791,2,4
CTGGAAATGGATGCTT-1,3710,3641,1,0
CTGGATTTACACTTGA-1,3821,5436,1,0
CTGGCGACATAAGTCC-1,5150,2559,0,1
CTGGCTCCTGCGGGAT-1,2362,1672,0,1
CTGGCTGCTAACGTAA-1,2258,1493,2,4
CTGGCTGGTTGTCAGT-1,3874,5884,3,1
CTGGGATAAATAATGG-1,5312,4443,3,1
CTGGGATCGCCCAGAT-1,4216,1126,3,1
CTGGGCCTGCTATATC-1,2529,4992,1,0
CTGGGCGGCCAAATGT-1,4732,1124,3,1
CTGGGTAGGCAGTTAA-1,5056,4892,1,0
CTGGGTTGAGTTAAAG-1,1553,5804,3,1
CTGGTAACACATAGAA-1,5520,4801,2,0
CTGGTGAATGGGCCTA-1,1969,6879,4,2
CTGGTTCAACGCATCA-1,2929,1760,4,2
CTGGTTTCGAGCAAGA-1,5522,5160,4,2
CTGTACTTCTTAGCAT-1,3611,4539,0,1
CTGTAGCCATCTCACT-1,3359,6066,3,1
CTGTATGGTGTAGAAA-1,2624,2838,1,0
CTGTCAAATGGCTCGG-1,5256,3097,1,0
CTGTCACGCCAGGCGC-1,6025,1927,2,4
CTGTCTGTGGCTGGCT-1,969,1767,2,4
CTGTGCAGGGTAGGTC-1,4592,4805,1,0
CTGTTACCCAATCTAG-1,3975,5345,1,0
CTGTTCACTGCCTGTG-1,3863,3012,4,2
CTTAAATAAGACCCAT-1,1440,3291,1,0
CTTAACTTCGAAGTAC-1,4220,2024,1,0
CTTACACGGTATTCCA-1,3298,3822,0,2
CTTACACTGGGAAATA-1,3448,2476,1,0
CTTAGCCCGGATAGTG-1,1440,3471,1,0
CTTAGCCTTCCACATG-1,4997,3008,1,1
CTTAGGTATAGACCAG-1,1762,6700,4,2
CTTATAGATGGCTGTT-1,7126,6500,4,2
CTTATGCGCTCAGGGC-1,1549,4906,0,1
CTTATGTTGACTACCA-1,2364,2211,1,0
CTTCACGCCCTGGTAC-1,2075,7417,4,2
CTTCATAGCTCAAGAA-1,2882,2747,1,0
CTTCATTGTCAGTGGA-1,4074,4268,4,2
CTTCGATTGCGCAAGC-1,5529,7134,3,1
CTTCGTAGATAGGTGA-1,3301,4540,1,0
CTTCTATGTTGAAGTA-1,2427,5172,0,1
CTTCTATTAATGCTAG-1,3409,5617,3,1
CTTGACCCGAAAGATA-1,3910,1846,1,0
CTTGAGGTTATCCCGA-1,2209,2122,3,1
CTTGAGTTAGGGTAAT-1,5777,4531,0,2
CTTGCAACCGCCTCCT-1,2271,4903,3,1
CTTGCCCAGGCTCTAC-1,3819,5077,4,2
CTTGGCCAAGCTGGGA-1,3928,6512,3,1
CTTGTACTTGTTGACT-1,3604,2924,0,2
CTTGTCAACATTCGAG-1,4388,5523,3,1
CTTGTGAGTCTTTGAC-1,2724,1940,3,1
CTTGTTGCTGAGTCAA-1,5106,4444,1,0
CTTTACCGAATAGTAG-1,5317,5520,4,2
CTTTGCTGTCATGGAT-1,7276,5332,2,4
CTTTGGCTTTAGTAAA-1,3041,3913,0,2
CTTTGGGATTGTTGCA-1,3258,6605,2,4
CTTTGTCGAATGCTCC-1,1348,6163,3,1
GAAACAGATGACCACC-1,5726,4621,3,1
GAAACAGCCATGCAGT-1,4117,2204,1,0
GAAACCATGGTGCGCT-1,6598,3450,2,4
GAAACCGAATTACCTT-1,3613,5078,4,2
GAAACCTATACAAATG-1,3670,6424,1,0
GAAACTCTAATGAAGG-1,4736,2201,3,1
GAAAGCCCTTTGGACC-1,2062,4186,4,2
GAAATACCTGCTGGCT-1,5353,1660,2,4
GAAATACTAAACGTTT-1,2108,2660,1,0
GAAATGGCGGTGTTAG-1,3659,3731,1,0
GAAATGGGATGTAAAC-1,1848,2213,3,1
GAAATTAGCACGGATA-1,5924,2645,2,4
GAAATTGTCTCTATAA-1,3715,4898,4,2
GAACAACTGGGATGAA-1,5374,7045,3,1
GAACACACATCAACCA-1,3553,3014,0,2
GAACAGATTACTAAAT-1,4649,6150,3,1
GAACCATCTGGGAGAC-1,3753,1397,0,1
GAACCCTCTGTGTTCT-1,4443,6331,3,1
GAACCTCGACCTACAC-1,1445,4727,0,1
GAACCTTTAACGATCC-1,5063,6687,3,1
GAACGACCGAATGATA-1,4223,2742,1,0
GAACGCGGGTCACACG-1,6863,5334,2,4
GAACTGTGGAGAGACA-1,4395,7139,2,4
GAAGACTTCAATGCCG-1,4320,1306,3,1
GAAGCAAGGCAATGTT-1,3185,1130,2,4
GAAGCCACTGATTATG-1,4548,6869,2,4
GAAGCCGGGTAAGCTC-1,1129,3113,3,1
GAAGCGTGAGGAATTT-1,4073,4089,4,2
GAAGCTCTTTGCTTAG-1,1178,2305,2,4
GAAGCTTGCTGACCGC-1,2782,3645,4,2
GAAGGACTAAATTGAA-1,1690,1406,3,1
GAAGGAGTCGAGTGCG-1,4084,6960,4,2
GAAGTCAGTTGCACTA-1,3976,5704,1,0
GAAGTCTCCCTAGCGA-1,5673,4352,1,0
GAAGTGATTTATCGTG-1,3404,4540,1,0
GAAGTTTCCACTCAAT-1,3352,4271,1,0
GAATAGACGCGACCCA-1,5726,4800,3,1
GAATAGCATTTAGGGT-1,7069,5154,2,4
GAATAGTGCTCGATTA-1,2844,6427,3,1
GAATCGACATGGTCAC-1,3142,3374,0,2
GAATCTATACTCGGAC-1,4887,1214,3,1
GAATCTGAACATTCTC-1,4282,4806,4,2
GAATGCCGAAATGACC-1,1851,2931,1,0
GAATGCGAATCGGTTC-1,4548,6689,4,2
GAATGGGCTTATCGAC-1,1290,4638,1,0
GAATGTATGGCAGGTC-1,5665,2377,4,1
GAATGTGGTCCGGATT-1,5159,4892,3,1
GAATGTTGGGTAATCT-1,4533,3100,1,0
GACAACGACCATTGAA-1,4947,3277,1,0
GACAACGCAGCTTACG-1,3759,2833,4,2
GACAAGAGATGAGATT-1,6969,6052,2,4
GACACAAGGGAAGAAA-1,4691,3727,1,0
GACACTGAGTTCAGTG-1,3355,4989,0,2
GACACTGGAACCCGAT-1,6658,5694,4,2
GACAGGCACACACTAT-1,2115,4455,0,3
GACATACTGTCGCAGA-1,1438,2932,1,0
GACATCCGTCGAACTG-1,4651,6868,2,4
GACCAAACGTTGACTG-1,6557,6233,2,4
GACCAGAGCCCTGTAG-1,3402,3822,0,2
GACCAGGTCATTCATA-1,4526,1305,2,4
GACCCGTCGCCGGCTA-1,4013,1845,1,0
GACCGTGCTGACGGTG-1,3663,4629,0,1
GACCGTTACATGCGAC-1,1289,4459,1,0
GACCTGGTCTGGGCGT-1,970,1947,3,1
GACCTTCCACGTCTAC-1,4807,6958,4,2
GACGACGATCCGCGTT-1,4595,5702,2,1
GACGATATCACTGGGT-1,2746,7504,4,2
GACGCCGTAAAGGCTA-1,3771,5885,3,1
GACGCCTGTTGCAGGG-1,2569,2030,3,1
GACGCTTGCTTCTAAA-1,2837,4452,1,0
GACGGACCGCGTTCCT-1,3959,1397,2,4
GACGGGTTGGCCCGTA-1,3618,6514,3,1
GACGGTCCTAGGGTGT-1,7429,4883,4,2
GACGTTGCTCGGCGGC-1,2591,7595,2,4
GACTAAGATCATGCAC-1,3708,3103,0,2
GACTAAGTAGGCTCAC-1,3194,3464,0,2
GACTACAATTGCTCGT-1,5199,1751,3,1
GACTAGGCCGTTAGGT-1,5013,6957,4,2
GACTCCCAGAATAAGG-1,6701,3450,2,4
GACTCCTTCCAATTGA-1,1502,6073,4,2
GACTGCGGCACGTGTA-1,1750,3470,3,1
GACTGCTGGTGAGAAA-1,3002,7054,2,4
GAGAACGGTTCTGACT-1,6303,7041,4,1
GAGACTGATGGGTAGA-1,3865,3551,1,1
GAGACTTCGCGACCGA-1,3925,5794,3,1
GAGAGGGCGCGAGGTT-1,3043,4452,1,0
GAGAGGTGCATTCTGG-1,2426,4993,0,1
GAGATCTGCTTGGCAT-1,3248,4092,1,0
GAGATCTGTCACTCCG-1,4794,3727,3,1
GAGATCTTCCATGACA-1,4954,5072,3,1
GAGCACGGCGCCTCTT-1,7274,4794,4,2
GAGCATCAACAACTTG-1,2536,6787,2,4
GAGCATCATCCCTGGG-1,3034,2118,1,0
GAGCGCTGTTAGGTAA-1,2174,6519,3,1
GAGCGGAATGCGGTGT-1,3466,7142,4,2
GAGCTAAGGGCATATC-1,5258,3635,3,1
GAGCTCTCGGACCTAA-1,2674,2389,1,0
GAGCTGTCGTCTCGGA-1,6544,2822,3,1
GAGGAGATCCTCATGC-1,1383,2125,2,4
GAGGAGTAATTCCTAC-1,3546,1219,3,1
GAGGATAAACAGTGCT-1,6860,4616,3,1
GAGGCCCGACTCCGCA-1,2172,5981,3,1
GAGGCCTGTTGATACA-1,6508,6682,3,1
GAGGCTATCAAAGTCG-1,2371,4185,4,2
GAGGGCATCGCGTATC-1,2672,2030,3,1
GAGGGCGCAGCTCTGC-1,5566,3454,3,1
GAGGGTAGTAACAAAG-1,2588,6697,2,4
GAGGTACATCCATCTT-1,4478,2113,3,1
GAGGTACGCGTGTCCC-1,4446,7049,2,4
GAGTAAACCGGAAAGT-1,7019,5603,2,4
GAGTAAGGCCACGGGA-1,1706,5354,1,0
GAGTACGGGTATACAA-1,3190,2387,3,1
GAGTATACCCTAATCA-1,2539,7326,4,2
GAGTATCAAAGTTACA-1,7227,6140,3,1
GAGTATGCGCGTGCAT-1,4651,6689,3,1
GAGTGTCAACCAGAAA-1,5270,6687,3,4
GAGTGTGCGGTACCCA-1,5521,4980,3,1
GAGTTCTGTGGGTGCT-1,1142,6344,4,2
GAGTTGATGGCAATTT-1,1964,5623,1,0
GATAAATCGGTGGATG-1,3086,2387,3,1
GATAAGGCAGATGCAA-1,2414,1941,4,2
GATAGCGTACCACGCG-1,1074,2126,3,1
GATAGGATTAATTACA-1,7479,4614,2,4
GATAGGTAACGTTGAC-1,4078,5345,3,1
GATAGGTGTCCCGGGC-1,7324,4525,4,2
GATAGTGCGAGTAAGT-1,3260,7143,3,1
GATATCTCATGCAATA-1,3962,2115,3,1
GATATGAGACACTAAC-1,5158,4533,1,0
GATCAACATAAAGGGA-1,2845,6606,3,1
GATCATTCCAAACATT-1,3865,3730,1,0
GATCCCTTTATACTGC-1,4071,3550,3,1
GATCCGAATATAAGTG-1,7375,4255,2,4
GATCCGGGAATTAACA-1,4745,4535,1,0
GATCCTCTTGCGCTTA-1,5250,1661,2,4
GATCGACACTATCTGA-1,3400,3463,0,1
GATCGCGGGCTCTCCA-1,3661,4270,1,0
GATCGCTATATCTCAG-1,2277,6519,3,1
GATCGCTGTGGTGCGT-1,1920,7328,4,2
GATCGGATAGAACCAT-1,1651,4726,3,1
GATCTAACCGTATTCA-1,1294,5715,3,1
GATCTCGACGCTGTGG-1,7070,5513,3,1
GATCTTCATTGTCCTC-1,1437,2753,3,1
GATCTTGGAGGGCATA-1,4592,4984,3,1
GATCTTTGCAGGGTAT-1,2939,4273,0,3
GATGACAAGTAGGGCA-1,2689,6158,3,1
GATGAGGAACCTTCGG-1,5168,7046,4,2
GATGCGAATGGTATTA-1,1491,3381,1,0
GATGCGTCCTGCATTC-1,3919,4358,4,2
GATGCTACCTTCGATG-1,3983,7320,4,2
GATGCTGTATTTCATC-1,4850,4893,1,0
GATGGCGCACACATTA-1,2469,2749,3,1
GATGTCGGTCAACTGC-1,4735,1842,4,2
GATGTGTTGTCACAAG-1,4992,1572,4,2
GATGTTCAATCCACGA-1,3199,4720,3,1
GATGTTTGTGCGAGAT-1,2521,2838,1,0
GATTACTGAATTTGGG-1,2992,4721,3,1
GATTCCGCGTTTCCGT-1,4892,2470,1,0
GATTCGACGGTTCACG-1,4643,4715,1,0
GATTGACACTCTGCTC-1,4218,1485,2,4
GATTGCTCCAGTTGCA-1,2381,6698,2,4
GATTGGGAAAGGTTGT-1,5116,6956,4,2
GCAAACCCTACATTAT-1,5213,5341,3,1
GCAAACCTTGGCCATA-1,4442,6151,2,0
GCAAACGTCGCCAGGT-1,7018,5244,2,4
GCAAATATTACGCTTT-1,3094,4182,0,1
GCAACCACCAGACCGG-1,5717,2287,2,4
GCAACCACGGCCGCGT-1,2477,4903,3,1
GCAACGGCTAGTTATG-1,6810,4886,2,4
GCAAGAATTCCTTGGC-1,2839,4991,0,1
GCAAGTGCACAGAGAA-1,3141,3195,0,2
GCAAGTGTAAAGCATG-1,3311,7053,2,4
GCACAAACCCTAGATG-1,2073,6879,2,4
GCACAAACGAGGCGTG-1,6863,5155,2,4
GCACAACCTCGGGCGT-1,1503,6253,3,1
GCACAAGTGTCGGAAG-1,4271,1934,3,1
GCACACGCCCATGGTC-1,1494,4099,3,1
GCACGCCTACTTAGAT-1,2997,5978,1,0
GCACGTGGTTTACTTA-1,6456,6772,3,1
GCACTCCCACAGTCCC-1,3391,1130,3,1
GCACTGCCTACCTTTA-1,4497,6959,2,4
GCACTGTGCAAATGTA-1,2672,1850,4,2
GCAGAAGGTAATCTCC-1,7277,5512,2,4
GCAGATCCTCGCAAAT-1,1645,3111,1,0
GCAGATTAGGGATATC-1,4126,4358,4,2
GCAGCACACAGCCCAG-1,3146,4451,1,0
GCAGCGGTGGGCATTA-1,2568,1671,0,1
GCAGGAACTTAGATCT-1,1759,5803,1,0
GCAGGACTATAGAATA-1,2887,4183,0,2
GCAGGTAGAGTATGGT-1,5821,2646,2,4
GCAGTGCGGGCGGATG-1,7485,6050,4,2
GCAGTTCGATCCGAGC-1,7072,6051,3,1
GCATACGAGGTCTTTA-1,1702,4457,1,0
GCATAGAGCACTCAGG-1,4023,4358,4,2
GCATCCCTAACTTTGA-1,3138,2477,1,0
GCATGAGGGACGCGGC-1,5619,3724,3,1
GCATGCTAATAACGAT-1,5890,7043,3,1
GCATTCAAGGCAACGC-1,6547,3540,3,1
GCATTCGAAATGAACA-1,1698,3559,3,0
GCATTGACTTGCGGAA-1,1190,5536,4,2
GCATTGTAATTCATAT-1,2064,4725,1,0
GCATTTCCAAGGCTCC-1,6703,3988,2,4
GCCAACCATTTCCGGA-1,6443,3361,3,1
GCCAATAGGGCATCTC-1,6288,3272,2,4
GCCACCCATTCCACTT-1,1020,1498,3,1
GCCACTCCTTACGGTA-1,7124,5961,4,2
GCCAGGAAAGAACACT-1,2797,7414,4,2
GCCAGGAGTAACCGAT-1,5564,2916,4,2
GCCAGGCGTTCGCATG-1,5560,1839,2,4
GCCAGGCTTAGTGGTA-1,1228,1856,2,4
GCCATATTGCACACAG-1,5616,3006,4,2
GCCATCGAGCTGCGTG-1,3409,5796,1,0
GCCATCGATGCTGCAT-1,6651,3899,2,4
GCCATTAGCCTCAAAC-1,1656,5983,3,1
GCCCACCAAGGCTGTC-1,2931,2119,3,1
GCCCAGATGCTGGAGA-1,7220,4345,4,2
GCCCGAGAGTCTAAAT-1,1504,6612,2,4
GCCCGATCTGTGGTCG-1,4235,5793,3,1
GCCCGTAATACCTTCT-1,5051,3457,1,0
GCCCTAGCCGTCGCGA-1,1811,5892,1,0
GCCCTGAGGATGGGCT-1,4807,7137,4,2
GCCGACCCACGACTGC-1,2536,6608,2,4
GCCGATTGGCCAAGCT-1,4127,4717,0,2
GCCGCACTCCGTTTCA-1,7223,4884,4,2
GCCGCTTGTGAGAAAC-1,3042,4272,0,3
GCCGGAAACACATCTT-1,3701,1308,2,4
GCCGGGTTAGGGTCGC-1,4024,4717,4,2
GCCGGTTTGGGCGGAT-1,2515,1223,3,4
GCCGTGGAAGAAATGT-1,6912,4526,2,4
GCCTACGTTCTGTGCA-1,5220,7135,4,2
GCCTATAGTGTCAGGG-1,5670,3634,4,2
GCCTATTTGCTACACA-1,3548,1757,4,2
GCCTCTATACATAGCA-1,4854,5970,1,0
GCCTTCAGCCCTACCG-1,3551,2475,1,0
GCCTTGTATATGCAGT-1,1746,2572,3,1
GCCTTTGTCAGTGGAC-1,1505,6791,4,2
GCGAAGAATCTGACGG-1,5322,6956,3,1
GCGAAGCCATACCCGT-1,4124,3819,0,2
GCGACCCAACCATCTG-1,2689,6338,2,4
GCGACGATAGTTGTAC-1,3769,5346,1,0
GCGAGGCCCGAGCAGA-1,3404,4360,1,0
GCGAGTTCTGCAAAGA-1,4228,4178,4,2
GCGATGTCTGTGCTTG-1,973,2665,3,1
GCGATTCTGGAAGCAG-1,4787,1932,4,2
GCGCAAATATATTCAA-1,2431,6249,3,1
GCGCCGTTCCACGATA-1,4334,4716,0,2
GCGCGATGGGTCAAGT-1,3237,1220,2,4
GCGCGGTCTAGTAACT-1,4085,7140,4,2
GCGCTATGCCGAGGCA-1,3406,4899,0,2
GCGCTCGATCACCTGT-1,7430,5063,3,1
GCGCTGATCCAGACTC-1,5460,2557,4,2
GCGCTGCTTTGCATTT-1,5825,3543,3,1
GCGCTGGCGGAAAGTC-1,1072,1767,2,4
GCGGACCGCGTTGTGG-1,3202,5618,1,0
GCGGAGAAACTTCGCA-1,2688,5979,1,0
GCGGAGAGGGAGAACG-1,5006,5162,3,1
GCGGCTCTGACGTACC-1,2940,4452,1,0
GCGGGCATTACGATGC-1,7115,3807,4,2
GCGGGCGAGCCTTACC-1,3616,5975,3,1
GCGGTAACCCAAATGA-1,2155,1673,2,4
GCGGTGCGGAGCATCG-1,1231,2754,4,2
GCGTCCAGCTCGTGGC-1,2773,1312,3,1
GCGTCGAAATGTCGGT-1,4325,2562,4,2
GCGTCTCTGCATTGGG-1,3095,4541,1,0
GCGTGGTACTGGGTTA-1,5879,4171,4,2
GCGTGTATGTCGTATT-1,4114,1306,3,1
GCGTTCGGAGACCGGG-1,6286,2734,3,1
GCTAAACCTGAGGTGA-1,2161,3109,1,0
GCTAAGTAAAGGCGAT-1,1647,3470,3,1
GCTAATACCGAATGCC-1,3398,2925,0,2
GCTACAATCGAGGATA-1,6352,6593,3,1
GCTACACTGTCCGAAC-1,1999,1225,3,1
GCTACAGTACGGACCG-1,1703,4636,1,0
GCTACGACTTATTGGG-1,4541,4894,1,0
GCTAGCACCTGGGCCA-1,7221,4525,4,2
GCTAGCTTGAATAGCT-1,3254,5707,3,1
GCTAGTAGAGCTTGTA-1,4333,4536,0,2
GCTAGTTTCATTGAGG-1,2881,2568,3,1
GCTATCATACTCATGG-1,5009,5880,3,1
GCTATCGCGGCGCAAC-1,2211,2839,3,1
GCTCAACCTCTTAGAG-1,1437,2573,3,1
GCTCATTACTGCATGT-1,5768,2197,3,1
GCTCCATGAGTGCAGA-1,7434,6140,3,1
GCTCCGCTCGCTTCAG-1,6758,4796,3,1
GCTCCTGACATACTGG-1,2637,6069,1,0
GCTCGGAATTTAAAGC-1,5307,3007,1,0
GCTCTAAACCCTGACG-1,3966,3192,0,2
GCTCTATGTTACGTGC-1,3039,3375,0,2
GCTCTCGGGTACCGAA-1,3967,3371,0,2
GCTGAACTCTCCAGGG-1,7170,4615,4,2
GCTGAGCAACGGTTCT-1,1334,2753,3,1
GCTGAGGCGTGAGTAT-1,4282,4626,0,2
GCTGCACGGTTTCTTA-1,4746,4714,3,1
GCTGCTACTGCGTAGC-1,4853,5611,2,4
GCTGCTCTCCGGACAC-1,4227,3819,4,2
GCTGGGAGCGCGTCAA-1,2694,7594,2,4
GCTGGGTCCGCTGTTA-1,1741,1316,4,2
GCTGGTTTAGGCCATA-1,1710,6431,2,4
GCTTCCAGCTTAGATT-1,1795,1764,3,4
GCTTTCAGAGGAGGTG-1,5878,3992,4,2
GGAAACCTTGTTGAAT-1,6441,2823,3,1
GGAAAGTGCCCATGCC-1,5616,2826,4,2
GGAACCGTGTAAATTG-1,3408,5437,1,0
GGAACGGCCTGCAGCC-1,1749,3290,3,1
GGAACTTTGGCGATTA-1,6661,6412,4,2
GGAAGCTCGCTTACAG-1,5251,2020,2,4
GGAATGCGCTAGCGTG-1,5207,3905,1,0
GGACCAACAGGATAAC-1,4440,5613,3,1
GGACTCGACAGCGCAT-1,3363,7143,4,2
GGACTCGTGAGTGGTC-1,2949,6785,4,2
GGACTCTTCCGGTTGA-1,7331,6140,4,2
GGAGAAGTCATTGGCA-1,3089,3105,4,2
GGAGACATTCACGGGC-1,1226,1497,2,4
GGAGACCATCTACATA-1,1397,5535,1,0
GGAGCGAGGCCTACTT-1,4549,7048,2,4
GGAGGCCGAAGTCGTC-1,6964,4616,3,1
GGAGTACACATGAGCT-1,1075,2305,2,4
GGATACTCATGAATTG-1,3291,1848,0,1
GGATCCCTACCAGCTA-1,1588,1765,3,1
GGATCCGGAATATACT-1,5208,4084,1,0
GGATCTTGACTCAACC-1,1861,5623,1,0
GGATGACGCGAGTTTA-1,3301,4361,1,0
GGATGCTGGCGTTCCT-1,1960,4546,1,0
GGATGGCTTGAAGTAT-1,6045,7132,2,4
GGATGTCCTTACCGCA-1,5672,4172,2,0
GGATTAAGCTAAGGTC-1,5456,1660,2,4
GGATTCAGTACGGTGG-1,2675,2748,1,0
GGATTCCGCTATACCC-1,5151,2738,1,0
GGATTTCACTTCTATA-1,5258,3815,3,1
GGCAAATTACTTTACT-1,3715,4718,4,2
GGCAAGCCCATAGTGG-1,4136,7050,4,2
GGCACTCAGCCGACCC-1,7330,5960,2,4
GGCACTCCACTGGGCA-1,3351,4091,1,0
GGCAGCGGTAATCCTA-1,6129,2286,2,4
GGCATACAGGTAGCGG-1,2629,4094,4,2
GGCATATCGGTTCTGC-1,5253,2558,3,1
GGCCACAAGCGATGGC-1,3237,1400,2,4
GGCCCGGAGCATGTCT-1,7117,4166,3,1
GGCCCTCACCCACTTA-1,2166,4365,0,3
GGCCGAGACTCTGGTG-1,2639,6607,3,1
GGCCGGCGTCTGCTAT-1,5064,6867,4,2
GGCCGTTTGGGTTTCA-1,3308,6335,2,4
GGCCTGCTTCTCCCGA-1,6816,6321,2,4
GGCGAAATCTAACTTG-1,5469,4891,3,1
GGCGAGCGAAACGGCA-1,1346,5625,3,1
GGCGCAGGACATCTTC-1,2372,4365,0,3
GGCGCATGAATTGATG-1,3767,4808,4,2
GGCGCTCCTCATCAAT-1,1952,2571,2,0
GGCGCTTCATTCCCTG-1,4652,7048,4,2
GGCGGAGTAATATTAG-1,3350,3912,0,2
GGCGGGCTCTAAGAGT-1,7536,5780,3,1
GGCGGTTTGCCGGTGC-1,1539,2393,4,2
GGCGTACCCTATATAA-1,3649,1218,3,1
GGCGTAGGGAAAGCTG-1,5218,6776,3,1
GGCGTCCTATCCGCTG-1,2679,3825,4,2
GGCTAAAGGGCGGGTC-1,6079,2735,3,1
GGCTATTAAGTTGTAT-1,3093,4003,0,2
GGCTCCTCCACCTGTT-1,2793,6337,2,4
GGCTCGCGTTGAGGTA-1,5774,3813,4,2
GGCTCGTGCCACCAGC-1,2933,2837,1,1
GGCTCTGCTCCAACGC-1,4689,3368,1,0
GGCTGAAATAGCAAAG-1,5058,5431,1,0
GGCTGAGCATCGTAAG-1,6076,1837,4,2
GGCTGGCTAGCTTAAA-1,2466,2031,3,1
GGCTTTCAATAAGGGT-1,4185,6422,3,1
GGGAACGGGAGGTTAG-1,2889,4542,1,0
GGGAACGGTTTCAGAT-1,2640,6787,2,4
GGGAAGACGGTCTGTC-1,4909,6778,3,1
GGGAAGGGCTTTCTCA-1,5476,6686,2,4
GGGAATGAGCCCTCAC-1,6492,2733,4,2
GGGACAGAGTTACTCC-1,1967,6161,1,0
GGGACTGCATAGATAG-1,4072,3909,3,1
GGGAGAACTCACAGTA-1,4279,3908,4,2
GGGAGCGACCGTAGTG-1,5426,7135,4,2
GGGAGGATGCCCGAAA-1,3610,4360,1,0
GGGAGTTAATGAGGCG-1,4846,3996,1,0
GGGATACGGTAATAAT-1,1335,2933,1,0
GGGATTATCTCACAAC-1,1277,1407,3,1
GGGATTTACCGCACCT-1,5623,4800,3,1
GGGCACTATTGACCAT-1,1143,6523,4,2
GGGCAGACGTCACTGC-1,1190,5356,4,2
GGGCAGAGCAATCGTT-1,4082,6242,1,4
GGGCCCGTCTTAAACA-1,3663,4808,4,2
GGGCCCTACGAAAGGG-1,1805,4457,0,0
GGGCCGGCCGAAGTAC-1,5312,4263,3,1
GGGCGAATTTCTCCAC-1,1334,2574,4,2
GGGCGATATGTGTGAA-1,3968,3551,3,1
GGGCGCAGCGTTACTC-1,7168,4076,4,2
GGGCGGGTTCCCTACG-1,2890,4901,3,1
GGGCGGTCCTATTGTC-1,2416,2300,2,0
GGGCGTACATTTATAT-1,3760,3192,0,1
GGGCGTCCACTGGCTC-1,5305,2468,4,2
GGGCTACTATTTCGTG-1,1294,5535,4,2
GGGCTATGATCGATGG-1,3617,6155,3,1
GGGCTCATCGAACCCA-1,5566,3275,3,1
GGGCTGGTTAGTCGCG-1,3608,3821,1,0
GGGTACACTCTGGAGG-1,1381,1586,3,1
GGGTACCCACGGTCCT-1,2312,2301,2,0
GGGTACTTCATGAACT-1,2991,4362,1,0
GGGTATTCTAGCAAAC-1,1760,5982,1,0
GGGTCAGGAGCTAGAT-1,3826,6872,2,4
GGGTCATGCGTACCAT-1,1696,3021,1,0
GGGTCGTGGCAAGTGT-1,6494,3271,3,1
GGGTCTATCGCTTTCC-1,6817,6680,4,2
GGGTGCATATGAAAGC-1,6754,3719,2,4
GGGTGTTTCAGCTATG-1,4479,2472,3,0
GGGTTAACATTTGAGT-1,3564,5886,3,1
GGGTTCAGACGAACAA-1,1953,2751,3,1
GGTAACCGGGAGGATA-1,2379,6159,3,1
GGTAACTATGTATCTG-1,3240,2117,1,0
GGTACAAACATGCTAT-1,3766,4628,4,2
GGTACATCTGGGACGA-1,1908,4456,0,3
GGTACCATTAAGACGG-1,6392,3631,4,2
GGTAGAAGACCGCCTG-1,4647,5792,2,4
GGTAGACCGTTGGGCG-1,3719,5795,3,0
GGTATAGTGACACATA-1,6858,4078,3,4
GGTATCAAGCATAGAA-1,1535,1316,2,4
GGTATTGCCGAGTTTA-1,3712,4000,1,0
GGTCAGTGGGTCCCAC-1,4181,5345,3,1
GGTCGGATAAACGGCG-1,5978,3094,2,4
GGTCGGCCAGGAGCTT-1,5310,3904,3,1
GGTCTCCAAGTAGTGC-1,7431,5422,2,4
GGTCTCCGTCCAGGTT-1,6198,6683,2,4
GGTCTCTGAATGGACT-1,2739,5709,3,1
GGTCTGAGAATCTGGA-1,5103,3726,1,0
GGTCTTGAGCGCTCTT-1,4342,6870,4,2
GGTCTTGGTGTTAACT-1,1021,1677,2,4
GGTGATTTCATCTTGT-1,2981,1849,3,1
GGTGCATAAATGATTA-1,3414,7053,2,4
GGTGCGGATAAGTGGC-1,3345,2476,1,0
GGTGCTGGTACACATT-1,3354,4809,0,2
GGTGGAGGTTGATACG-1,7274,4973,4,2
GGTGTAAATCGATTGT-1,4343,7229,2,4
GGTTACCACCCTCGGG-1,2684,5081,0,1
GGTTACCCGACACTTT-1,7322,3986,2,4
GGTTAGCTATATGTCT-1,5470,5250,4,2
GGTTAGGCTTGGAGAA-1,2833,3555,4,2
GGTTCGGATTATACTA-1,1341,4548,1,0
GGTTGTATCGTGAAAT-1,3597,1129,2,4
GGTTGTGCTCTTGTCC-1,1491,3201,1,0
GGTTGTGTAGCCTGGC-1,1649,4008,1,0
GGTTTAATTACCATCG-1,3000,6695,4,2
GGTTTAATTGAGCAGG-1,6959,3359,4,2
GGTTTACAATCTCAAT-1,4740,3278,3,1
GGTTTCAATCGGTCAG-1,5672,3993,1,0
GGTTTGAGTGCTGGAA-1,3137,2118,1,0
GGTTTGTGACCTGAGG-1,6404,6503,4,2
GTAACTGCCCAAGGAG-1,3362,6963,2,4
GTAACTTGCGGCAGTC-1,3033,1939,4,2
GTAAGGATTTGTCGGA-1,4477,1933,3,1
GTAAGTAACAGTCTGG-1,5210,4623,3,0
GTAATCTGATTCTTCG-1,3254,5528,1,0
GTACACTTACCTGAAG-1,4280,4267,0,2
GTACAGAGGCAAGGGT-1,5260,4353,3,1
GTACGACGGCGCTGCG-1,2312,2121,3,1
GTACGAGATTGCGACA-1,3914,2923,4,2
GTACGCTTCATTGCAC-1,4696,5163,1,0
GTACGTTTGCCCGTCA-1,4489,4984,1,0
GTACTAAGATTTGGAG-1,3813,3461,3,1
GTACTCCCTTATCGCT-1,2423,4275,0,2
GTACTCCTGGGTATGC-1,6237,3362,3,1
GTACTGAGGTCGTAAC-1,3395,2027,1,0
GTACTGGAGTTAGACC-1,5156,3995,1,0
GTACTTGGGCACTTCT-1,2675,2568,3,1
GTAGACAACCGATGAA-1,3806,1667,3,1
GTAGACACGCCTGACT-1,4444,6690,4,1
GTAGACGTCGTTACAT-1,2983,2208,1,0
GTAGCTAGTAAGCGCG-1,5093,1213,3,1
GTAGCTTCCTCTTGTT-1,5568,3813,1,0
GTAGGTGATCCGTGTA-1,5047,2559,0,1
GTAGTCGCGGGAATCA-1,5162,5431,3,1
GTAGTCTACGATATTG-1,4960,6688,4,2
GTATAATCTCCCGGAT-1,1590,2303,4,2
GTATATGTTACGGCGG-1,2000,1584,3,1
GTATCAGCTTGGGTTC-1,2727,2837,1,0
GTATCCTTTGGTAACC-1,5734,6774,4,2
GTATCGGGACGAGCTG-1,1742,1495,3,1
GTATCTCAGTCTTGAC-1,2122,6250,3,1
GTATCTCCCTAACTGT-1,4061,1037,3,1
GTATCTCGGGCGCTTT-1,1972,7417,4,2
GTATCTTGTTGCTCAC-1,3752,1039,2,4
GTATCTTTCATAACCA-1,4387,5164,3,1
GTATGAAATTTCACTC-1,2120,5712,1,0
GTATGACGTGGGAAAC-1,2465,1672,0,1
GTATGTGGGTCTAGTT-1,5725,4441,1,0
GTATTAAGGCGTCTAA-1,2315,2839,3,1
GTATTCTTACCGTGCT-1,2052,1673,3,1
GTATTTAATGGCATAA-1,7174,5692,2,4
GTCAAAGAAGTGGTGT-1,1915,6072,1,0
GTCAAAGTTTACATAG-1,2467,2210,1,0
GTCAACCAGGCCTATA-1,6302,6862,2,4
GTCACAAAGTTTCCAA-1,4116,1845,3,1
GTCAGACAGCGTTGGA-1,1176,1767,2,4
GTCAGTTGTGCTCGTT-1,4632,1843,4,2
GTCAGTTTGGTAGTCG-1,1647,3649,0,0
GTCATGCACCTCCGTT-1,4123,3640,0,2
GTCATGCGCGAGGGCT-1,6044,6773,2,4
GTCATGGACATGACTA-1,4173,3370,4,2
GTCATTAGAGCGAACG-1,4435,4356,0,2
GTCCGGCTGAATTGCG-1,3658,3552,1,0
GTCCGGGTTCACATTA-1,4653,7227,4,2
GTCCTACAGGCGGCTC-1,1798,2662,2,0
GTCCTTCTACAACCCA-1,1284,3023,1,0
GTCCTTCTAGTGGGTT-1,5199,1930,2,4
GTCGATAGGTGACTTT-1,7226,5781,2,4
GTCGCCGTTGTGTGTT-1,3204,6156,3,1
GTCGCGTAACCCGTTG-1,4849,4534,0,1
GTCGGATATCTCAGAC-1,2835,3914,0,2
GTCGGATGTAGCGCGC-1,4944,2559,2,0
GTCGGGAAGCAGAAAC-1,4340,6331,3,1
GTCGTACCATCTCGGG-1,4181,5165,1,0
GTCGTATTGGCGTACA-1,5873,2735,4,4
GTCGTCAATTATAAGG-1,3291,2028,3,1
GTCGTGTCTGGTCATC-1,6650,3540,4,2
GTCGTTATTCGCTTAT-1,4903,5162,3,1
GTCTACTCAATTACAA-1,1650,4367,1,0
GTCTAGTGAGCCGCTT-1,5735,6954,4,2
GTCTATCTGAGTTTCT-1,3147,4631,1,0
GTCTATTGCATGCTCG-1,6405,6862,4,2
GTCTCCTGCCAGTATG-1,1658,6342,3,1
GTCTCGACTAAGTTTG-1,6700,3271,2,4
GTCTCGATCTGCTTTC-1,5100,2828,1,0
GTCTCGCCAACACGCC-1,4680,1035,4,2
GTCTTAGTACAGCCGG-1,4994,2111,4,2
GTCTTGAGGAGCAGTG-1,6963,4436,2,4
GTCTTGTAGCTATTCA-1,6759,4975,4,2
GTGAAACGGCGCCACC-1,5514,3185,3,1
GTGAACTCCCATTCGA-1,6341,3721,2,4
GTGAAGATTTCAAGTG-1,6286,2913,3,1
GTGAAGCCGTATAGTC-1,6493,2912,3,4
GTGAAGTCACGACTCG-1,1345,5446,1,0
GTGACAGCTTCCCACT-1,4806,6778,3,1
GTGACCGCACACTACG-1,5674,4531,1,0
GTGACGAGGGTGACCC-1,6858,3898,3,1
GTGACGCAGGTTTCAT-1,4858,6868,3,1
GTGAGGAGCGGTTGAG-1,5458,2198,3,1
GTGAGTCTAAGACGGA-1,1543,3291,1,0
GTGAGTGGTACAACGC-1,3873,5705,1,0
GTGATCAAGCGTGCAC-1,2382,6877,4,2
GTGATCATAGATCTGC-1,3922,5076,0,2
GTGATCCTTGTCATGA-1,5321,6597,2,4
GTGATGCACAACATCT-1,5922,2107,4,2
GTGCAACAAATGTGGC-1,4169,2293,1,0
GTGCACCAGCTTCAAC-1,3775,6962,2,4
GTGCACGAAAGTGACT-1,4634,2561,3,1
GTGCAGCGTAGAGTAG-1,7380,5691,2,4
GTGCCATCACACGGTG-1,2735,4812,3,1
GTGCCCGTTCGGATTC-1,5364,4532,3,1
GTGCCGCTTCAAAGGT-1,3251,4989,0,2
GTGCCTCAGTGTACGG-1,5767,2018,2,4
GTGCCTGAGACCAAAC-1,5581,7224,4,2
GTGCGCAGCTTGCTCC-1,2670,1491,3,1
GTGCGCTTACAAATGA-1,3339,1040,2,4
GTGCGGGTCTCCAAAT-1,3862,2833,0,1
GTGCGTGTATATGAGC-1,5262,4712,3,1
GTGCTCAAGTACTGTC-1,3661,4090,1,0
GTGCTTACATCAGCGC-1,6966,5154,2,4
GTGGAACCTACATGCG-1,5150,2379,3,1
GTGGACCAACCCGATT-1,2478,5082,3,1
GTGGACGCATTTGTCC-1,4287,6062,2,4
GTGGACGTGCTGAGAC-1,2984,2567,1,0
GTGGAGCATGTCGGCC-1,7427,4345,2,4
GTGGAGCGTTTACCGA-1,1812,6251,3,1
GTGGAGTCGGCGGTTG-1,2946,5888,1,0
GTGGCGGGCCGTAGCT-1,4526,1125,2,4
GTGGCGGTCCCAGCGT-1,2012,4635,1,0
GTGGGCTTAGACACAC-1,2988,3644,4,2
GTGGGTCTTCTTTGCG-1,1896,1225,3,1
GTGGTATAGTCTGCCG-1,3101,6157,3,1
GTGGTCAGCGAAGTAT-1,5714,1749,2,4
GTGGTGATGGTTTGTG-1,7484,5870,4,2
GTGGTGGCCAAGTGAA-1,5057,5072,3,1
GTGGTTTCCGCCTTTC-1,2632,4812,1,1
GTGTACCTTGGCTACG-1,4999,3367,1,0
GTGTACGAACCGTTCC-1,7532,4883,3,1
GTGTCAGTGTACGTGG-1,3157,7144,4,2
GTGTCGTATAGCGTTC-1,4905,5880,2,4
GTGTGAATAACTTAGG-1,5259,3994,3,1
GTGTGTCGACGTCGCT-1,1127,2395,3,1
GTTAAAGTAGGACTGG-1,5265,5430,3,1
GTTAACATCACTTAAA-1,4751,5971,2,4
GTTAACTATGTTGTCA-1,6707,4886,2,4
GTTAAGGGTGCGATGT-1,4650,6509,2,4
GTTACAATTGGTGACG-1,2682,4363,0,3
GTTACGAAATCCACGC-1,2670,1312,2,4
GTTACGGCCCGACTGC-1,2979,1311,3,1
GTTACTTTGGGCCTAG-1,3612,4898,4,2
GTTAGAGTGTGCCGCT-1,4837,1662,2,4
GTTAGCCCATGACATC-1,4858,7047,4,2
GTTAGCCGTAAATCAA-1,6651,3719,3,1
GTTAGGCTACCCGTTT-1,1708,5893,1,0
GTTATATTATCTCCCT-1,3872,5346,1,0
GTTCAATCTATGTCAA-1,5300,1391,3,1
GTTCACAGGAGTCTAG-1,2731,3914,4,2
GTTCCAAGACAGCGAC-1,2309,1403,2,4
GTTCCCGTAAACATAT-1,7125,6320,3,4
GTTCGACAATTGTATA-1,2383,7236,2,4
GTTCGCCATAAGTGCC-1,3713,4359,1,0
GTTCGCTGAGACGTCT-1,6607,5784,2,4
GTTCGGTGTGGATTTA-1,1123,1498,2,4
GTTCTTCCCTCGATGT-1,3602,2385,1,0
GTTGAACCGGTTCCAT-1,3044,4811,3,1
GTTGAGTCCCGCCGGT-1,5008,5700,3,1
GTTGCACGGAGTTTCG-1,3451,3194,0,2
GTTGCGCTAACATTAC-1,7119,4705,4,2
GTTGGATTCAGTGGCT-1,5924,2466,3,1
GTTGGATTTGCGTTGG-1,3558,4270,1,0
GTTGGTCATGCTATCC-1,4235,5973,3,1
GTTGTCGTGTTAGTTG-1,3396,2386,1,0
GTTTATGGGATTTAGA-1,1387,3022,1,0
GTTTCAAACGAGTTGT-1,6610,6502,4,2
GTTTCATATCGTCGCT-1,2373,4544,0,3
GTTTCCTGGAGGGTGA-1,3503,3283,0,2
GTTTCTAGAGGCGCGG-1,5788,7223,4,2
GTTTCTGCAGTCTCCC-1,4694,4625,1,0
GTTTGACCAAATCCTA-1,3969,3730,3,1
GTTTGAGCGGTTATGT-1,3133,1041,2,4
GTTTGGCCCAAGTTAT-1,5108,4802,1,0
GTTTGGCCGCTCAGCG-1,2621,2120,1,0
GTTTGGGCTTGTGAGC-1,4337,5613,3,1
GTTTGGGTTTCGCCCG-1,5682,6685,4,2
GTTTGGTAGGGTCAAC-1,4028,5794,3,1
TAAACCCAGGAGGGCA-1,2842,5888,1,0
TAAACGTCGTCAATGA-1,1592,2662,1,0
TAAAGACAACCCTTTA-1,7067,4615,4,1
TAAAGCGGTATTTCCA-1,3516,6693,3,1
TAAAGCGTTAGGAGAA-1,5515,3544,1,0
TAAAGCTGCAATAGGG-1,5976,2555,4,2
TAACAATATTTGTTGC-1,1802,3559,1,0
TAACAGCGTTTGTGCT-1,2897,6696,4,2
TAACATACACGCGATC-1,2275,5980,1,0
TAACCTAGGGAGTCCA-1,6455,6413,3,1
TAACTATTACGCCAAA-1,6496,3630,3,1
TAACTCATCCGCGCGG-1,3509,4899,4,2
TAACTCCATGGAGGCT-1,2366,2749,3,1
TAAGAGGGACAGGGAC-1,1969,6700,4,2
TAAGATTTAGCGGGAG-1,2825,1401,3,1
TAAGCAGGCGACACGC-1,1959,4187,4,2
TAAGCGCGAATCAAAT-1,2279,6878,2,4
TAAGGAACTTGTGGGA-1,3035,2477,3,1
TAAGGCAACATAAGAT-1,4637,3279,1,0
TAAGGCATAACATCAA-1,3514,6155,3,1
TAAGGCCCGTCACCCT-1,4599,6599,3,1
TAAGTGAATAGTCTAC-1,2230,7506,4,2
TAATACACAGTAGTAT-1,4275,2831,1,0
TAATACTAGAACAGAC-1,4962,7226,4,2
TAATAGGTCACCAGAA-1,2071,6520,2,4
TAATCAACCAAATGGG-1,7432,5601,2,4
TAATCGATCCGTACGT-1,5772,3274,3,1
TAATGAAAGACCCTTG-1,1852,3290,3,1
TAATTACGTCAGTAGA-1,6249,6593,3,1
TAATTAGATGGATATG-1,2620,1940,4,2
TAATTGGAATCGGGAA-1,6388,2554,2,4
TACAACGCACAACTCA-1,3508,4719,0,1
TACAAGCTGTTCACTG-1,3700,1128,3,1
TACAAGGGCTTCTTTA-1,5839,7133,4,2
TACAATGAAACCAGCA-1,3288,1130,3,4
TACATAGGCATACACC-1,4075,4627,4,2
TACATGACCTTATCCG-1,1233,3113,1,0
TACATGCCGGAATTGT-1,7278,5871,2,4
TACATTTCTAACGTGC-1,3817,4538,0,2
TACCAAATAGCCCAGA-1,4134,6332,3,1
TACCAGAAGTAGGTTC-1,3614,5437,1,0
TACCAGCTAGGTTTAA-1,4323,2023,1,0
TACCAGGAATCCCGTC-1,2847,7145,2,4
TACCATGTATTGATTT-1,7379,5332,2,4
TACCGAATAATTGTAA-1,5787,7043,4,2
TACCGGTCGTTTCCAT-1,2736,4991,0,1
TACCGTAGGTTAACTA-1,3927,6333,3,1
TACCTACTCCCAGTAT-1,4185,6242,2,4
TACCTCACGCTTGTAC-1,3860,2474,1,0
TACCTCAGTTGTCTGT-1,3567,6424,2,4
TACCTCCACACCAATG-1,2485,6877,2,4
TACGAACACGACTTCA-1,3711,3821,1,0
TACGAGAACTTCACGT-1,2990,4183,0,2
TACGATGTTGATCATC-1,2784,4183,0,3
TACGCAGTTCTTTCCT-1,3611,4719,4,2
TACGCCATATTCTAAT-1,3972,4627,4,2
TACGCCGAGGGTACCC-1,2740,6068,3,0
TACGCCGCCTCAGAAG-1,7533,5062,0,1
TACGCTGCTGTGTTAA-1,2228,7147,4,2
TACGGAAGCCAAACCA-1,4756,7227,4,2
TACGGCATGGACGCTA-1,6920,6680,4,2
TACGGGATGCTAGCAG-1,5255,2917,1,0
TACGTAAAGCGGAGTG-1,6301,6682,2,4
TACGTACTAGTGCTGA-1,3155,6605,2,4
TACGTGCACTATGCTG-1,2676,2927,3,1
TACGTTTACCGGCAAT-1,2631,4633,1,0
TACTCCTCTAGTTGAC-1,2846,6786,4,2
TACTCGGCACGCCGGG-1,1804,4277,1,3
TACTCTCCGAACAAAT-1,5152,2918,1,0
TACTCTTACTTTACTG-1,6712,6322,2,4
TACTGAACAGATTTAG-1,3256,6066,3,1
TACTGAGGGAAGAAAG-1,1297,6433,4,2
TACTGCAATCAATTAC-1,6235,3003,2,4
TACTGGACAGCTCGGC-1,2268,4185,4,2
TACTGTTTCTCTGGTA-1,7121,5243,2,4
TAGAAACACAATAGTG-1,972,2485,2,4
TAGAAACCACTAAGTA-1,5043,1482,3,1
TAGAAAGGTGGCGCTA-1,5155,3815,1,0
TAGAAATTCACGTATA-1,1495,4278,3,1
TAGAACGCCAGTAACG-1,1329,1497,3,1
TAGAATAGCCGATGAA-1,6146,6593,3,1
TAGACGAAACGCCAAT-1,4754,6689,3,1
TAGACGCCCGTACCGG-1,5620,3903,1,0
TAGAGATCATGCAACT-1,2323,4993,3,1
TAGAGTCTAAGCGAAC-1,3813,3641,1,0
TAGATATGGACTGGAA-1,3717,5436,1,0
TAGATCCGAAGTCGCA-1,4684,1932,4,2
TAGCAACCTGTCACAA-1,2315,3019,1,0
TAGCAGTATGACTAAA-1,6044,6953,2,4
TAGCCAGAGGGTCCGG-1,1433,1676,2,4
TAGCCATTTCAAAGTC-1,5572,4890,3,1
TAGCGTCCGGTGTGGT-1,4957,5790,1,0
TAGCTAAGTCCGGGAG-1,3917,3640,1,0
TAGCTAGTGATGATGG-1,3463,6424,2,4
TAGCTGATGTGAAGCG-1,1497,4817,0,1
TAGGAACAGCCTCCAG-1,5455,1481,4,2
TAGGCATGTTACGCCA-1,5359,3096,1,0
TAGGCGATGAGGTCTC-1,1553,5983,3,1
TAGGCGGCTGCAAAGA-1,1660,6880,4,2
TAGGCTAAAGTGGCAC-1,6096,6863,2,4
TAGGGTGTTTCAAGAG-1,3759,3013,4,2
TAGGTGTTCCACAGAT-1,4082,6422,3,1
TAGGTTCGAGTTCGTC-1,4435,4177,0,1
TAGTACCACAACTTTC-1,1659,6701,2,4
TAGTAGCTTATACCAG-1,3206,6515,2,4
TAGTCCCGGAGACCAC-1,3466,6963,2,4
TAGTCCGCAGAGAATG-1,3714,4539,0,1
TAGTCCGTATGCATAA-1,1642,2393,3,1
TAGTCCTGCACTAAGC-1,2280,7237,2,4
TAGTCGGGATTCTTCG-1,1177,2126,2,4
TAGTCTAACAACGAGA-1,2734,4632,1,0
TAGTCTGCGGCACATT-1,2849,7504,4,2
TAGTCTGTGACGTTGC-1,6287,3093,3,1
TAGTCTTTCCGAATTG-1,6967,5513,3,1
TAGTGAGAAGTGGTTG-1,3082,1310,3,1
TAGTGCCCTCCAGAGT-1,3660,3911,1,0
TAGTGCTTGAATCCTT-1,1176,1946,2,4
TAGTGGAACTCATACA-1,5248,1302,4,2
TATACACGCAAAGTAT-1,2830,2658,1,0
TATACCGAGTGCCACA-1,7173,5512,2,4
TATACTCATGCGGCAA-1,1902,2841,1,0
TATAGGGTACTCATGA-1,2011,4276,0,2
TATATAGGGCTTTACG-1,2691,6697,2,4
TATATATCGAGAAATG-1,2432,6428,3,4
TATATCAAAGTGATCT-1,2900,7414,4,2
TATATGCTGGGTTGCC-1,1336,3112,1,0
TATATTACAAATGTCG-1,6491,2553,4,2
TATATTCGCGTCGATA-1,4167,1755,3,1
TATCACAGCACGGGCA-1,4269,1395,3,1
TATCACCATGTAAAGT-1,5870,1838,2,4
TATCACCCAACCGACC-1,6133,3183,2,4
TATCACTTCGAGTAAC-1,6079,2555,3,1
TATCAGTGGCGTAGTC-1,1398,5894,3,1
TATCCAATTGGTTATC-1,5061,5969,4,2
TATCCATCTCGGTTAG-1,1865,6520,2,4
TATCCGCACCGTCGGG-1,3721,6334,2,4
TATCCTATCAACTGGT-1,4034,7230,4,2
TATCCTGCATGGGAAT-1,3757,2295,3,1
TATCGATCTATGCATA-1,5513,3006,3,1
TATCGATGATTAAACG-1,3502,3104,0,2
TATCTACCACAGCGGG-1,4076,4807,0,2
TATCTAGCCTAAAGGA-1,1597,4098,1,0
TATCTTGCAATACAAC-1,1812,6072,1,0
TATGAAGAATTAAGGT-1,6096,7042,2,4
TATGATAAATCTAACG-1,5198,1571,2,4
TATGATCCGGCACGCC-1,6752,3360,2,4
TATGATTCTGCTTGGT-1,2773,1491,2,4
TATGCTCCCTACTTAC-1,4122,3281,4,2
TATGGAGTTTCTCGTT-1,2619,1581,2,4
TATGGATGTGCTACGC-1,3761,3372,1,0
TATGGGACCGAGCAGG-1,3868,4269,0,2
TATGGGTACGTATCGT-1,3969,3910,3,1
TATGGTCTGAGTAACA-1,3971,4268,0,2
TATGTAAAGTGCTTAA-1,3259,6964,0,1
TATGTAGAAACCCGGC-1,1349,6522,2,4
TATGTCTCATTGTGCC-1,5206,3725,3,1
TATTAACACCAAAGCA-1,1501,5894,3,1
TATTAACCTGACCGCG-1,3308,6156,3,1
TATTATGTTTGCCTGC-1,1863,6161,1,0
TATTCAATTCTAATCC-1,4795,4086,1,0
TATTCCACTCAGCTCG-1,3924,5435,3,0
TATTCGTGCCAGAATA-1,4279,4088,4,2
TATTGACATTTCTGCC-1,7013,4167,3,4
TATTTATACCGAGTAG-1,4995,2470,1,0
TATTTGATTTGCACAG-1,7072,5872,4,2
TATTTGTTACCCTTTA-1,3348,3194,0,2
TCAAACAACCGCGTCG-1,4070,3191,4,2
TCAAAGAGCTATCTGT-1,1242,5446,3,1
TCAAAGTCACGGCGTC-1,2229,7327,4,2
TCAAATTGTTGTGCCG-1,5014,7136,4,2
TCAACAAAGATAATTC-1,2481,5800,3,1
TCAACACATTGGGTAA-1,2776,2030,3,1
TCAACCATGTTCGGGC-1,3606,3283,0,1
TCAACGAGGAGACAAA-1,3870,4807,4,2
TCAACGCGACCGGCAG-1,2167,4545,1,3
TCACAGCAAACTCGAA-1,3512,5616,3,1
TCACAGGAGAATAAGA-1,3513,5975,3,1
TCACAGGTTATTGGGC-1,3454,3912,1,0
TCACCGCTCGGCACTC-1,5722,3723,4,2
TCACGATGTCCGTGGA-1,2429,5711,1,0
TCACGGTCATCGCACA-1,3296,3104,0,2
TCACGTGCCCGATTCA-1,4178,4447,4,2
TCACTACGACCAATGC-1,5871,2197,3,1
TCACTATCGTGCAATC-1,2722,1402,3,1
TCACTCAGCGCATTAG-1,3236,1041,2,4
TCACTCTTCGTCTGTC-1,1385,2663,3,1
TCAGAACCTCCACAGG-1,6444,3720,2,4
TCAGACGCTATAGAAG-1,4697,5343,3,1
TCAGCAAATGCATCTC-1,4743,3817,1,0
TCAGCAGTAGGCCCTG-1,3103,6516,3,1
TCAGCCAATCCGTAAA-1,6404,6682,2,4
TCAGGGCGACTTCCTT-1,1181,3203,1,0
TCAGGGCGCAAACTCG-1,1800,3021,1,0
TCAGGGTGTAACGTAA-1,4690,3548,1,0
TCAGGTTCTTTGAGAA-1,3143,3733,0,2
TCAGTTACGGAATGAT-1,4836,1303,2,4
TCATACTTACAGATCC-1,2212,3019,1,0
TCATATGAGCTTTGTT-1,4187,6781,2,4
TCATCCCAGAGGGTGG-1,4581,2112,3,1
TCATCCTCAGCTGCTT-1,5632,7134,4,1
TCATCGATGGTCCCAA-1,2482,6159,3,1
TCATGCAGGTTCTCAT-1,5305,2648,3,1
TCATTTAGAAGTGTGA-1,6659,5873,2,4
TCCAACTCAGCTATCT-1,5684,7044,3,1
TCCAACTTTAAATTCT-1,3044,4631,1,0
TCCAAGCCTAGACACA-1,5065,7046,4,2
TCCACAATGGTTTACG-1,2834,3734,4,2
TCCACATCGTATATTG-1,4447,7228,2,4
TCCACCTCTAGCCTTT-1,3722,6513,3,1
TCCACTTTATCTAGGT-1,5052,3816,1,0
TCCAGATGTACGCCAA-1,6855,3180,3,1
TCCAGCGCTATAAGCG-1,6968,5693,2,4
TCCAGGCGAGTACGGT-1,3917,3820,1,0
TCCATCAATACTAATC-1,1711,6790,4,2
TCCCAAACAGACAACG-1,6648,3002,2,4
TCCCAAAGACGAAGGA-1,4070,3371,0,2
TCCCAAAGCCCTAAAT-1,7015,4526,3,1
TCCCACGGAGGGAGCT-1,4835,1124,4,2
TCCCAGCACACGACAT-1,7382,6050,4,1
TCCCAGCTTTAGTCTG-1,3867,4089,0,1
TCCCAGGCTTAGCTAA-1,3453,3732,0,0
TCCCGGGTGTGCTGCT-1,2732,4094,4,2
TCCCGTCAGTCCCGCA-1,4843,3098,1,0
TCCCGTCGCGTCATAG-1,6908,3629,3,1
TCCCGTGTGCAATTTG-1,5108,4982,3,1
TCCCTAGATCAATAGG-1,6856,3539,4,2
TCCCTCCGAAATCGTT-1,2308,1224,2,4
TCCCTGGCGTATTAAC-1,1915,6251,3,1
TCCCTTAGATTACTCG-1,5409,2647,4,2
TCCGAATGGTCCTGAG-1,6806,3809,2,4
TCCGACCGCTAATCAA-1,2848,7324,4,2
TCCGATAATTGCCATA-1,4274,2652,3,1
TCCGATGACTGAGCTC-1,4894,3008,3,1
TCCGATGGTGCGACAT-1,3709,3282,1,0
TCCGATTACATTGCCG-1,2628,3915,4,2
TCCGCAGCCACCTAGC-1,1332,2215,2,4
TCCGCCTGTCTACAAG-1,4803,6060,3,1
TCCGCGGCAGCATCTG-1,5311,4084,3,1
TCCGCTGTCATCCCGG-1,5161,5251,2,0
TCCGCTTATCCCATTA-1,4285,5524,1,0
TCCGGGCTTGACGGGA-1,5941,6953,2,4
TCCGTAACCACAATCC-1,1799,2841,3,1
TCCGTTTAGCCTTGAA-1,5567,3634,3,1
TCCTAAAGATTCAGAC-1,5323,7135,4,1
TCCTAAATTGGGAAGC-1,4597,6061,2,4
TCCTAACCGTCGGGCA-1,3361,6604,2,4
TCCTACATCCACGGCC-1,5315,5161,3,1
TCCTAGCAAAGAAGCT-1,3096,4721,3,1
TCCTATCATAGGTAAC-1,7172,5153,2,4
TCCTCTGGCCCATTAG-1,5509,1929,4,1
TCCTGCCAACTGGAGA-1,5613,2108,4,2
TCCTGCGTTGATACTC-1,2527,4454,0,3
TCCTTCAGTGGTCGAA-1,4531,2382,3,1
TCCTTGTCCTTTAATT-1,4550,7228,4,2
TCCTTTCTTACGCTTA-1,4175,3729,0,1
TCGAAATTTAGGACCA-1,3298,3643,0,2
TCGACAACTGAACCCG-1,1760,6162,3,1
TCGACATAGCGTAGCG-1,2539,7505,2,4
TCGAGACCAACACCGT-1,3816,4359,1,0
TCGAGCCAGGCAGGCC-1,2895,6157,3,1
TCGAGGGCAACAGACG-1,7124,6141,2,4
TCGAGTCTACGATTCG-1,1089,6075,2,4
TCGATAGGCTAGTCGC-1,3445,1758,4,2
TCGCAAAGATGCATTT-1,4851,5252,3,1
TCGCACCAGGAGGCAG-1,5110,5520,3,1
TCGCACTAACGTTTGT-1,971,2306,4,2
TCGCATAAAGGGCGCA-1,6714,6681,4,2
TCGCATCCCTAAGTGT-1,2571,2389,3,0
TCGCATTCAATGACTT-1,2878,1850,3,1
TCGCCGACATATTCGC-1,5425,6955,2,4
TCGCCGCACCGCGTGA-1,1292,5177,1,0
TCGCCGGAGAGTCTTA-1,1225,1318,3,1
TCGCTAAACCGCTATC-1,5564,2737,4,2
TCGCTACTGGCTTTGA-1,4755,6868,4,2
TCGCTCGATATATTCC-1,4226,3639,4,2
TCGCTCGGCACCAGCG-1,6545,3181,2,4
TCGCTGGGCGGATTGT-1,4793,3547,0,1
TCGCTGTGCGTAAATC-1,3087,2567,1,0
TCGCTTTAAACGTTTG-1,5463,3275,3,1
TCGGAATGACCATCAA-1,4888,1572,3,1
TCGGAGAGTATCGGGA-1,2169,5083,3,1
TCGGAGTACATGAGTA-1,4795,3906,1,0
TCGGCGTACTGCACAA-1,1654,5444,3,1
TCGGCTAACTTCCCTT-1,4939,1303,2,4
TCGGGAACGTGCCTAG-1,6599,3809,2,4
TCGGGATTCAAACATA-1,1754,4546,1,0
TCGGGCACTTCTGGAT-1,3340,1220,2,4
TCGGTCCCGACAATAG-1,2173,6160,1,0
TCGGTCCCTGACTCCA-1,5612,1929,2,4
TCGTAAGCTCCGAGGA-1,6439,2464,4,2
TCGTACCGACGTCAAG-1,3879,7141,4,2
TCGTATAGTGCAATTA-1,3859,2115,2,0
TCGTATTACCCATTGC-1,2269,4365,0,3
TCGTATTTCGTCCGGA-1,5146,1482,4,2
TCGTCAAGTACGCGCA-1,2946,6067,1,0
TCGTGTATTGGTCACG-1,7020,5782,4,2
TCGTGTCACGCTGACA-1,2168,4904,4,2
TCGTTAGGAGTCCCTA-1,3770,5705,1,0
TCGTTCGTTATTATGT-1,4168,1934,2,0
TCGTTGCTATCCGGTC-1,3358,5886,1,0
TCTAAAGAACAGTCTC-1,1501,5714,1,0
TCTAATACTGCCTCAG-1,2276,6160,1,0
TCTAGCAATCTCCGCC-1,2530,5172,0,1
TCTAGCATCTTCGATG-1,3192,3105,0,2
TCTAGTTATCAGAAGA-1,3764,4090,0,1
TCTATAGGTGGGTAAT-1,6611,6861,4,2
TCTATCATGCAGTTAC-1,3036,2657,1,0
TCTATGCTATAACGAC-1,5837,6774,3,1
TCTATTACGCTGGCGA-1,2725,2299,3,1
TCTATTACTAGAGGAT-1,1755,4726,1,0
TCTCCCTGGGCAGCGT-1,5112,5879,3,1
TCTCGAACGAGGTCAC-1,5819,2107,4,2
TCTCGACGTATCGCCG-1,6811,5065,4,2
TCTCGAGGAGGTTCGC-1,6762,5693,4,2
TCTCGGCTCCAGGACT-1,2157,2211,3,1
TCTCGTGTTACGAGGA-1,1240,5087,3,1
TCTCTAATAGCTGGTA-1,3656,2834,4,2
TCTCTCGCCGCACATA-1,6917,5962,2,4
TCTGAATTCCGTACAA-1,5827,4082,4,2
TCTGACTGTAATGGTT-1,1691,1585,2,4
TCTGAGCAATTGACTG-1,6762,5873,2,4
TCTGATCGGGTGCTAG-1,7065,4077,4,2
TCTGATGTATTCTGTC-1,5265,5610,4,2
TCTGATTGGAAATGGA-1,7323,4166,2,4
TCTGCCAGAAACTGCA-1,5056,4713,1,0
TCTGCGTCCGGTTTCT-1,2158,2391,2,0
TCTGCTTAGAACAAGC-1,7483,5511,2,4
TCTGGAGCGTAAGAGT-1,7479,4434,2,4
TCTGGCCGTTCAAGTT-1,7272,4255,4,1
TCTGGGTAGCGCTCAT-1,2837,4632,1,0
TCTGTGACTGACCGTT-1,2154,1314,2,4
TCTGTGCCATCATAGT-1,5104,3905,1,0
TCTGTGGCTACATTTC-1,3392,1309,3,1
TCTGTTACCCAGCATA-1,2790,5619,1,0
TCTTAACTCGGATGTA-1,1075,2485,3,1
TCTTACAGAGGTACCG-1,3293,2386,1,0
TCTTACCGGAACTCGT-1,5667,2916,4,2
TCTTATGGGTAGTACC-1,3649,1039,3,1
TCTTCGCGGTGAGAGG-1,6971,6411,2,4
TCTTGCTCCCGATACT-1,4445,6869,4,2
TCTTTAGAGTCTAACA-1,6864,5514,2,4
TCTTTAGCAGGCGAAC-1,6961,4077,3,1
TCTTTCCTTCGAGATA-1,7176,6230,3,1
TCTTTCGGCGGGACAC-1,1174,1408,2,4
TCTTTCTCTTAAGGAG-1,5044,1662,2,4
TGAAACTTATGCAAGC-1,4736,2022,4,2
TGAAAGGACCTGACTC-1,5260,4174,3,1
TGAACACCCGAAGCAG-1,1792,1226,4,2
TGAAGAGCGGTCCTAG-1,1541,2752,1,0
TGAATACCGACGCGTA-1,5219,6956,3,1
TGAATGAGTGTTTCCC-1,3569,6962,2,4
TGACAACGCATGTCGC-1,7376,4614,3,1
TGACAGGACAAGTCCA-1,1450,5984,4,2
TGACATGTAACGTGAC-1,4240,7229,4,2
TGACCAAATCTTAAAC-1,4188,6960,4,2
TGACCCACGTTAGACA-1,3402,4001,1,0
TGACGAATATTTCCCT-1,2117,4994,3,1
TGACGATGCACTAGAA-1,5879,4351,4,2
TGACTCCGAATCATAC-1,1814,6610,2,4
TGAGAGATTTACCACG-1,5675,4711,3,1
TGAGATTAGGCCCTAA-1,5820,2466,2,4
TGAGCAGTCGTGAAGT-1,2980,1490,4,2
TGAGCCATACAGTCTC-1,2941,4811,3,1
TGAGCGGAAAGTGTTC-1,4338,5972,2,4
TGAGCTCAACTGTATA-1,7383,6229,4,2
TGAGCTTTAATGACGC-1,5357,2737,3,1
TGAGGAGTGCCAGCTT-1,3978,6243,2,4
TGAGGTTGATCCCAAG-1,2875,1132,2,4
TGATACATTTAGCCGT-1,3204,5977,1,0
TGATAGCGGGATTCTA-1,1595,3560,3,1
TGATCAGGGAACTGCT-1,2219,4814,1,0
TGATCCCAGCATTAGT-1,6495,3451,2,4
TGATCGGTTTGACCCT-1,3762,3551,0,0
TGATCTCCGGCGCCAG-1,3555,3552,1,0
TGATGGCTGTTTCTGA-1,6857,3719,2,4
TGATGGGACTAAGTCA-1,1432,1496,2,4
TGATTCAGGTCCCGCG-1,1396,5356,1,0
TGATTCGTCTATCACT-1,3092,3823,0,2
TGATTTATTAGCTGTG-1,2734,4453,0,0
TGCAACTACTGGTTGA-1,5684,7223,4,2
TGCAAGAATGACGTAA-1,4072,3730,0,1
TGCAATCTAACACGGT-1,5630,6595,2,4
TGCAATTTGGGCACGG-1,6335,2285,3,1
TGCACAGTGAAGTTAT-1,6128,2106,2,4
TGCACTATGTGAGTGC-1,1643,2572,3,1
TGCAGAACTATATCGT-1,2116,4814,1,0
TGCAGAGTACCGAGCA-1,3352,4450,1,0
TGCAGATCGTCCTAGG-1,1910,4815,3,1
TGCAGCTACGTACTTC-1,1807,4815,3,1
TGCAGTGGTAGGGAAC-1,2022,7148,4,2
TGCAGTTTCCTCCCAT-1,5623,4621,1,0
TGCATGAGTAGATTCG-1,1586,1227,3,1
TGCATGGATCGGATCT-1,4429,2741,4,2
TGCATGTGACCCATAG-1,2950,7144,2,4
TGCATGTGGTAATCTA-1,5155,3636,3,1
TGCCAAAGTCAGACTT-1,1962,4905,3,1
TGCCAATGGGTACTCT-1,3668,5885,3,1
TGCCACACTAGAGGAA-1,1136,4908,3,1
TGCCACCTGGCGAAAC-1,4893,2829,3,1
TGCCATTACTAAAGAA-1,5461,2916,3,1
TGCCCGTACCGTTAAA-1,4851,5073,1,0
TGCCGAAAGCGTATTC-1,7116,3987,3,1
TGCCGATGTCATCAAT-1,1689,1226,4,2
TGCCGGATGTACGAGC-1,2742,6607,3,1
TGCCGTGGATCGTCCT-1,4236,6152,2,4
TGCCGTTCTTAATCGG-1,1038,6165,4,2
TGCCTAAATTTAATAG-1,7531,4524,2,4
TGCCTGACATCGGTCA-1,2004,2481,2,0
TGCCTTGGCCAGGCAA-1,5214,5700,3,1
TGCGAATATGGGATTT-1,1653,5085,0,1
TGCGACGGCCGAACGT-1,2638,6428,2,4
TGCGAGAATATTACCC-1,3047,5529,1,0
TGCGAGCCCTTCCGCG-1,6232,2106,4,1
TGCGCGATTAACGGAG-1,3091,3464,0,2
TGCGGACTTGACTCCG-1,4910,7137,4,2
TGCGGAGTAAAGGTGC-1,4585,3010,3,1
TGCGGCATAGTTCAAC-1,3756,2115,1,0
TGCGGGTATTGGGATC-1,4629,1125,2,4
TGCGGTGAAATTTCAT-1,4375,2113,1,0
TGCGTAAGAACCTGAT-1,3200,4900,3,1
TGCGTACGGCTAATTG-1,6199,7042,2,4
TGCGTCATGACTGAGC-1,2068,5802,1,0
TGCGTTTGTTGACACT-1,4901,4803,1,0
TGCTATGGCAAAGGGA-1,2332,7326,4,2
TGCTCGGCGAAACCCA-1,4133,6153,2,4
TGCTCGGTGGGTCACC-1,4703,6958,4,2
TGCTCTTGAGAGTTTG-1,4600,6779,4,1
TGCTGTTGAAGAACTC-1,4384,4446,0,2
TGCTTAGAGAGAATGC-1,2329,6608,3,1
TGCTTCCCAAGCAGTA-1,4393,6600,0,1
TGCTTGAAACCATGCA-1,1846,1854,3,1
TGGAAACGGAGTGAAC-1,1794,1585,2,4
TGGAACCACTGACACA-1,6236,3183,2,4
TGGAAGAAGGGAACGT-1,2785,4542,1,0
TGGAAGACGAACACCA-1,3344,2297,0,2
TGGAAGGATAAAGATG-1,4481,2831,3,1
TGGAATATCCTTGACC-1,6493,3092,2,4
TGGAATTAGACGCTTT-1,1904,3379,1,0
TGGACACCGTTGCTTG-1,1489,2842,1,0
TGGACCAATCTAAGAT-1,5115,6597,2,4
TGGACCACGGCGTTGA-1,1949,1674,3,1
TGGACGCAATCCAGCC-1,2019,6251,3,1
TGGACGTAGGCGAATC-1,1331,1856,3,4
TGGAGTGATGCGATGA-1,3091,3644,0,2
TGGATAGAGTAACAGA-1,1692,1944,3,1
TGGCAAACTAAATTAC-1,5007,5521,1,0
TGGCAACTCGCGCGCC-1,5410,3006,3,1
TGGCAAGCACAAGTCG-1,3878,6961,2,4
TGGCAGATTACGATCA-1,3974,4986,4,2
TGGCAGCAGTAATAGT-1,4126,4537,4,2
TGGCATGAAGTTTGGG-1,1605,6073,3,2
TGGCCGTATATTGACC-1,2936,3375,0,2
TGGCGACTGCTCCAAA-1,3410,5976,3,1
TGGCGGTGTGCGATTG-1,3187,1669,4,2
TGGCTACACTCTACCT-1,6147,6773,2,4
TGGCTTATGTATAATG-1,1038,5985,2,4
TGGGACCATTGGGAGT-1,1227,1677,2,4
TGGGATGCACTCATTC-1,6025,2106,3,1
TGGGCACAAACAGAAC-1,3342,1758,3,1
TGGGCACGTTCTATGG-1,4737,2381,1,0
TGGGCAGGCCACCGCA-1,6969,5872,3,1
TGGGCCACAAGAGCGC-1,4686,2650,3,1
TGGGCCTTGCCTGCAT-1,1485,1765,2,4
TGGGCGATACAATAAG-1,4188,7140,3,1
TGGGTAAGGTTCCCGC-1,5046,2200,4,2
TGGGTTTCGGGCGTAC-1,2281,7416,4,2
TGGTATCGGTCTGTAT-1,4012,1666,3,1
TGGTCCCACGCTACGG-1,4802,5701,2,4
TGGTCGTGCAAGGCAA-1,1342,4728,1,0
TGGTCTAGCTTACATG-1,1232,2933,3,1
TGGTCTGTTGGGCGTA-1,2475,4364,0,3
TGGTGATCGTATTTGT-1,1801,3380,3,0
TGGTTAACTTACATTT-1,1400,6433,4,2
TGGTTAAGGGCGCTGG-1,6855,3360,3,1
TGGTTCGTAGCAAAGG-1,3811,3102,4,2
TGGTTGGAGGATCCTG-1,5664,2018,3,4
TGGTTTAAACGTGGGT-1,6752,3181,1,4
TGTAACTTGTCAACCT-1,2566,1312,2,4
TGTAATGACCACAATA-1,1701,4277,1,0
TGTACGAACAAATCCG-1,3971,4448,4,2
TGTAGTGATCTATAAT-1,2681,4184,4,2
TGTATAACAGATCCTG-1,5051,3636,1,0
TGTATCCTTATTCCAT-1,3549,1937,3,1
TGTCATTTGTTGGGAA-1,6596,2912,2,4
TGTCCACGGCTCAACT-1,6199,6862,2,4
TGTCCCGACATAGCAC-1,3910,2025,3,1
TGTCCTAAGTCACCGC-1,2526,4095,4,2
TGTCGTTATCACATAT-1,1762,6521,2,4
TGTCTACAGTTTCTGT-1,3704,2026,3,1
TGTGACTACGCCAGTC-1,4739,2919,1,0
TGTGAGACTAGCCCAA-1,4237,6332,3,1
TGTGCCAGAGGCAAAG-1,986,5896,2,4
TGTGCTTTACGTAAGA-1,1908,4277,0,3
TGTGGACTATCTACGT-1,7484,5691,2,4
TGTGGAGGAAGCTTAA-1,3856,1218,2,4
TGTGGCAAAGCGTATG-1,5464,3634,1,0
TGTGGCGGGCTTCTGG-1,4033,6871,2,4
TGTGGCTCCCACCAAC-1,7068,4974,3,1
TGTGGTAGGGTGCCTT-1,7432,5781,2,4
TGTTATTGTATGTGGC-1,5418,4981,3,1
TGTTCATAAATGTGCT-1,1388,3381,1,0
TGTTCCGGCCTGAGCT-1,4395,7318,4,2
TGTTCTTCCATTGACT-1,3196,4002,0,2
TGTTGCCGTCGTCCCA-1,7275,5153,2,4
TGTTTCTGAAGCGTGC-1,1350,6702,4,2
TGTTTGAGATCGTCAG-1,6915,5424,3,1
TTAAACCGGTAGCGAC-1,3651,1757,3,1
TTAAACTCGAATTCAT-1,5877,3812,4,2
TTAACACCTCGAACAT-1,2110,3199,1,0
TTAACTTCAGGTAGGA-1,2324,5172,0,1
TTAAGCCGACAACTTC-1,4943,2201,4,2
TTAAGCGCCTGACCCA-1,3246,3733,0,2
TTAAGTATTGTTATCC-1,5631,6775,4,2
TTAATGCGAGGTAACT-1,4578,1394,3,1
TTAATGTGTTTGCAGG-1,1280,2125,3,1
TTAATTGCTTTGGGTG-1,4908,6598,3,1
TTAATTTCAGACGCGG-1,4531,2561,1,0
TTACAACTACGCATCC-1,3657,3193,0,2
TTACACGATCTGCGAC-1,6662,6591,4,2
TTACATCGTGGCCTGG-1,2830,2837,1,0
TTACCATTGATTACCC-1,2423,4095,4,2
TTACCCATTGCCGGGT-1,5357,2558,4,2
TTACCCTAGGGATTGG-1,3979,6422,3,1
TTACCGCCTTAGGGAA-1,2054,2032,4,2
TTACGGATGGTTCGAG-1,5775,3992,4,2
TTACGGTGTCACCGAG-1,2877,1491,2,4
TTACTCTGGTACGTAC-1,2581,4902,1,0
TTACTGGGATATTTCA-1,3767,4987,4,2
TTAGAAGAACATGACT-1,4286,5703,3,1
TTAGAATAAGGGTCGG-1,3309,6515,2,4
TTAGACGAGTCACCTC-1,5110,5341,1,0
TTAGAGTTTAGAAGGA-1,5418,5160,3,1
TTAGATAGGTCGATAC-1,2054,2212,3,1
TTAGCAACATGGATGT-1,2418,2839,3,1
TTAGCTAATACGATCT-1,6029,3004,3,1
TTAGCTGATTTGCCGT-1,5828,4441,4,2
TTAGGATGGGAGGGTA-1,7533,5242,3,1
TTAGGTGTGACTGGTC-1,1329,1317,2,4
TTAGTAAACCTGCTCT-1,5837,6595,2,4
TTAGTAGGGCGGCGGG-1,2320,4096,4,2
TTAGTTCAAGTGTTCG-1,6751,3001,0,2
TTATAGGTAATTGTCT-1,4753,6509,2,4
TTATATACGCTGTCAC-1,4797,4445,1,0
TTATATTTGGCAATCC-1,4277,3370,4,2
TTATCATACTCGCAAA-1,2205,1224,2,4
TTATCCTCAAGGAATA-1,1913,5713,3,1
TTATCGCCTGCGAAGC-1,1853,3469,1,0
TTATCTGTATCATAAC-1,4069,3012,3,1
TTATGAATGAAAGGGA-1,4230,4716,0,2
TTATGATCTTAACGAA-1,5209,4443,3,1
TTATGCGTCCCGGTCC-1,3290,1669,4,2
TTATTAGAGCGTGTTC-1,4593,5164,1,0
TTATTAGGGAAGCATC-1,4015,2384,3,1
TTATTATCTGGAAGGC-1,7227,5961,3,1
TTCAAAGTCTCTAGCC-1,4847,4175,3,1
TTCAACGACCCGACCG-1,3449,2835,4,2
TTCAAGCCGAGCTGAG-1,4839,2201,3,1
TTCAATTAGCCATAAT-1,4940,1662,2,4
TTCACGAAAGGATCAC-1,3765,4449,0,2
TTCACGGTCGTCACGT-1,2384,7416,4,2
TTCACTCGAGCACCTA-1,4545,5971,2,4
TTCACTTCCTAGAACG-1,3621,7052,4,2
TTCAGAGTAACCTGAC-1,2103,1583,3,1
TTCAGCCCTGGTCCAC-1,5367,5250,3,1
TTCAGGCGTCAAAGCC-1,1806,4636,1,0
TTCAGTTTGTGGCAGC-1,1337,3471,1,0
TTCATAGCCTTGTAAC-1,1743,1675,3,1
TTCATGGCGCAACAGG-1,4842,2739,3,1
TTCCACACAGATTTGA-1,3357,5527,1,0
TTCCATCATGCGGTGA-1,6077,2196,2,4
TTCCATCGACAGCGTG-1,6507,6502,4,2
TTCCCGGCGCCAATAG-1,1602,5175,1,0
TTCCGCAGAGAAATAT-1,6183,2914,2,4
TTCCGCGTGAGGCGAT-1,4284,5165,3,1
TTCCGGCCTTGAGGCT-1,3255,5887,1,0
TTCCGGTATCTGTGTC-1,6912,4706,3,1
TTCCGGTTACCCACTT-1,5470,5070,3,1
TTCCTCGAGGGTGTCT-1,3501,2924,0,2
TTCCTCTGCCCGAATA-1,1753,4187,1,0
TTCCTTTCTGTGTTGC-1,2260,2032,3,1
TTCGACGGGAAGGGCG-1,3244,3194,0,2
TTCGCACTCGCGTGCT-1,3296,3284,0,2
TTCGCATCCGGAAGCA-1,1950,2033,4,2
TTCGCGCGCCATACGA-1,3411,6335,2,4
TTCGCTAGGAAGTTGT-1,7016,4705,4,2
TTCGCTATCTGACGTG-1,6131,2824,2,4
TTCGGCTAGAGATGGT-1,2211,2660,1,0
TTCGGGCGCTAGTCTT-1,2894,5978,1,0
TTCGGTACTGTAGAGG-1,4240,7050,2,4
TTCGGTGGAGACGCCC-1,7224,5243,2,4
TTCGTAATCCCAGCGG-1,5406,2109,2,4
TTCGTTCAACGAAGTT-1,6390,3092,4,2
TTCTACCTCAATCGGT-1,2177,7237,2,4
TTCTACCTTTATGTTG-1,5301,1571,3,1
TTCTAGAAAGTCTTAT-1,3360,6425,2,4
TTCTAGGCCAATTGTG-1,3244,3015,0,2
TTCTATTAAACGCAGC-1,3827,7051,4,2
TTCTCTTACAGGTGAT-1,1401,6612,2,4
TTCTGCCGCGCCTAGA-1,4543,5433,3,1
TTCTGCGGGTTAGCGG-1,5107,4623,1,0
TTCTGCTAGACTCCAA-1,6444,3541,2,4
TTCTTAGTGAACGGTG-1,2726,2658,3,1
TTCTTAGTGGCTCAGA-1,4119,2563,3,1
TTCTTGGACGATCTGC-1,2635,5710,1,0
TTCTTTGGTCGCGACG-1,6339,3182,3,1
TTGAAAGGTGTAAAGG-1,6284,2195,4,1
TTGAACGAATCCTTTG-1,2056,2750,1,0
TTGAAGGATGGGCGCC-1,1607,6611,4,2
TTGAATATGGACTTTC-1,4898,4085,3,1
TTGACATGAACGTGGA-1,2633,4992,3,1
TTGACCAGGAACAACT-1,5115,6777,3,1
TTGACCATGTTCTCCG-1,4998,3187,3,1
TTGACTACCATATGGT-1,3096,4900,3,1
TTGAGAGTACTGCTAA-1,2942,4991,3,1
TTGAGCAGCCCACGGT-1,6965,4975,3,1
TTGAGCGCCACGTGAT-1,7066,4436,3,1
TTGAGGCATTTAACTC-1,5663,1659,2,4
TTGAGTCCCGCTGCTG-1,7118,4525,4,2
TTGATAGTCAATACAT-1,6907,3449,4,2
TTGATCTAACTTTGTC-1,3401,3643,0,0
TTGATGCCGCTCGTCG-1,2745,7325,4,2
TTGATGTGTAGTCCCG-1,5617,3185,3,1
TTGCAAGAAGACTCCT-1,4498,7318,4,2
TTGCACAATTCAGAAA-1,3922,4897,4,2
TTGCATGCTGATCACG-1,2786,4722,1,0
TTGCCAAGCAGAACCC-1,6862,4975,2,4
TTGCCCTGATCACGGG-1,2733,4273,0,3
TTGCCGCAGACCTACA-1,1917,6610,4,2
TTGCCGCTTTCTAGTA-1,5011,6598,2,4
TTGCCGGTGATCCCTC-1,5973,2017,2,4
TTGCCTAATCCAAAGT-1,2074,7238,2,4
TTGCGCTCTCTCGCTT-1,1181,3023,3,1
TTGCGGCGACTCATGC-1,4371,1216,2,4
TTGCGTAGTTTGAGGA-1,1955,3289,1,0
TTGCGTCGGCCAACCG-1,3099,5618,1,0
TTGCGTGAACGCTTAG-1,5923,2286,2,4
TTGCTAGCTACCAATC-1,2463,1313,2,4
TTGCTGATCATGTTCG-1,3918,3999,0,1
TTGCTGGCCGGGCTTC-1,4992,1752,2,4
TTGGACATGTGGCTTA-1,2477,4723,1,0
TTGGAGTCTCCCTTCT-1,3239,1758,3,1
TTGGATCGACTTCTGG-1,4065,1935,1,0
TTGGCCTAGAATTTCG-1,5201,2469,3,1
TTGGCGATCCGAATAT-1,7220,4166,4,2
TTGGGAAGACGAGCCG-1,4291,7139,2,4
TTGGGCGGCGGTTGCC-1,4897,3726,1,0
TTGGTATGGCTTGTGT-1,7013,3987,4,2
TTGGTTCGCTCAAAGG-1,7427,4524,3,1
TTGGTTGCGGTGCGCG-1,2172,5801,1,0
TTGTAAGGACCTAAGT-1,2633,5171,0,1
TTGTAAGGCCAGTTGG-1,5154,3456,3,1
TTGTAATCCGTACTCG-1,3816,4179,0,2
TTGTATCACACAGAAT-1,4787,2111,3,1
TTGTCGTTCAGTTACC-1,3966,3012,4,2
TTGTGCGGAAGCGGAT-1,1091,6434,4,2
TTGTGGCCCTGACAGT-1,4067,2653,1,0
TTGTGGTGGTACTAAG-1,5889,6684,2,4
TTGTGTATGCCACCAA-1,4081,6063,4,2
TTGTGTTTCCCGAAAG-1,4028,5614,1,0
TTGTTCTAGATACGCT-1,1129,2933,3,1
TTGTTTCATTAGTCTA-1,2535,6428,3,1
TTGTTTCCATACAACT-1,2375,5082,0,1
TTGTTTGTGTAAATTC-1,3599,1667,4,1
