barcode,x,y,mclust_3PCs,mclust_10PCs
AAACAAGTATCTCCCA-1,19934,16265,3,2
AAACACCAATAACTGC-1,7893,18526,4,1
AAACAGAGCGACTCCT-1,18782,7178,4,1
AAACAGCTTTCAGAAG-1,6446,14487,4,1
AAACAGGGTCTATATT-1,7025,15497,4,1
AAACCGGGTAGGTACC-1,9202,14237,4,1
AAACCGTTCGTCCAGG-1,11230,16762,4,1
AAACCTAAGCAGCCGG-1,17175,20049,4,1
AAACCTCATGAAGTTG-1,7898,12973,2,1
AAACGAGACGGTTGAT-1,16601,12477,4,1
AAACGGTTGCGAACTG-1,13693,20551,3,5
AAACTCGGTTCGCAAT-1,15289,20300,3,2
AAACTGCTGGCTCCAA-1,14858,14999,3,4
AAACTTGCAAACGTAT-1,7896,14993,4,1
AAAGACCCAAGTCGCG-1,12110,6163,1,1
AAAGACTGGGCGCTTT-1,7319,10954,2,1
AAAGGCTACGGACCAT-1,12969,19288,3,3
AAAGGGATGTAGCAAG-1,14138,9698,4,1
AAAGGGCAGCTTGAAT-1,8916,9693,4,1
AAAGTAGCATTGCTCA-1,9055,16508,4,1
AAAGTCACTGATGTAA-1,12691,6163,4,1
AAAGTCGACCCTCAGT-1,7317,12973,2,1
AAAGTGTGATTTATCT-1,18775,14750,5,1
AAAGTTGACTCCCGTA-1,19066,14246,4,1
AAATAACCATACGGGA-1,17912,7177,3,4
AAATACCTATAAGCAT-1,15148,15504,3,4
AAATCCGATACACGCC-1,17755,20049,4,1
AAATCGTGTACCACAA-1,13263,14745,3,4
AAATCTAGCCCTGCTA-1,19788,17023,5,2
AAATGCTCGTTACGTT-1,8628,7674,4,1
AAATGGCATGTCTTGT-1,15156,6923,3,4
AAATGGCCCGTGCCCT-1,7605,16002,4,1
AAATGGTCAATGTGCC-1,12540,11968,3,3
AAATTAACGGGTAGCT-1,13555,12221,3,4
AAATTACACGACTCTG-1,17621,7177,3,3
AAATTACCTATCGATG-1,18779,10207,4,1
AAATTGATAGTCCTTT-1,9634,17518,5,1
AAATTTGCGGGTGTGG-1,9926,15499,4,1
AACAACTGGTAGTTGC-1,11236,10705,4,1
AACAATACATTGTCGA-1,10503,19033,5,1
AACAATTACTCTACGC-1,8770,10955,4,1
AACACACGCTCGCCGC-1,18628,16517,5,1
AACACGACTGTACTGA-1,14576,5912,4,1
AACACGAGACGCGGCC-1,8186,14993,4,1
AACAGCTGTGTGGCAA-1,9633,18528,5,1
AACAGGAAATCGAATA-1,14865,7427,3,4
AACAGGATGGGCCGCG-1,9640,10956,2,1
AACAGGTAGTATGGAT-1,21530,16015,3,5
AACATATCAACTGGTG-1,19504,10460,5,1
AACATTGTGACTCGAG-1,12678,19792,3,3
AACCAAGACTTCTCTG-1,8623,12722,4,1
AACCATGGGATCGCTA-1,9498,7170,3,5
AACCCAGAGACGGAGA-1,10804,7423,4,1
AACCCGACAACCCGTG-1,11372,20548,4,1
AACCCTACTGTCAATA-1,19066,13741,4,1
AACCCTGGTGGAACCA-1,15302,5661,4,1
AACCGAGCTTGGTCAT-1,15298,9699,4,1
AACCGCTAAGGGATGC-1,18485,15255,5,1
AACCGTTGTGTTTGCT-1,14431,6670,3,1
AACCTCGCTTTAGCCC-1,17030,19292,4,1
AACCTTTAAATACGGT-1,15001,17271,4,1
AACCTTTACGACGTCT-1,18491,7683,3,4
AACGATAATGCCGTAG-1,15727,17019,3,2
AACGATAGAAGGGCCG-1,12834,7425,4,1
AACGATATGTCAACTG-1,16169,9700,3,5
AACGCATGATCTGGGT-1,20231,8694,4,1
AACGCGACCTTGGGCG-1,12823,20550,1,1
AACGCGGTCTCCAGCC-1,14573,9446,4,1
AACGCTGTTGCTGAAA-1,18773,17274,4,1
AACGGACGTACGTATA-1,18484,16264,5,1
AACGGCCATCTCCGGT-1,10796,15500,4,5
AACGTACTGTGGGTAC-1,11231,15753,4,1
AACGTCAGACTAGTGG-1,10947,9695,4,1
AACGTGATGAAGGACA-1,17187,5915,4,1
AACGTGCGAAAGTCTC-1,15876,12728,1,1
AACTACCCGTTTGTCA-1,21530,15510,3,5
AACTAGGCTTGGGTGT-1,13986,17522,1,1
AACTCAAGTTAATTGC-1,11524,13229,3,5
AACTCCAGAGCGTGTT-1,18481,18788,4,1
AACTCTCAATAGAGCG-1,18632,12478,3,4
AACTCTCAGTGTGCTC-1,11085,17015,5,1
AACTGATATTAGGCCT-1,14720,7679,3,4
AACTGGGTCCCGACGT-1,14719,8689,3,5
AACTTGCCCGTATGCA-1,9060,10955,4,1
AAGACCCAACTGAACA-1,12969,18783,3,3
AAGACTGCAAGCTACT-1,15005,12728,5,3
AAGAGATGAATCGGTA-1,9060,10451,4,1
AAGAGCTCTTTATCGG-1,16311,12476,4,1
AAGAGGATGTACGCGA-1,9348,13480,3,5
AAGAGGCATGGATCGC-1,16746,12729,4,1
AAGATTGGCGGAACGT-1,18199,10206,4,1
AAGCACCCTGCGTATC-1,15726,18533,3,2
AAGCATACTCTCCTGA-1,15147,17018,4,1
AAGCCGAAGCGGTTTA-1,20660,16014,4,1
AAGCGCAGGGCTTTGA-1,15724,20552,1,1
AAGCGTCCCTCATCGA-1,10214,18023,5,1
AAGCTAGATCGAGTAA-1,15002,16261,4,1
AAGCTCGTGCCAAGTC-1,15731,12476,1,2
AAGCTCTTTCATGGTG-1,16886,18029,1,2
AAGGAGCGGTTGGTGC-1,12106,10706,1,1
AAGGATCGATCGCTTG-1,20952,13490,3,5
AAGGATGAGGGACCTC-1,17764,10458,4,1
AAGGCGCGTAAAGCTT-1,10657,9695,4,1
AAGGCTGTGCTCATCG-1,11816,11210,3,4
AAGGGACAGATTCTGT-1,18489,10207,4,1
AAGGGACTATGCATTC-1,8908,18779,4,1
AAGGTATCCTAATATA-1,16894,9953,3,5
AAGGTGATAAACCAGC-1,18485,14750,5,1
AAGTAGAAGACCGGGT-1,11963,8434,4,1
AAGTAGTGACGCGAGG-1,9639,11965,3,5
AAGTCAATTGTCGTCA-1,19790,15003,4,1
AAGTGACGACCGAATT-1,8767,13984,4,1
AAGTGAGTCGGGTTTA-1,12099,19287,3,3
AAGTGCCTTGACTGTA-1,20226,14751,4,1
AAGTGCGTTAGAATCT-1,9055,16003,4,1
AAGTGTTTGGAGACGG-1,16743,16767,1,2
AAGTTCACTCCAAGCT-1,17467,18030,1,2
AAGTTCAGTCTGCGTA-1,20232,8189,4,1
AAGTTCGGCCAACAGG-1,10071,15247,4,1
AAGTTTATGGGCCCAA-1,15288,20804,4,1
AATAACAACGCTCGGC-1,9493,12723,3,5
AATAACACTAGAACAA-1,10650,16762,4,1
AATACCGGAGGGCTGT-1,10502,20548,4,1
AATAGAACAGAGTGGC-1,11811,16763,4,1
AATAGAATCTGTTTCA-1,17614,15759,5,1
AATATCAAGGTCGGAT-1,11240,5657,4,1
AATATCGAATCAATGC-1,20950,16014,1,1
AATATCGAGGGTTCTC-1,19794,10460,4,1
AATATTGGAGTATTGA-1,8333,12721,4,1
AATCATGTAAAGACTC-1,19353,17275,5,1
AATCCAAGGGCCTGAG-1,11965,6920,3,4
AATCGCCTCAGCGCCA-1,16600,13486,4,1
AATCGCGCAGAGGACT-1,21677,14248,3,5
AATCGGGACACTACGA-1,13851,5659,4,1
AATCGTGAGCCGAGCA-1,17174,20554,4,1
AATCTAGGTTTACTTG-1,7459,16759,4,1
AATCTATGCCGGAGCC-1,21100,10209,4,1
AATCTCTACTGTGGTT-1,6592,13225,4,1
AATCTGCGTTGGGACG-1,18488,11721,5,3
AATCTGGCTTTCTAGT-1,7314,16506,4,1
AATGACAGCAATGTCT-1,9491,15751,4,1
AATGACGTAGGATGTC-1,16454,14748,4,1
AATGACTGTCAGCCGG-1,11962,9444,4,1
AATGATGATACGCTAT-1,18635,9450,4,1
AATGATGCGACTCCTG-1,19795,9956,4,1
AATGCAACCGGGTACC-1,13703,9950,4,1
AATGCACCAAGCAATG-1,19216,8441,4,1
AATGGTCCACCGTTCA-1,7464,11206,2,1
AATGGTTCTCACAAGC-1,10223,8433,3,5
AATGTGCCCGAGGTGT-1,9054,17518,5,1
AATTAAAGGTCGGCGT-1,12394,13735,3,4
AATTAGCGCTGCAGCG-1,14277,16513,4,1
AATTCATAAGGGATCT-1,18345,9449,3,5
AATTCCAAGCATGTAC-1,13548,20298,3,4
AATTCGATTCGAGGAT-1,16159,20300,4,1
AATTCTAGAGTTAGGC-1,14277,16008,3,4
AATTGAACGCTCTGGT-1,17179,15001,4,1
AATTTGGGACATAGTA-1,18347,6925,3,5
AATTTGGTTCCAAAGA-1,14866,6418,5,3
ACAAATCGCACCGAAT-1,17033,16263,3,2
ACAAATGGTAGTGTTT-1,17325,14749,4,1
ACAACAGCATGAGCTA-1,15587,11718,4,1
ACAACGGTCCCTGCGA-1,9497,9189,4,1
ACAAGCAGTGCCTAGC-1,8915,11208,4,1
ACAAGGAAATCCGCCC-1,16018,16010,4,1
ACAAGGACAAGAGGTT-1,10510,10957,4,1
ACAAGGATGCTTTAGG-1,17756,19040,4,1
ACAAGGGCAGGCTCTG-1,16164,14748,1,1
ACAATAGTCGTACGTT-1,8042,14236,4,1
ACAATCCATTTAAACC-1,9784,12723,3,5
ACAATGAATACGGAGA-1,9634,18023,5,1
ACAATTGTGTCTCTTT-1,19209,16517,5,1
ACAATTTGAGCAGTGG-1,17038,10710,4,1
ACACAAAGACGGGTGG-1,13268,9697,4,1
ACACACCAGGACCAGT-1,18195,14750,5,1
ACACACTTTCTACACG-1,14430,7174,3,4
ACACCCAGCATGCAGC-1,12397,9696,4,1
ACACCCGAGAAATCCG-1,10803,8433,3,5
ACACCTTAAGTAGGGC-1,11382,9948,4,1
ACACCTTACTACTTGC-1,21242,13995,3,5
ACACGAGACTCCTTCT-1,15442,11466,4,1
ACACGGGAACTTAGGG-1,15443,10456,4,1
ACACTGATCAAGGTGT-1,12101,16763,4,1
ACAGAACTGAGAACAA-1,8619,16760,4,1
ACAGATTAGGTTAGTG-1,13417,5407,4,1
ACAGCATAGAGCCAGT-1,13561,6164,4,1
ACAGCGACATTCTCAT-1,19497,18537,4,1
ACAGCGCACCCGCAGC-1,16752,6167,4,1
ACAGGTGGAGGTGAGG-1,10796,16510,4,1
ACAGTAATACAACTTG-1,7170,15244,4,1
ACATAATAAGGCGGTG-1,14284,8941,3,5
ACATCAGCTGGGACGC-1,6883,11711,3,4
ACATCCCGGCCATACG-1,13406,17522,1,2
ACATCCTGGTAACTGT-1,19936,14246,4,1
ACATCGATCGTTTACC-1,14134,14241,1,1
ACATCGGTCAGCCGCG-1,10508,13985,3,3
ACATCGTATGCAATGG-1,16889,15001,4,1
ACATCGTTAACCTAGT-1,16027,5914,2,1
ACATGGCGCCAAAGTA-1,20227,13742,3,4
ACATTAGTTTATATCC-1,13987,16512,4,1
ACCAACGCTTATTTAT-1,12246,17016,1,2
ACCAAGAACGCGTGTC-1,12254,7930,3,2
ACCAATATGCAAGTTA-1,16451,17777,1,2
ACCACAAGTTTCTATC-1,12976,11211,3,5
ACCACCAATGTAACAA-1,20661,13995,3,1
ACCACGTGCAGCTATA-1,16163,15757,4,1
ACCAGTGCGGGAGACG-1,18774,15760,5,1
ACCATATCCGCAATAA-1,13264,13231,3,3
ACCATCCGCCAACTAG-1,6881,14739,4,1
ACCATCGTATATGGTA-1,11233,14238,3,5
ACCCAACGCCCGTGGC-1,17618,11216,3,5
ACCCACCTACATGCTC-1,8771,9946,4,1
ACCCATTTGTCCCTCT-1,19642,18789,4,1
ACCCGAGCGAAATTAC-1,9343,19032,4,1
ACCCGGAAACTCCCAG-1,14566,18027,3,2
ACCCGGATGACGCATC-1,19647,13236,3,5
ACCCGGTTACACTTCC-1,12103,14239,3,4
ACCCGTGTCATCAGTA-1,12970,18278,3,4
ACCCTCCCTTGCTATT-1,17324,15758,4,1
ACCCTTCATCTGCGAA-1,14576,6922,3,4
ACCGAAAGGGCCCTGC-1,12836,5911,4,1
ACCGACTGAGTCCCAC-1,14717,10708,4,1
ACCGATGGTAGCATCG-1,18487,12731,4,1
ACCGCGGTGGAAGTCG-1,20516,14752,3,5
ACCGGGCCTTTGTTGA-1,19355,15255,5,1
ACCTAAGTACCTTTCA-1,9490,16256,4,1
ACCTAATCGACTTCCT-1,9494,11713,4,1
ACCTACAGTATGTGGT-1,21532,13995,3,5
ACCTACTATAAATCTA-1,13548,20803,4,1
ACCTCCGTTATTCACC-1,21388,12228,4,1
ACCTGCGTGTCATGTT-1,7751,15245,4,1
ACGAAATGGGCGGCAC-1,8624,11712,2,1
ACGACTGGTCATACTC-1,10067,19790,4,1
ACGAGATATTTGCTTA-1,16897,5915,4,1
ACGAGGATACCACTCT-1,7750,16254,4,1
ACGAGTACGGATGCCC-1,20229,10713,5,1
ACGATACATAGAACTA-1,16749,9196,3,4
ACGATCATACATAGAG-1,14283,9951,4,1
ACGATCATCTTGTAAA-1,19937,12732,5,3
ACGATGCATATGTTAT-1,11379,12977,3,5
ACGATGGATCCGATGC-1,15302,6166,5,4
ACGCAATCACTACAGC-1,20955,9957,4,1
ACGCATACGTTTACTA-1,19933,17780,5,2
ACGCATTCGTGAGTAC-1,13991,11969,3,4
ACGCCAGATGATTTCT-1,15735,7933,3,5
ACGCCGCTAGACGACC-1,15439,14495,3,4
ACGCGAAGTCAGACGA-1,13697,16007,4,1
ACGCGCTACACAGGGT-1,9637,13985,3,5
ACGCGGGCCAAGGACA-1,14136,12222,3,3
ACGCTAGTGATACACT-1,19649,10713,5,3
ACGCTGTGAGGCGTAG-1,7027,13477,4,1
ACGGAATTTAGCAAAT-1,9063,7422,4,1
ACGGACTCTCAAAGCG-1,16015,19038,3,2
ACGGATGGTGCGGATA-1,16596,18029,1,2
ACGGCACTTGCTTGGG-1,13841,16765,4,1
ACGGCCAACATGGACT-1,13116,17017,4,1
ACGGCGACGATGGGAA-1,16308,16010,1,1
ACGGGAGTGTCGGCCC-1,8766,15498,4,1
ACGTACAGATTTCTCT-1,14721,6165,5,1
ACGTAGATTGCTGATG-1,14861,11970,5,3
ACGTATTACTCCGATC-1,19211,13993,4,1
ACGTGCGCCTCGTGCA-1,14285,7931,3,4
ACGTTAATGTCGAAGA-1,15149,13990,3,2
ACGTTAGATTTGCCCG-1,10798,13481,3,3
ACGTTCCGCGCTCCGT-1,12981,5659,4,1
ACGTTCGCAATCAATT-1,21534,11976,4,1
ACGTTCGTTCAGGAAA-1,11519,18782,1,3
ACGTTTAGTTGTGATC-1,15011,7175,3,4
ACTACCAGCTCTCTGG-1,11092,9948,4,1
ACTACGCGTTAGAATT-1,13259,18783,3,3
ACTAGTTGCGATCGTC-1,20224,16266,3,2
ACTATTCGTCCGTGGT-1,15881,7176,3,4
ACTATTTCCGGGCCCA-1,11084,18529,4,1
ACTCAAGTGCAAGGCT-1,17611,18787,4,1
ACTCAATAAAGGCACG-1,15153,9951,4,1
ACTCAGACCTGCTTCT-1,11385,5910,4,1
ACTCCAATATCATCAT-1,9342,19537,4,1
ACTCCCATTCCTAAAG-1,7605,15497,4,1
ACTCCCGAATTCGTTT-1,20228,11723,5,4
ACTCCCTAATGCTAAA-1,15146,18028,3,2
ACTCCCTAGAATAGTA-1,15293,15756,3,4
ACTCGTAACCCGTCCT-1,8475,16003,4,1
ACTCGTCAGTAATCCC-1,16456,12729,4,1
ACTCTCTGACTTAGGT-1,16455,14243,3,4
ACTCTTGTATAGTAAC-1,15296,12728,5,3
ACTGAAACGCCGTTAG-1,18627,18031,4,1
ACTGAATGGCGAAAGT-1,17179,15506,4,1
ACTGCCGTCGTAACTC-1,15300,7680,3,4
ACTGTACGATACACAT-1,16457,11214,4,1
ACTGTAGCACTTTGGA-1,10801,10452,4,1
ACTGTATACGCGAGCA-1,10370,6161,2,1
ACTGTCCAGGATTATA-1,13120,11969,3,4
ACTGTCTTCTTTAGAA-1,14427,11213,3,2
ACTGTGCTAGTAGATC-1,9644,6918,3,5
ACTTAGTACGACAAGA-1,9789,7170,3,5
ACTTATACTTACCCGG-1,18197,12730,4,1
ACTTATTAGGATCGGT-1,12684,13230,3,3
ACTTATTTATGTGCCA-1,18194,15254,5,1
ACTTCCATGCGGGACA-1,17466,19040,4,1
ACTTCGCCATACGCAC-1,16023,10457,4,1
ACTTGACTCCCTCTTT-1,15584,14242,1,1
ACTTGGGACCCGGTGG-1,12251,10958,3,5
ACTTGTAGTCCCTTCA-1,6591,14739,4,1
ACTTGTGGATGGAACG-1,20804,16771,5,2
ACTTTACCCTCATGAA-1,20518,11723,1,1
ACTTTCCTATAGCTTC-1,14137,10708,4,1
ACTTTGACTGCATCCT-1,6737,13477,4,1
AGAACGTGGTACATTC-1,15733,10457,4,1
AGAAGAGCGCCGTTCC-1,17906,13235,4,1
AGAAGGTACACTTCAC-1,7169,16759,4,1
AGAAGGTTGCCGAATT-1,11523,14239,3,5
AGAAGGTTGTAGGTCG-1,16450,19796,1,2
AGAAGTGATTCGTGAT-1,9201,15751,4,1
AGAATAAATCTTCAGG-1,6737,12972,4,1
AGAATTATGGATTCGA-1,19358,11722,5,3
AGAATTGTTTGACATA-1,8482,7926,4,1
AGACCATGGGATACAA-1,9207,9189,4,1
AGACCCACCGCTGATC-1,14567,16008,3,4
AGACCCGCCCTCCTCG-1,13267,10202,4,1
AGACCGGGAAACCCTG-1,7607,13983,4,1
AGACGAAGTGCCGGTC-1,19209,16012,4,1
AGACGACGATGCCGCT-1,9925,17014,1,1
AGACTAGCCTTCCAGA-1,11816,10705,4,1
AGACTGTTACCGGGTC-1,11663,19539,5,3
AGAGAACCGTCTAGGA-1,17909,10206,4,1
AGAGAAGGAGTACAAT-1,10069,18276,5,1
AGAGATCTCTAAAGCG-1,7752,13731,4,1
AGAGCAGTTATGAGAC-1,7899,10954,2,1
AGAGCGGGCTAATCAT-1,14430,7679,3,4
AGAGCGTACAAGCTCG-1,9206,9694,2,1
AGAGGCTTCGGAAACC-1,19789,16518,3,2
AGAGTAAACTTCACTA-1,20515,15761,4,1
AGATAACTTCAGGGCC-1,11525,11715,3,5
AGATACGACTTCATAT-1,10224,7423,2,1
AGATACTCAAGATCGA-1,17034,15253,4,1
AGATATAATACGACTA-1,15579,19795,3,2
AGATCGTGCATAAGAT-1,19215,8945,4,1
AGATCTCAGGTGTGAT-1,16022,10962,4,1
AGATGACTCGCCCACG-1,13123,8940,3,4
AGATGATGGAGTCTGG-1,20518,12228,3,4
AGATGCAAGACGTGCA-1,8618,18274,5,1
AGATTATAGGACGTTT-1,12975,12726,5,3
AGATTCACAACCGATA-1,7024,17011,4,1
AGCAAAGGCCGCTAGT-1,15580,18785,3,2
AGCAACATATCTTATT-1,18631,13993,4,1
AGCAACCGAAAGTAAT-1,8038,17769,4,1
AGCACCAGTACTCACG-1,14572,10456,4,1
AGCACTACCGGCCTGT-1,8043,12216,2,1
AGCACTACCTCACCAG-1,16887,17020,4,1
AGCACTTAAGGACGCC-1,10220,11461,4,1
AGCAGAAGGAGAAAGA-1,14999,19795,3,2
AGCATATCAATATGCT-1,18919,16517,5,1
AGCATCATTTCGAAAG-1,7894,17012,4,1
AGCATCGTCGATAATT-1,12688,9192,4,1
AGCCAAGCTTTGTGTC-1,13549,19793,3,4
AGCCACAGGTTACCCG-1,18045,19545,4,1
AGCCACTCCCGTGCTT-1,16894,9448,3,4
AGCCCATACATGTAAG-1,8912,14236,4,1
AGCCCGCAACAAGCAG-1,12967,20802,4,1
AGCCCGGTAGCCTGTA-1,12244,19035,3,4
AGCCCTAAGCGAAGTT-1,14575,7427,3,4
AGCCCTTCTAATCCGA-1,20087,7937,4,1
AGCCGTGGCTAAATGT-1,8330,16255,4,1
AGCCTAATACCCACGT-1,7169,16254,4,1
AGCGACAGGAACGGTC-1,10505,16509,4,1
AGCGACATCCCATTCA-1,13704,7931,3,3
AGCGACCAACGATATT-1,13122,9949,4,1
AGCGCGGGTGCCAATG-1,18490,9702,4,1
AGCGGACACTTCGTAG-1,14129,19289,3,2
AGCGGCGGTTAGCGGT-1,6879,16254,4,1
AGCGGGAAGGGTCCAT-1,10514,6918,4,1
AGCGGGTCTGACACTC-1,14709,20299,3,2
AGCGTGGTATTCTACT-1,15439,14999,3,4
AGCTAACAAGCAATGT-1,9923,19033,4,1
AGCTAAGTACGCAGGC-1,17610,19797,4,1
AGCTAGAAGCAGAAGT-1,19506,8946,4,1
AGCTATTTAATCCAAC-1,15880,7680,3,4
AGCTCTAGACGTTCCA-1,16165,13233,1,1
AGCTCTTCCCAGTGCA-1,17911,8187,3,4
AGCTCTTTACTCAGTT-1,11668,13986,3,5
AGCTGAAGTAAACCAA-1,17330,8691,3,5
AGCTGTAACCTCAATC-1,9199,17265,5,1
AGCTTGATCTTAACTT-1,8477,13984,4,1
AGGAAGCTGTCCGCCG-1,14565,19037,3,3
AGGACAGTCGAATCCC-1,17470,14496,4,1
AGGACATCGCACGTCG-1,10658,7676,4,1
AGGACGACCCATTAGA-1,11668,14491,3,5
AGGACGCTCGATGTTG-1,19361,8188,4,1
AGGAGGCCTTCGCGCG-1,19353,16770,5,1
AGGATAAAGTCGGGAT-1,14566,17018,4,1
AGGATATAGGGATTTA-1,19065,15255,5,1
AGGATCACGCGATCTG-1,7460,15749,4,1
AGGCAGATGCGTAAAC-1,17619,10206,4,1
AGGCAGGGAGCGTACT-1,12244,18530,1,3
AGGCATTGTCGTAGGG-1,19499,16013,1,1
AGGCCACCCGTTATGA-1,10656,10704,2,1
AGGCCCATTGTACAGG-1,13125,7426,3,5
AGGCCCTAGAACGCCA-1,8766,14993,4,1
AGGCCTGAGAATCTCG-1,17901,19292,4,1
AGGCTATGGTTAGCTT-1,9496,10199,4,1
AGGCTTCCCGAAGAAG-1,11231,16258,4,1
AGGGAAACGAGGTACT-1,18057,6925,3,5
AGGGACCGGCTGCGTT-1,21098,12733,4,1
AGGGAGACATACTTCG-1,21535,10967,4,1
AGGGCAGCGGCGTGGT-1,15882,5661,2,1
AGGGCGAGCAGCTGAT-1,8041,14740,4,1
AGGGCGTGATCGGCTA-1,11674,7929,3,4
AGGGCTGCAGTTACAG-1,14571,12475,5,3
AGGGTCAGAGCACTCG-1,10937,20800,4,1
AGGGTGCCGTTCTTTA-1,9922,20042,3,5
AGGGTGCTCTCGAGGG-1,18487,12226,3,4
AGGGTGGATAGTGCAT-1,6739,10953,4,1
AGGGTTCAGACGGTCC-1,11662,21053,4,1
AGGGTTCCCTTTGGTT-1,17908,11216,5,3
AGGGTTTAGTTCGGGA-1,14281,11970,3,3
AGGTAACCTCCTATTC-1,11094,6919,3,5
AGGTACGATATTGCCA-1,16171,6671,3,4
AGGTAGATCGAGATAT-1,10213,19538,1,1
AGGTAGGTACAAAGCT-1,9639,12470,3,5
AGGTATAATTGATAGT-1,20953,12480,4,1
AGGTCGCGGAGTTACT-1,20230,10208,4,1
AGGTGGTGACCTTCGC-1,13258,19793,3,3
AGGTGTATCGCCATGA-1,7608,12973,3,4
AGGTTGAGGCACGCTT-1,15879,9195,4,1
AGGTTTCACACACCTT-1,14859,13989,3,2
AGTAATGTCTTGCCGC-1,13850,7679,3,3
AGTACATCATTTATCA-1,20954,10966,4,1
AGTACGGCCCGTATCG-1,6738,12468,4,1
AGTACGGGCACCTGGC-1,16604,9953,3,5
AGTACTCTTATGCCCA-1,17902,17778,4,1
AGTAGGAAGGAAGTTG-1,19362,7684,4,1
AGTATAATACTAGGCA-1,9931,9947,4,1
AGTATGCTGGAGACCA-1,8908,18275,5,1
AGTATTTGGCACGACC-1,12680,18278,3,3
AGTCAACACCACCATC-1,11958,13987,3,5
AGTCAAGATGACACTT-1,18194,15759,5,1
AGTCACTAGCTCTCGA-1,19498,17527,5,2
AGTCAGCCACCGCCTG-1,9208,7674,4,1
AGTCCATTGGCTGATG-1,19646,14246,4,1
AGTCCCGCCTTTAATT-1,18636,7935,3,5
AGTCGACGGTCTCAAG-1,18196,13235,4,1
AGTCGGCCCAAACGAC-1,10801,9947,4,1
AGTCGGCTCAACTTTA-1,8476,15498,4,1
AGTCGGTTGCGTGAGA-1,21387,13743,3,5
AGTCGTATAAAGCAGA-1,16885,20049,4,1
AGTCGTCGACCACCAA-1,18337,18031,4,1
AGTCGTGGGCATTACG-1,9345,16508,5,1
AGTCTAAAGTATACTC-1,21244,10966,4,1
AGTCTCACAAGACTAC-1,9489,17266,5,1
AGTCTTCTCCTCAAAT-1,14718,9699,4,1
AGTCTTTAAAGTGTCC-1,16304,20553,4,1
AGTGAACAAACTTCTC-1,19936,14751,4,1
AGTGACCTACTTTACG-1,12683,14745,3,3
AGTGAGACTTCCAGTA-1,17762,12478,4,1
AGTGAGCCTCGCCGCC-1,20084,10965,5,4
AGTGATAACCTGCGCG-1,18046,18535,4,1
AGTGATATGAGTAGTT-1,12247,14997,3,4
AGTGATTCAAGCAGGA-1,17762,11973,3,5
AGTGCACGCTTAAGAA-1,19063,16769,5,1
AGTGCGTAGCTCGTAA-1,11232,15248,3,5
AGTGCTAAACACAGCA-1,18336,19040,4,1
AGTGCTTGCACGAATA-1,18050,13992,3,2
AGTGGCGGCAATTTGA-1,18780,9702,4,1
AGTGGCGTCTGAAGGT-1,17611,19292,4,1
AGTGGCTCCGTCGGCC-1,6882,13730,4,1
AGTGGTGTTACCCGTG-1,6445,15496,4,1
AGTGGTTGCGTATAGG-1,6157,12467,4,1
AGTGTATTGCGCATTG-1,18926,7936,4,1
AGTGTGGTCTATTGTG-1,8481,8936,4,1
AGTTAAACACTTGCGA-1,11523,13734,3,5
AGTTAAGCGGTCCCGG-1,16751,7681,3,3
AGTTAAGTCAACCGCT-1,8765,16508,4,1
AGTTACTCTATCGTGG-1,18056,7430,3,4
AGTTCCTACAGAATTA-1,12396,11211,3,4
AGTTCCTATTTATGTT-1,14569,14494,1,1
AGTTGACGGTCCTTGC-1,14274,20046,3,2
AGTTTCGCAGGTCGGA-1,14141,6669,4,1
AGTTTGCACCTGCCTC-1,15871,18281,1,2
AGTTTGGCACGGGTTG-1,19935,15761,4,1
AGTTTGGCCAGACCTA-1,9636,15499,4,1
ATAAACGGACCCGTAA-1,13988,15503,3,4
ATAAAGGCTCGGTCGT-1,12395,12220,3,3
ATAAATATTAGCAGCT-1,9203,13227,4,1
ATAACGCCGGAGGGTC-1,16891,12477,4,1
ATAACGGAGTCCAACG-1,16023,9952,4,1
ATAAGGTGGAGAACAT-1,15583,16262,4,1
ATAAGTAGGATTCAGA-1,20084,10461,4,1
ATAAGTTACCGCGACG-1,12682,15249,3,4
ATAATAGCTGTTGAAT-1,14278,15503,3,4
ATAATAGTGTAGGGAC-1,9498,8179,2,1
ATAATCTTGGAGAACC-1,16305,19039,3,2
ATAATTAGCTAAGTAG-1,14419,19794,3,2
ATACAGGCCCTCCAAT-1,15581,17776,1,2
ATACCACGGGCAACTT-1,9349,12470,4,1
ATACCAGGCTAATAGA-1,13126,5911,4,1
ATACGCCGGCGAAACC-1,16455,13738,4,1
ATACGGAACGTCGTTT-1,8328,17769,4,1
ATACGGGTTTCGATTG-1,17039,9196,3,4
ATACGGTGAAGATGCA-1,6738,11963,3,4
ATACGTACTTAGCCAC-1,16307,17524,1,3
ATACGTCCACTCCTGT-1,18629,15507,5,1
ATACTAGCATGACCCT-1,13994,8941,3,5
ATACTGCCTTACACCG-1,17321,18282,1,2
ATACTTGTTCTCGAGC-1,6594,11206,4,1
ATAGACAACGGGACCT-1,18489,10712,5,3
ATAGACGAAGAGAAAG-1,11670,11967,3,5
ATAGAGTACTGGGACA-1,12107,10201,4,1
ATAGAGTTATCAACTT-1,18634,10459,1,1
ATAGGCGGCTATAGAA-1,9927,14490,3,5
ATAGGCTAGCTTCGCA-1,19215,9955,4,1
ATAGGGATATCCTTGA-1,15444,8942,1,1
ATAGGTTGGGCAGATG-1,14427,10708,4,1
ATAGTGAAGCGTTCTC-1,13409,13988,3,4
ATAGTTCCACCCACTC-1,19937,13237,3,4
ATATAAAGCGCTCGTG-1,15000,18280,3,4
ATATAAATGTAGCTGC-1,15872,17271,3,2
ATATCGGTAGGGAGAT-1,21097,13238,3,5
ATATCGTTCCTCGAAC-1,18482,18283,4,1
ATATCTCCCTCGTTAA-1,17765,8439,3,4
ATATCTTAGGGCCTTC-1,13990,12474,3,2
ATATGTCTCCCTAGCC-1,19212,12479,3,4
ATATTCAGTTAAACCT-1,10942,14743,3,5
ATATTCCCACAGGTCA-1,13706,6416,4,1
ATATTGCTGTCAAAGT-1,9788,8180,3,5
ATATTTAACCCTCAAG-1,13121,11464,3,4
ATCAAACACTGTTCCA-1,20660,15509,4,1
ATCAAACGAAGGTTTG-1,9926,16004,4,1
ATCAATCTGGGCTGCA-1,14571,11970,5,3
ATCACGTGCTAATTAA-1,10362,15247,3,5
ATCACTTCATCCTCGC-1,14864,8941,3,5
ATCAGACGGCACGCCG-1,11232,14743,3,5
ATCAGCCTCATGCTGC-1,17757,18030,1,1
ATCAGCTCGTCCACTA-1,7315,16002,2,1
ATCAGTAGGCAGGGAT-1,17764,9449,3,4
ATCCAACGCAGTCATA-1,10511,9947,4,1
ATCCAATGGAGGGTCC-1,9057,14489,4,1
ATCCAATGGTACCGAA-1,6012,12719,4,1
ATCCACATCGACAGAA-1,15580,19290,3,2
ATCCAGAGCAACAACC-1,12681,16259,4,1
ATCCAGGATTCGTGAA-1,11813,13734,3,5
ATCCTACCTAAGCTCT-1,12103,14744,3,4
ATCCTGAATCGCTGCG-1,8913,13227,4,1
ATCCTGCGTGGAATGG-1,11957,14996,3,5
ATCGACCCAATACAGA-1,14279,14494,1,1
ATCGACTCTTTCCGTT-1,13993,9445,4,1
ATCGCACGCCGGGAGA-1,13412,9950,4,1
ATCGCCAGTCAACATT-1,20370,15004,3,5
ATCGGCAAGCAGTCCA-1,19071,8693,4,1
ATCGGTTACCTAGTAA-1,6303,12215,4,1
ATCGTTAGCTAGCGGA-1,19352,18284,1,2
ATCTAATATCCTACGG-1,14856,17523,4,1
ATCTAGCTTGTGAGGG-1,14563,20551,1,1
ATCTCCCTGCAATCTA-1,15590,7680,3,4
ATCTGACATGGAAGGA-1,11083,19539,5,3
ATCTGCACCTCTGCGA-1,19794,10965,5,3
ATCTGCTGTTATCGCC-1,13403,20550,3,5
ATCTGGTTAAGACTGT-1,16168,10205,4,1
ATCTGTAATTGTACCC-1,13415,7426,3,4
ATCTTGACCTGCAACG-1,11526,10200,4,1
ATCTTGACTTGTCCAA-1,20809,11218,4,1
ATGAAGCCAAGGAGCC-1,11818,9191,4,1
ATGACGCCGGCTCTAA-1,13560,7678,3,3
ATGACGCGTTCTATCC-1,9490,16761,5,1
ATGACTATCAGCTGTG-1,11373,19539,5,3
ATGACTATGCGACATT-1,17904,15759,5,1
ATGAGGAGTGTTAATC-1,10221,9947,4,1
ATGATCGGGAATAGAC-1,12979,7678,3,5
ATGATGCAATGGTACA-1,12393,14744,3,3
ATGCACTACCGCATTG-1,11671,10453,4,1
ATGCATGATCCAGGAT-1,14573,9951,4,1
ATGCCATTTGCGACCA-1,18340,14497,4,1
ATGCCGGTCTTGCATA-1,16022,11466,4,1
ATGCCGGTTGATGGGA-1,17185,8439,3,3
ATGCGACAGTCCCATT-1,15441,12476,3,2
ATGCGAGTCCCACCAC-1,20225,15761,4,1
ATGCTCAGTGTTGCAT-1,9352,8937,4,1
ATGCTCTGGCGCGGTA-1,16160,18786,3,2
ATGGAGCAGGCCGTGA-1,14715,12727,5,3
ATGGATCCGGCGTCCG-1,16605,8438,5,3
ATGGATTGACCAAACG-1,13992,10455,4,1
ATGGCAGCCGAGAAAC-1,6448,11963,4,1
ATGGGACCTGCTGAAC-1,9633,19033,4,1
ATGGGCCTCGGCCTCT-1,18340,15002,5,1
ATGGTCGCGTGGTTTC-1,17469,15001,4,1
ATGTAAGGCTGCTCTT-1,21389,11724,4,1
ATGTACGATGACGTCG-1,14418,20299,3,2
ATGTAGCGCGCGTAGG-1,15578,20805,4,1
ATGTGCATCCGACGCA-1,13413,9445,4,1
ATGTGGACATCTTGAT-1,15438,15504,3,4
ATGTTACGAGCAATAC-1,9353,7422,4,1
ATGTTCGTCGACCCAC-1,7173,12216,3,4
ATGTTGTAGTCTGTTT-1,11953,20044,3,4
ATTAAACATGCGGACC-1,13698,14493,3,5
ATTAATACTACGCGGG-1,14719,9194,4,1
ATTAATGAACCAGTCG-1,16604,9448,3,4
ATTAATTCGGTCACTC-1,14720,7175,3,4
ATTACAACTACCGGCC-1,17767,6420,3,5
ATTACATGTCAGTCTT-1,20804,16266,1,2
ATTACGCGCTGGCAGG-1,9493,13732,3,5
ATTACTAGCCTCTTGC-1,11528,8181,4,1
ATTACTTACTGGGCAT-1,19650,9198,4,1
ATTAGATTCCTCAGCA-1,20375,9956,4,1
ATTAGATTGATAGCGG-1,12253,8434,4,1
ATTAGGCGATGCTTTC-1,15440,12980,5,3
ATTATACTTTGCTCGT-1,16460,8186,5,3
ATTATCGGAATGTACG-1,13402,21055,4,1
ATTATCTCGACAGATC-1,13997,5407,4,1
ATTATGCCATAGGGAG-1,12833,8940,4,1
ATTCAACCATTTAAGG-1,19642,18284,3,2
ATTCACTGATGTTGGA-1,15001,17775,1,2
ATTCAGGACCTATTTC-1,19361,8693,4,1
ATTCAGTAGCAGGGTC-1,8770,10450,4,1
ATTCATATACTGTCCA-1,13843,15250,3,1
ATTCATCGTTGAGGCA-1,18046,19040,4,1
ATTCCCACATAAACAA-1,8625,10198,4,1
ATTCCTCCGCCAGTGC-1,10802,9443,3,5
ATTCGACGCCGGGCCT-1,8913,12722,4,1
ATTCGTGCTATCTCTT-1,21096,14247,3,5
ATTGAAGATCTTAGTG-1,12251,11463,3,4
ATTGACGTAACTCGGT-1,15592,5661,4,1
ATTGATGAGTCCTAAC-1,19503,11974,5,3
ATTGCCTTTATGTTTG-1,17320,19797,4,1
ATTGCTGCTCCTCCAT-1,11379,12472,3,5
ATTGGATTACAGCGTA-1,19933,17275,5,2
ATTGTACAACTCGGCT-1,20083,12480,5,3
ATTGTCGCAATACCTT-1,17476,7429,3,3
ATTTACAGTTTACTGG-1,10655,11209,2,1
ATTTACTAAGTCCATT-1,21244,11471,4,1
ATTTCATTATTTCGCG-1,16461,7176,3,4
ATTTCCGGGTTCTGCG-1,10214,17519,4,1
ATTTGCGCGAGTAGCT-1,9635,17013,5,1
ATTTGTCTTGGGAGCT-1,17325,13739,4,1
ATTTGTTCCAGGGCTC-1,15445,8437,3,5
CAAACGAGTATCGCAG-1,11957,15501,4,1
CAAACGGTCGCACTTT-1,10945,11209,2,1
CAAACTACGATAGAGA-1,17332,6672,3,4
CAAACTATTGAGCTTC-1,16027,6419,4,1
CAAACTCGCGACGCCG-1,21241,15005,3,5
CAAAGATTATTGGGCC-1,9489,17770,5,1
CAAATCTCTCACAAGG-1,8621,14741,4,1
CAAATTGTCAGCAAGC-1,14866,6922,3,4
CAACGACCCGTTTACA-1,12398,8687,4,1
CAACGGTTCTTGATAC-1,10658,8181,3,5
CAACTATATCGAATGC-1,16606,7429,5,3
CAACTCCTTGATCCCG-1,11818,8182,4,1
CAACTGCTCATCCGAT-1,13115,18531,3,3
CAACTTGTAGTGGGCA-1,11095,5909,4,1
CAAGAGGGCGGAGTAC-1,15874,15252,3,4
CAAGATATTATAACGT-1,18050,15002,5,1
CAAGCAACGTCGGAGT-1,10655,11714,3,5
CAAGCACCAAATGCCT-1,14719,8184,3,4
CAAGCGGCACATAATT-1,15582,17271,1,2
CAAGGATCGCATGTTC-1,15005,13737,1,1
CAAGGTCCTATAGGCT-1,21098,12228,4,1
CAAGTAAGTGATAGAC-1,12822,21055,4,1
CAAGTGTGGTTGCAAA-1,18776,13740,4,1
CAATAAACCTTGGCCC-1,15878,10204,4,1
CAATACGCTCTGAGGC-1,6591,13729,5,1
CAATATTCTTGACCTA-1,10940,17267,5,1
CAATCCCTATACCAGC-1,17912,6673,3,5
CAATGCGAGAAGTATC-1,17032,17272,4,1
CAATGGATCTCTACCA-1,17618,10711,3,4
CAATGTGCCAACCCTT-1,21823,12986,3,5
CAATTAAGGGTGATGA-1,14572,10960,4,1
CAATTTCGTATAAGGG-1,14280,12979,5,3
CACAATGAGCTGCTAT-1,12393,14240,3,3
CACACACGCTAACGAG-1,20078,17528,5,2
CACACAGGGATAGATT-1,9061,9946,2,1
CACAGCACCCACGGCA-1,13701,11464,3,1
CACAGCTAGGGAGTGA-1,13849,8688,3,4
CACAGGGCCATATAGT-1,19207,18032,1,2
CACAGGGCCGTTGTCA-1,13839,19289,3,2
CACATATTAGCAGGAT-1,15728,15504,3,4
CACATGATTCAGCAAC-1,14425,13232,5,2
CACATTCTTTCGATGG-1,18201,8187,3,4
CACATTTCTTGTCAGA-1,20806,14752,3,5
CACCACGCCACACAGA-1,6301,13729,5,1
CACCAGTCAGCATGCA-1,8328,18779,4,1
CACCATCGGAGGAGAC-1,13996,6417,4,1
CACCCACACGTCACCC-1,11383,7929,1,1
CACCCACGAGGCAATT-1,17620,8692,3,5
CACCCGGTTTGTGACT-1,10795,17014,4,1
CACCCTAACAAGATCT-1,16742,17777,1,2
CACCCTTGGTGAGACC-1,7460,16254,2,1
CACCGATACACCGAGC-1,17332,6167,1,1
CACCGCCAGAAGGTTT-1,13702,10455,4,1
CACCGCCGACCAGCGA-1,14867,5913,4,1
CACCGTATCCCATCCG-1,20224,16771,5,2
CACCGTTAGGGATCAC-1,10505,17014,4,1
CACCGTTGCGCGATAT-1,9346,15499,4,1
CACCTAATAGAGTCGT-1,8773,7926,4,1
CACCTAATCAGTTTAC-1,15589,8690,4,1
CACCTCGATGGTGGAC-1,15300,8185,3,5
CACCTTGCGAAACTCG-1,17329,9701,3,4
CACCTTGGCGCCTTTG-1,20081,14499,4,1
CACGAAAGTTAGTCCC-1,9349,11965,4,1
CACGCACAGCGCAGCT-1,15588,9699,5,1
CACGCAGCGAGGCTTT-1,11380,11462,4,1
CACGCGGAACTGTTGC-1,19356,14246,4,1
CACGGGATTGAGGGTT-1,6739,11458,5,1
CACGTCGGCAACCTCT-1,10506,16005,4,1
CACGTTCGTGCTCTAG-1,16891,12982,4,1
CACGTTTCGTACACAC-1,18337,17526,4,1
CACTAAAGTTGCCTAT-1,12540,12473,3,3
CACTCAAGAGCTATGG-1,13409,13483,3,3
CACTCAGCTCTTGAGG-1,15446,6418,3,4
CACTCCTATGTAAGAT-1,10359,17771,5,1
CACTCCTCTCGGTCGG-1,17766,7430,3,3
CACTCGAGCTGAACAA-1,15873,15757,1,1
CACTCGGTTAGGAGGA-1,7028,12468,3,4
CACTCTTCTGCTAGCC-1,19787,18537,1,1
CACTGACGATTGTGGA-1,12533,20045,4,3
CACTGTCCAAGTGAGA-1,11383,8434,4,1
CACTTAATCAGACGGA-1,12105,12220,3,4
CACTTCGCCACAGGCT-1,9642,8937,3,5
CAGACACCGATCGCTG-1,12536,17016,1,1
CAGACCTGTAAGTGTT-1,19503,11470,5,3
CAGACGAACCTGATAC-1,12391,16259,4,1
CAGAGACGGTCACCCA-1,13406,16512,4,1
CAGAGCATGAGCTTGC-1,15298,10204,4,1
CAGAGGCGATGCATGA-1,12100,17268,3,2
CAGAGTGATTTAACGT-1,15157,5913,4,1
CAGATACTAACATAGT-1,11817,10201,4,1
CAGATCATTTAAAGTC-1,20811,9199,4,1
CAGATCCTGGTTTGAA-1,7603,17516,4,1
CAGCAGCCCGTTCCTT-1,16458,10710,4,1
CAGCAGTCCAGACTAT-1,19644,16265,1,2
CAGCAGTCTGTGCTGC-1,15870,19291,3,2
CAGCCGGGCCCTCTAT-1,17477,6420,3,4
CAGCCTCCTGCAGAGG-1,16314,9448,3,5
CAGCCTCTCCTCAAGA-1,18927,7431,4,1
CAGCGATTCCCTTCAA-1,11375,17015,5,1
CAGCTCACTGAGACAT-1,13701,11969,3,4
CAGCTCGACAAGTTAA-1,18199,10711,3,4
CAGCTCGTGCTTGTGT-1,11239,7171,3,5
CAGCTGGCGTAACCGT-1,8330,15750,4,1
CAGCTTAGTAGGTAGC-1,9204,11713,4,1
CAGGAAGACTTTATAT-1,17477,6925,3,3
CAGGATATATCGTTGT-1,13843,14746,3,1
CAGGCAGTCTTACCAG-1,17465,20049,4,1
CAGGCCGTTTGGGTGT-1,11378,13481,3,5
CAGGCGCACGGTGGTC-1,9199,17770,5,1
CAGGCGCCATGCTAGG-1,15728,16009,4,1
CAGTAACTATTTATTG-1,19796,8441,4,1
CAGTAATCCCTCCCAG-1,8772,8936,2,1
CAGTACATTCTCTAAA-1,19941,8694,4,1
CAGTACCAGTTTACGT-1,7750,15750,4,1
CAGTAGCCCACGCGGT-1,18344,9954,4,1
CAGTCGAGGATGCAAT-1,19505,9955,4,1
CAGTCTGTATACTGGG-1,14714,14242,3,2
CAGTGAATAAATGACT-1,17184,9953,3,5
CAGTGTCCGCAGAATG-1,10514,7423,2,1
CAGTGTCGGCTGGCCC-1,18483,16769,5,1
CAGTTCAAATTGACAC-1,12541,10959,3,5
CAGTTCCGCGGGTCGA-1,8916,10198,4,1
CATAACGGACAGTCGT-1,18777,12731,4,1
CATAAGAAGCTTGGCT-1,15581,18281,3,2
CATAAGCTCTCCGTCT-1,7171,14235,4,1
CATACAAAGCCGAACC-1,10224,6918,4,1
CATACACGGTTCCCAC-1,13114,19036,3,3
CATACCCGTACCCAGT-1,9638,12975,3,5
CATACGAACTAGCTGG-1,9632,20042,3,5
CATACGGCGTCTGGGC-1,14280,13484,1,2
CATACTATGTAATTGT-1,12104,12725,4,1
CATACTTAGGCAATAC-1,21533,12986,3,5
CATACTTCTTTCTCCG-1,12677,20802,4,1
CATAGCCGCCCGGGAT-1,8335,10198,4,1
CATAGCGTTGCCCACC-1,11230,17267,5,1
CATAGTACATTGAGAG-1,16316,7428,3,3
CATAGTAGCATAGTAG-1,11673,8434,4,1
CATAGTCCACAAGAAC-1,9636,14994,4,1
CATATACTACTGATAA-1,19941,8189,4,1
CATATAGGTACAGTCA-1,13118,14493,3,4
CATATGTCAGGCTACG-1,8620,15750,4,1
CATATTATTTGCCCTA-1,16607,5914,4,1
CATCATCTACCCGGAC-1,15156,6418,5,4
CATCATTACCCTGAGG-1,18773,16769,5,1
CATCCTCTCAAAGATC-1,18483,17274,4,1
CATCGGACGGGTTAAT-1,13554,14241,3,4
CATCTATCCCGTGTCT-1,19651,8189,4,1
CATCTTACACCACCTC-1,19502,12984,3,5
CATGAACCGACATTTG-1,11385,6414,3,5
CATGACTTCGCTGAAT-1,20517,13742,3,5
CATGAGATGCACTCTC-1,16596,18534,4,1
CATGATGCACAATTCT-1,15154,8942,1,1
CATGATGGAAGTTAGC-1,20080,15004,4,1
CATGCCAACTCGCAAA-1,8186,14488,4,1
CATGCGACCAGTTTAA-1,19359,10208,4,1
CATGCGTTAGACAGAA-1,14285,7427,3,4
CATGCTGGCTCCAATT-1,13851,6669,4,1
CATGGATTGTCTTCCG-1,19788,17527,5,2
CATGGCAGGAAGATCG-1,13414,7931,3,3
CATGGGTATGCCTTAT-1,17032,17777,5,2
CATGGGTCGGGTGTGG-1,17475,8944,3,5
CATGGTAAGTAGCGTT-1,15729,15000,3,4
CATGGTCTAGATACCG-1,14718,10203,4,1
CATGTAAGAGACATTT-1,18193,17273,4,1
CATGTCTCATTTATGG-1,17468,16011,4,1
CATTACGTCGGCCCGT-1,14574,8436,3,5
CATTATGCTTGTTGTG-1,12687,10201,4,1
CATTGCGAAATGGGCG-1,6882,12720,2,1
CATTTAGCGGACCATG-1,17474,9953,3,5
CATTTCTAGCAGACTA-1,8918,7674,4,1
CATTTGAGTGGTACGT-1,12101,16258,4,1
CCAAACAGAACCCTCG-1,12108,9191,4,1
CCAACCTTATGTAACT-1,11082,20548,4,1
CCAACGATGCACTGAT-1,10510,11461,4,5
CCAAGAAAGTGGGCGA-1,12681,16764,4,1
CCAAGACTTCTGCGAA-1,14139,8688,3,4
CCAAGCGTAACTCGTA-1,15441,11971,1,1
CCAAGGAACAGAGAGG-1,12109,7172,3,3
CCAATAGTGCCGTCGA-1,11235,12219,3,5
CCAATCGGTAGATCGA-1,17331,7177,3,3
CCAATGTCACAGCAAG-1,12249,12977,3,5
CCAATTACGGGTCGAG-1,18636,8440,3,5
CCAATTGAATGTTAAT-1,11818,8686,4,1
CCACAATGTACGTCTT-1,17473,10963,3,5
CCACACTGAGATATTA-1,12249,13482,3,5
CCACAGTACCCATCCT-1,18484,15759,5,1
CCACCAACTTTACTGT-1,10940,16762,4,1
CCACCCAAGGAAAGTG-1,16021,12981,5,3
CCACGGAGCCATAAGA-1,9056,15498,4,1
CCACGGTGCCCGGTAG-1,20663,12480,3,4
CCACTGGTGGCTGGTT-1,8187,13479,4,1
CCAGAAAGCAACTCAT-1,10360,16762,4,1
CCAGATAGTTGAGTGA-1,17328,10710,4,1
CCAGCCTGGACCAATA-1,14570,12980,5,3
CCAGCTCGAACGCATT-1,14564,19542,3,2
CCAGCTGATGGTACTT-1,8188,12974,4,1
CCAGCTTCCGCCCGCA-1,7609,10954,2,1
CCAGGGACGTGGCCTC-1,12832,10454,4,1
CCAGTAGTCTGATCCA-1,18344,10459,3,4
CCAGTCAAATCTCTTA-1,6301,14234,4,1
CCAGTCTAGACGGCGC-1,17619,9701,3,4
CCATAAACAACCCGAC-1,16171,7176,3,4
CCATACCTTTACTTGT-1,19939,11218,5,3
CCATAGGTTGGCGTGG-1,14139,8184,3,3
CCATATGGAAACTATA-1,20079,17023,5,2
CCATCCATACCAAGTC-1,10659,7171,4,1
CCATCGCAGTTAAACT-1,14132,16260,4,1
CCATCTCACCAGTGAA-1,19357,13236,3,5
CCATGCCCTAGATTTC-1,19353,17779,3,2
CCATGCCTGTTTAGTA-1,12830,12473,3,3
CCATGCTCTGCAGGAA-1,11383,8938,3,5
CCATGGCCCTTGTACC-1,8334,11712,2,1
CCATTAGCGATAATCC-1,11235,11715,3,5
CCATTCCCTGCCCACA-1,10800,11967,3,5
CCATTTCTACCTATTA-1,15436,17523,1,2
CCCAAACATGCTGCTC-1,17907,12225,3,4
CCCAACATACGTCGCG-1,10217,14490,3,5
CCCAACCACACTAACA-1,14722,5660,4,1
CCCAATGAGATTTGCA-1,10939,18781,5,3
CCCAATTTCACAACTT-1,9928,13480,3,5
CCCAGAGGAGGGCGTA-1,20376,8946,4,1
CCCAGTAAACTTGGGA-1,6879,16758,4,1
CCCAGTTAAGGCGCCG-1,17035,14244,4,1
CCCGAAGTTTCGCGAA-1,6735,14992,4,1
CCCGACCATAGTCCGC-1,15879,8690,4,1
CCCGAGTTTCTCCGTA-1,20805,15761,3,5
CCCGCAGCGCGAACTA-1,14857,16008,3,4
CCCGCAGGGCCCAAAG-1,16607,6419,3,4
CCCGCCATGCTCCCGT-1,11093,8433,3,5
CCCGCGCAATGCACCC-1,8482,8431,4,1
CCCGGTGTATCGGAAT-1,7604,17012,4,1
CCCGTAAGTCTAGGCC-1,9202,13732,4,1
CCCGTCAGCGTCTGAC-1,12543,9444,4,1
CCCGTTTCGCAGATGT-1,20514,16771,5,2
CCCTATGTAGAGCAGA-1,8618,18779,5,1
CCCTCATTCTGGAATT-1,11529,7676,3,4
CCCTCCTCGCTCGTAT-1,20514,16266,3,2
CCCTGAAATGAGTTGA-1,10800,11462,3,5
CCCTGACTAACAAATT-1,6882,13225,4,1
CCCTGCCCAATCCGCT-1,7897,13983,4,1
CCCTGCGCTACGCATA-1,8624,12217,4,1
CCCTTTGACAGGTCTT-1,13262,16259,4,1
CCGAAAGTGGTGAGCA-1,9063,7927,2,1
CCGAACCTTCCCGGCC-1,15438,16009,1,1
CCGAAGTATATTGTTC-1,8336,9188,4,1
CCGACAAAGGGAGTGC-1,8189,11964,2,1
CCGACGGGCATGAGGT-1,8909,17265,5,1
CCGAGAAGTCGCATAA-1,21386,15257,3,5
CCGATCTCAACCTTAT-1,19792,12984,3,3
CCGATTCGAGGGACCC-1,8042,13226,4,1
CCGCACAAAGACCAAC-1,16166,12729,4,1
CCGCACGTGACCTCGG-1,8915,10703,4,1
CCGCATGTGGTACGAT-1,14711,17775,1,1
CCGCCGGTCAACACAC-1,13125,6921,4,1
CCGCCTGCGAATTGGT-1,19217,7431,4,1
CCGCGATTTGGTAGGT-1,6447,13477,4,1
CCGCGGAATGCGTCAC-1,11666,16510,4,1
CCGCGGGTACGAAGAA-1,8914,11712,4,1
CCGCGTAGGTAAGGGC-1,8334,11207,2,1
CCGCTATCAGCACCAG-1,14278,14998,3,1
CCGCTTACCTCACTCT-1,10216,15500,4,1
CCGGAATGGTTTCAGT-1,9786,9694,4,1
CCGGAGCGTACTTTCT-1,13260,18279,3,3
CCGGCACGACCGTTTC-1,21243,12481,4,1
CCGGCGCATATTGGAT-1,13270,7173,4,1
CCGGCGTGAGACTCTG-1,6735,15496,4,1
CCGGGCGGTCTCGTCA-1,16167,11719,4,1
CCGGGCTGCTCCATAC-1,17616,12730,4,1
CCGGGTTCGAGGTTAC-1,9783,13228,3,5
CCGGTAATGGCTAGTC-1,21678,13238,3,5
CCGTAAGTTGGTCCCA-1,16312,11972,4,1
CCGTACCCAAGCGCCA-1,10079,6666,2,1
CCGTAGGAAATCCCTG-1,19062,18789,4,1
CCGTATCTCGTCGTAG-1,9054,17013,5,1
CCGTGCCCATGACGGC-1,12110,6667,3,1
CCGTGGAACGATCCAA-1,20520,9704,4,1
CCGTGTTAAATTCCAT-1,10361,15752,4,1
CCGTTACGTTAGAACA-1,17910,8692,3,5
CCGTTCCGAATCTCGG-1,8332,13731,4,1
CCTAAAGGCTGACGCT-1,17041,7177,3,3
CCTAAATTAACGGTTC-1,15004,14242,3,2
CCTAACCCAAACAAGT-1,18049,16011,4,1
CCTAACTAAGGCTCTA-1,18635,8945,4,1
CCTACATTCACAGACG-1,9925,16509,5,1
CCTACGGCTCAGTCGA-1,9788,7675,2,1
CCTACTGCTTACACTT-1,12252,10453,4,1
CCTAGGCGTAGCGATC-1,17907,12730,4,1
CCTAGGTAAAGGTAGC-1,6734,16506,4,1
CCTAGTTAGTCGCATG-1,15591,6671,3,4
CCTATATTTGTCCTGG-1,12679,19288,3,3
CCTATGAAGTGGTGCC-1,21243,12986,3,5
CCTATGGCTCCTAGTG-1,8617,19284,4,1
CCTATGGGTTACCGTC-1,15152,10961,4,1
CCTATGGTCAAAGCTG-1,14998,20804,4,1
CCTATGTCCACTCCAC-1,18481,19293,5,1
CCTCACCAATCTTGAC-1,10223,7928,3,5
CCTCACCTGAGGGAGC-1,19939,10713,5,1
CCTCACCTTAGCATCG-1,19214,10460,5,3
CCTCCCGACAATCCCT-1,14286,5912,4,1
CCTCCGACAATTCAAG-1,9929,11966,3,5
CCTCCTGAGCCCACAT-1,6302,13224,4,1
CCTCCTGTTGTGTCGT-1,19061,19293,4,1
CCTCGAAGTGGACGGG-1,15445,7428,3,4
CCTCGCCAGCAAATTA-1,15880,8185,3,5
CCTCGCGCGATATAGG-1,18925,8945,4,1
CCTCGGACCGGGATAG-1,17470,13992,4,1
CCTCGGATGCTACCTG-1,6593,11710,5,1
CCTCTAATCTGCCAAG-1,15734,9447,4,1
CCTCTATCGATTAGCA-1,8910,16760,4,1
CCTCTCTCCCATCTAG-1,10364,12219,3,5
CCTCTGGCCTAGACGG-1,16026,7428,3,4
CCTCTGTACTATTCTA-1,13986,17017,4,1
CCTGAACGATATATTC-1,17471,12982,4,1
CCTGAATATTTACATA-1,15444,9447,5,1
CCTGACCACCGATGGT-1,13988,14998,4,1
CCTGCCCGTTGTCTAG-1,6448,12467,4,1
CCTGCGTTCTACGCTT-1,7174,11711,2,1
CCTGCTATTTGAGAAG-1,12397,10201,4,1
CCTGGAAACGTTCTGC-1,21532,13491,3,5
CCTGGCTAGACCCGCC-1,11381,10957,4,1
CCTGTAAGACATGATA-1,11089,12976,3,3
CCTGTACTCACGCCCA-1,8622,13731,4,1
CCTGTCACCCGGGCTC-1,14862,10961,4,1
CCTGTCCCTCACGTTA-1,21678,12734,3,5
CCTGTCGCCCGTAAAT-1,14135,12727,5,3
CCTGTTTGAAGACACG-1,18772,18284,4,1
CCTTCGTATAGAATCC-1,13983,21056,4,1
CCTTCTTGATCCAGTG-1,15735,8437,3,5
CCTTTAAGGGAGCACT-1,12390,18278,1,3
CCTTTCAATGAAGAAA-1,18924,9955,4,1
CGAAACATAGATGGCA-1,16317,6419,3,1
CGAAACGCAATTCATG-1,9927,13985,3,5
CGAACAGTATGGGCGT-1,19064,16265,5,1
CGAACCCGCATGCGTC-1,12247,16006,4,1
CGAACGCCCAGTGCCG-1,15301,7175,3,4
CGAACGGCCGGACAAC-1,7315,15497,4,1
CGAAGCTATAAATTCA-1,20376,8442,4,1
CGAAGTTGCTCTGTGT-1,10219,11966,3,5
CGAATGACGCATAATG-1,13404,19541,3,3
CGACAATTTGATCTAA-1,18920,14498,5,1
CGACACGCTCCGACAG-1,18775,15255,5,1
CGACAGTTCGCGTTAT-1,11234,12724,3,5
CGACATGCGATCTTCT-1,14432,5660,4,1
CGACCCTTAACGCCGG-1,6880,15749,4,1
CGACGCATCCGTACCT-1,6589,16253,4,1
CGACTCAGGATGTTAT-1,18055,9449,3,5
CGACTTTGTATAGCCT-1,20953,11976,4,1
CGAGACCCTAGAGTGT-1,13989,14493,4,1
CGAGAGATGTGAACCT-1,15732,10961,4,1
CGAGAGCTTTCACTAC-1,17900,19797,4,1
CGAGAGGGTAGCCGCG-1,20223,17780,5,2
CGAGCACTTCAAGTTT-1,8771,9441,4,1
CGAGCGTTGATCAGCC-1,11820,6667,3,5
CGAGCTGGGCTTTAGG-1,14865,7932,3,5
CGAGGCTAAATATGGC-1,15442,10961,4,1
CGAGGGACTGCGGTCG-1,16456,13234,4,1
CGAGGGTATCCAGGTG-1,13839,19793,3,4
CGAGTACTAAAGAGGA-1,10217,14995,3,5
CGAGTGAAGGTACCAG-1,9344,17518,5,1
CGAGTGCTATAGTTCG-1,10660,6161,2,1
CGAGTTCTGTCCCACC-1,17473,10458,4,1
CGAGTTTATCGGACTG-1,18632,12983,4,1
CGATACCTCGCGGACA-1,12104,13734,3,4
CGATCCGACCCAGTGC-1,12394,13230,3,4
CGATCCTCGCAACATA-1,10937,20296,4,1
CGATCTGTTGGAGGAC-1,8621,15246,4,1
CGATGGACCCTACGCC-1,19070,9198,4,1
CGATTAAATATCTCCT-1,14131,17775,1,2
CGATTCGCCTGGCTGC-1,15726,18028,1,2
CGCAAACACGAGTTAC-1,10511,10452,2,1
CGCAATTACTTTCGGT-1,9932,9442,3,5
CGCAATTAGGGTAATA-1,11526,10705,4,1
CGCAATTCTACAATAA-1,9206,10198,4,1
CGCACATGTCCACTAC-1,17761,13487,4,1
CGCACGTGCGCTATCA-1,19501,13489,3,5
CGCAGAAACATTTGCG-1,13561,5659,4,1
CGCAGGCGATCCAAAC-1,19934,16770,3,2
CGCATGGTGCGATGCT-1,14714,13737,3,2
CGCATTAGCTAATAGG-1,13412,10455,4,1
CGCCAAGAAGCCGAGT-1,7607,13478,4,1
CGCCACAGGTCGCGAT-1,6444,16001,2,1
CGCCATCCGATTATGA-1,16749,9700,3,4
CGCCCAGCGTTTCACG-1,18045,20050,4,1
CGCCCGCTTCCGTACA-1,16750,8186,5,3
CGCCGCCCATGCCTGT-1,17181,13487,4,1
CGCCTCCCTCCTCTAT-1,15729,14495,3,2
CGCCTGGCCTACGTAA-1,9057,13984,4,1
CGCGACCGCGACAGAT-1,16886,18534,4,1
CGCGAGTCTGCCGGGT-1,8039,16760,4,1
CGCGCAAATGTCCAGA-1,8619,17770,4,1
CGCGCATGTTTGATTG-1,12972,16259,4,1
CGCGCCCGACTTAATA-1,16024,8943,3,1
CGCGGCTCAACTTGAA-1,19210,14498,5,1
CGCGGGAATTAGGCAG-1,16748,10710,4,1
CGCGTTCATGAAATAC-1,12542,10454,4,5
CGCTACGGGACATTTA-1,12104,13230,3,5
CGCTAGAGACCGCTGC-1,19792,13489,3,4
CGCTATACCGCCCACT-1,10369,7171,2,1
CGCTATTCAATGTATG-1,9642,8432,3,5
CGCTATTCTTAGGCTC-1,13845,13231,3,2
CGCTCGACATAATGAT-1,11673,8939,4,1
CGCTCTCCGTAGATTA-1,10510,11966,3,5
CGCTGGTGACTACCCT-1,19354,15760,4,1
CGCTGTGACGCCGCAC-1,11962,9948,4,1
CGCTGTGTGGATGTTG-1,11374,18529,5,3
CGCTTAGTATTGATAC-1,12678,20297,1,3
CGCTTATTCCCGGTCG-1,9492,14237,3,5
CGCTTCCACTGAAATC-1,11238,8181,4,1
CGCTTTCATACCGGTG-1,12400,7172,5,3
CGCTTTCTTGCATTCG-1,17473,11468,3,5
CGGAACGTAAACATAG-1,11667,15501,4,1
CGGAGCAATTTAATCG-1,13841,17270,4,1
CGGAGCATGGCGATCC-1,14860,13485,1,1
CGGAGCTTATAACACC-1,17622,6168,3,5
CGGAGTTTGAGAGACA-1,10075,11209,4,1
CGGATCCTCAAGGACT-1,16741,18787,4,1
CGGCAAACATCGTGCG-1,14712,16766,4,1
CGGCAGGGTCGGGTTG-1,18778,11721,5,3
CGGCCACGCACAAAGT-1,13700,12474,3,3
CGGCCAGAGCGACCAT-1,12242,20549,4,1
CGGCCCAACCTGTAGT-1,21390,10714,4,1
CGGCCCAGGTATATCC-1,20371,14499,4,1
CGGCGCCATCAATCCC-1,18627,18536,4,1
CGGCTCTAAAGCTGCA-1,21095,15257,3,5
CGGCTTTGTATGATAA-1,13271,5659,4,1
CGGGAATATAGTATAC-1,20370,15509,4,1
CGGGAATTTATGTAAA-1,14568,14999,3,4
CGGGAGCTTCAGTGTA-1,18339,16012,4,1
CGGGATCAATGTAAGA-1,13703,9445,4,1
CGGGCAGCTAAACCGC-1,13266,11716,3,4
CGGGCCTTCTTTGTAA-1,13119,13988,3,3
CGGGCGATGGATCACG-1,16013,21057,4,1
CGGGTGTACCCATTTA-1,17617,11720,3,5
CGGTACTAGAATCAAA-1,17180,14496,4,1
CGGTAGAGGTGCAGGT-1,18490,9197,1,5
CGGTCAAGTGGGAACC-1,16748,10205,4,1
CGGTCCGTCGCAAGCC-1,12533,19540,3,3
CGGTCTATCAACCCGT-1,17040,8186,3,3
CGGTGAAGACTAAAGT-1,8478,12469,4,1
CGGTGCAGATAGAACG-1,10362,14238,3,5
CGGTGCGCGTTGGTCC-1,10796,16005,4,1
CGGTGGGCTCCAGCCT-1,19507,7431,4,1
CGGTGTACTTGATCCC-1,9643,7927,2,1
CGGTTATCCAACAGTG-1,19358,11217,5,3
CGGTTCAAGTAGGTGT-1,19360,9703,4,1
CGGTTGACCTGGCATA-1,8768,13479,4,1
CGTAACTTCGACACTT-1,12387,20802,4,1
CGTACCTGATAGGCCT-1,15009,9194,4,1
CGTAGCGAATTGTCAG-1,15446,6923,3,4
CGTATTAAGAGATCTA-1,12976,11716,3,4
CGTCAAGGCTATAAAT-1,7174,11206,2,1
CGTCACGTCCATTGGT-1,12537,15502,3,5
CGTCGCATGTGAGCCA-1,16304,20048,1,2
CGTCGCTTGGTTATAC-1,8762,19537,4,1
CGTCGGATAGTGTTGA-1,19067,12226,3,3
CGTCGGGTCTAAGCGC-1,8329,17265,4,1
CGTCGTCCTTCGCGAA-1,16161,17776,1,2
CGTCTGGAAGGGCCCG-1,14140,7679,3,4
CGTGAAGTTAATTCAC-1,13264,13736,3,3
CGTGACATTGGGTCGT-1,17186,7429,3,3
CGTGACCAGTCCTCTG-1,13114,19540,3,3
CGTGCAGACTGGGACA-1,15875,13738,3,2
CGTGCATTGTCGACGC-1,9638,13480,3,5
CGTGCCCTCCCGAAGA-1,16309,14495,3,4
CGTGCTTCTACCTAAA-1,9197,19285,4,1
CGTGGCCGAATATCTA-1,19790,15508,4,1
CGTGGTACCCAAAGGC-1,11227,20296,3,4
CGTGTCCCATTCGCGA-1,10946,10705,4,1
CGTGTCTCGTTACGAC-1,10068,18781,5,1
CGTTAAACTAGTTAGG-1,21240,16014,3,5
CGTTAATGTCCCGACG-1,17756,18535,4,1
CGTTAGCTCACAACTG-1,18202,7178,3,4
CGTTCAGACCCGCGAA-1,13984,20046,3,4
CGTTCATGGTGCGCGT-1,8040,15750,4,1
CGTTGAATACCGCGCT-1,16306,18029,1,2
CGTTGAGCGACCGTCG-1,15874,14747,3,4
CGTTGTAAGATTGATT-1,20810,10209,4,1
CGTTGTCGGCAATTGA-1,14709,19794,3,2
CGTTGTTTCAATTCCC-1,10944,12219,3,5
CGTTTAAGCGGAGCAC-1,13705,6921,4,1
CGTTTCACTTCGGGCG-1,18491,8188,3,5
CGTTTCGCTCATTACA-1,12250,12473,3,3
CGTTTGTGTAGAGGGT-1,11085,17519,5,1
CTAAAGAATGCCTACT-1,10364,12723,3,3
CTAAAGGGAAATAGGA-1,14133,14746,4,1
CTAAATCCGGTGTACA-1,10213,19033,5,1
CTAAATCCTATTCCGG-1,17329,10206,4,1
CTAACCGCGCGCCCGT-1,10218,12976,3,5
CTAACGAAACTTGCTG-1,18778,11217,5,3
CTAACTGATAATCGCC-1,19932,18285,3,2
CTAACTGGTCCGGTTC-1,10361,16257,4,1
CTAAGGGAATGATTGG-1,15584,14747,3,4
CTAATTCGCACGCGCT-1,10075,10704,2,1
CTAATTCTCAGATATT-1,20375,10461,4,1
CTAATTTCAACAACAC-1,9062,8936,2,1
CTACACTCGCAGATGG-1,19787,18032,3,2
CTACCCTAAGGTCATA-1,18343,11469,5,3
CTACGACTAGCTATAA-1,8623,13227,4,1
CTACGCACGGAGTACC-1,13410,12474,3,3
CTACGCCATTTCCGAT-1,16752,6672,3,4
CTACTATCATAGGTTT-1,8764,17013,4,1
CTACTATCTTTCAGAG-1,18633,10964,5,3
CTACTCAAGGTATAGT-1,11229,18782,5,3
CTACTCTAGGCCCGGC-1,8769,11460,4,1
CTACTGCCACCTGACC-1,14282,10455,4,1
CTAGATGTGAGTGTAA-1,20083,11975,5,3
CTAGATTTACGACGGC-1,15874,14243,1,1
CTAGCATAGTATAATG-1,14716,12222,5,3
CTAGCCGATGTTATGA-1,19795,9451,4,1
CTAGGCGCCCTATCAG-1,18338,16516,4,1
CTAGGTCTGAAGGAAT-1,20227,12732,5,3
CTAGGTTCGGACGTGA-1,15291,18280,3,2
CTAGTAGAAAGGGATT-1,16885,19544,4,1
CTAGTATTCGGAATTA-1,16751,7176,3,3
CTAGTCACGTCTTAAG-1,15150,12980,5,3
CTAGTGAAGGACAGGA-1,10654,12219,3,5
CTAGTTACAACCCGGT-1,14857,17018,4,1
CTAGTTGGGCCCGGTA-1,15008,10204,4,1
CTATAAGAGCCAATCG-1,19649,10208,4,1
CTATCGACGAAATACA-1,18628,17021,4,1
CTATCGGGTCTCAACA-1,15151,12475,5,3
CTATGCCCGAATGCAA-1,13694,19541,3,4
CTATGGGAAGCGGAAT-1,20223,17275,5,2
CTATGTCACTAGCCCA-1,14717,11213,3,2
CTATGTCTATTGAAAC-1,13125,6416,4,1
CTATTCATGTGTCCCA-1,14132,16765,4,1
CTATTTGGTTACGGAT-1,17036,12729,4,1
CTCAAACCACTGCCCG-1,10938,19791,3,4
CTCAACTAACCCGGAT-1,17465,19544,4,1
CTCACATTTACTAAAT-1,15000,19290,3,2
CTCACTGTGATACTTA-1,16015,19543,3,2
CTCACTTGGCTGGTAA-1,8912,13732,4,1
CTCAGGACTCACCTGT-1,9498,7675,2,1
CTCAGTCACGACAAAT-1,19070,9702,4,1
CTCATGGCTCACAATC-1,14285,6922,3,4
CTCATGGTAATTTGCG-1,8910,16256,4,1
CTCATTGCTCTAACAA-1,16451,18786,4,2
CTCATTTGATGGGCGG-1,14138,9193,3,5
CTCCCTCCTTTCGATC-1,8475,16508,4,1
CTCCGGCCTAATATGC-1,13704,8436,3,4
CTCGAGGTCGAACAGT-1,13702,10960,4,1
CTCGATATTTGCGAGC-1,19505,9450,4,1
CTCGCACCTATATAGT-1,15008,9699,4,1
CTCGGGTTCTCTGGCC-1,9053,19032,4,1
CTCGGTACCACTGCTC-1,16890,13991,3,4
CTCGGTCCGTAGCCTG-1,12399,8182,1,1
CTCGGTTGTCGGCCCT-1,8909,17770,5,1
CTCGTTTCTAATGTTT-1,20231,9199,4,1
CTCTAATGCATTGATC-1,21100,9704,4,1
CTCTACACTGGCGATT-1,7606,14488,4,1
CTCTATTTGGCTGCAG-1,15003,15756,3,4
CTCTCACAATCGATGA-1,15297,11718,4,1
CTCTCTAACTGCCTAG-1,8183,18022,4,1
CTCTGGACGCCTGGTG-1,14136,11717,3,2
CTCTGTTTGAGGATTC-1,15591,7175,3,4
CTCTTCTATTGACTGG-1,19645,15256,5,1
CTCTTCTGGAAGTTAG-1,10938,19286,5,3
CTCTTGTCCCGCTTGG-1,13551,17269,1,1
CTGAAAGAGATCCGAC-1,15154,8437,3,5
CTGAATCCGAGACCTC-1,12827,15502,3,5
CTGAATTTATTGCCAG-1,20521,9199,4,1
CTGACTGCGCAGCTCG-1,19793,11470,5,3
CTGAGCAAGTAACAAG-1,8773,7422,4,1
CTGATAGTGTATCTCA-1,7464,11711,2,1
CTGCACAACTACATAT-1,16163,16262,1,2
CTGCACCTGGAACCGC-1,12254,7425,5,3
CTGCACTCCAGTACAG-1,15292,17271,1,2
CTGCCAAGGTTGGAAG-1,16314,8943,3,4
CTGCCATGCATCACAT-1,14134,13736,1,2
CTGCCTTTAATACCTT-1,9197,19789,4,1
CTGCCTTTCTAGTAAA-1,18626,19545,4,1
CTGCGGGTGAAATGTT-1,8479,11460,2,1
CTGCGTTACGATATAA-1,18201,7683,3,4
CTGCTGAGGCCACGAA-1,10216,16004,4,1
CTGCTTGGCGATAGCT-1,16017,17019,3,2
CTGGAAATGGATGCTT-1,12831,10959,3,5
CTGGAAGACACGGTGG-1,17903,16264,4,1
CTGGACGCAGTCCGGC-1,7024,16506,4,1
CTGGATTTACACTTGA-1,13117,16007,4,1
CTGGCATCCGAATGAG-1,8911,15751,4,1
CTGGCGACATAAGTCC-1,16896,7934,3,3
CTGGCGCACAGGTCTG-1,18051,12983,4,1
CTGGCGGGAATAAGTA-1,8337,8683,4,1
CTGGCTGATTCATCCT-1,19065,14750,5,1
CTGGCTGGTTGTCAGT-1,13261,17269,1,2
CTGGGATAAATAATGG-1,17326,13234,4,1
CTGGGCCTGCTATATC-1,9492,14742,4,1
CTGGGTAGGCAGTTAA-1,16599,14496,4,1
CTGGTAACACATAGAA-1,17905,14244,1,1
CTGGTAACGAGCTCTT-1,19214,10965,5,3
CTGGTTTCGAGCAAGA-1,17904,15254,5,1
CTGTAGTGAGGATCGA-1,11372,21053,4,1
CTGTATGGTGTAGAAA-1,9787,8685,3,5
CTGTCAAATGGCTCGG-1,17184,9448,3,4
CTGTGCAGGGTAGGTC-1,15294,14242,3,2
CTGTGGTCGGGAGATA-1,18047,17526,4,1
CTGTTACCCAATCTAG-1,13552,15755,4,1
CTGTTCACTGCCTGTG-1,13268,9192,4,1
CTGTTCATCTCACGGG-1,10077,9190,3,5
CTTAACTTCGAAGTAC-1,14286,6417,4,1
CTTACACGGTATTCCA-1,11670,11463,3,5
CTTACACTGGGAAATA-1,12109,7677,3,4
CTTAGCCTTCCACATG-1,16459,9195,3,4
CTTAGTAGGCCTACAG-1,19938,11722,5,3
CTTAGTGTAGTAGCAT-1,17176,19039,4,1
CTTATGCGCTCAGGGC-1,6736,14487,4,1
CTTCAACTCCACTTGG-1,16306,18534,1,2
CTTCAGTGGTCGCCTA-1,7749,17264,4,1
CTTCATAGCTCAAGAA-1,10513,8433,3,5
CTTCATTGTCAGTGGA-1,13845,12726,3,3
CTTCGGCCAATTGTTT-1,21095,16267,1,1
CTTCGTAGATAGGTGA-1,11669,13482,3,5
CTTCTATGTTGAAGTA-1,9201,15246,4,1
CTTCTATTAATGCTAG-1,11956,16511,4,1
CTTCTGGGCGTACCTA-1,10067,20295,4,5
CTTCTTACGTCGTATA-1,13850,7174,3,4
CTTGACCCGAAAGATA-1,13416,5911,4,1
CTTGAGTTAGGGTAAT-1,18631,13488,4,1
CTTGCAACCGCCTCCT-1,8767,14489,4,1
CTTGCCCAGGCTCTAC-1,13118,14997,3,4
CTTGGCCAAGCTGGGA-1,13404,19036,3,3
CTTGTACTTGTTGACT-1,12543,8939,4,1
CTTGTCAACATTCGAG-1,14712,16261,4,1
CTTGTGAGTCTTTGAC-1,10080,6161,2,1
CTTGTGCTCACCGATT-1,18780,9197,4,1
CTTGTTGCTGAGTCAA-1,16746,13234,4,1
CTTGTTTATGTAGCCA-1,9207,8179,2,1
CTTTAACTTTCAAAGG-1,14863,9446,4,1
CTTTAATATTGGTCGA-1,15727,16514,1,2
CTTTACCGAATAGTAG-1,17323,16263,1,2
CTTTAGGAACACTGTT-1,17760,13992,4,1
CTTTAGTGCTATTATT-1,14423,14746,4,1
CTTTCTGTGCGGGCTT-1,14711,17270,4,1
CTTTGCATCGCTCTTG-1,18771,18788,4,1
CTTTGGCGCTTTATAC-1,7754,11711,2,1
CTTTGGCTTTAGTAAA-1,10945,11714,3,5
CTTTGGGATTGTTGCA-1,11518,19287,5,3
GAAACAGATGACCACC-1,18486,13740,4,1
GAAACAGCCATGCAGT-1,13995,6922,3,4
GAAACATAGGAAACAG-1,8037,18779,4,1
GAAACCATGGTGCGCT-1,20955,10461,4,1
GAAACCGAATTACCTT-1,12538,14997,3,4
GAAACTCGTGCGATGC-1,8625,10703,4,1
GAAACTCTAATGAAGG-1,15736,6923,3,4
GAAAGAACAGCGTTAT-1,20082,12984,5,3
GAAAGCCCTTTGGACC-1,8188,12469,2,1
GAAAGTGACTAACTGC-1,9641,9946,2,1
GAAATACTAAACGTTT-1,8337,8178,4,1
GAAATATCACCATCAG-1,8479,11964,2,1
GAAATCGCGCGCAACT-1,15010,8184,3,5
GAAATGGCGGTGTTAG-1,12686,11211,3,4
GAAATTAGCACGGATA-1,19071,8188,4,1
GAAATTCACATCGCTG-1,12255,6920,1,3
GAAATTGTCTCTATAA-1,12828,14492,3,3
GAACACACATCAACCA-1,12398,9192,4,1
GAACAGATTACTAAAT-1,15436,18028,1,2
GAACCTCGACCTACAC-1,6446,13982,5,1
GAACCTTTAACGATCC-1,16595,19544,1,2
GAACGACCGAATGATA-1,14284,8436,3,4
GAACGTCTCATGGTCG-1,17763,11468,3,4
GAACGTTAGGAAGACG-1,7318,11963,2,4
GAACTGTGGAGAGACA-1,14708,20804,4,1
GAAGAAACGATATTGT-1,9343,18527,5,1
GAAGAACGGTGCAGGT-1,10949,7171,3,5
GAAGCCACTGATTATG-1,15144,20047,3,2
GAAGCCTGCACATTCC-1,13984,19036,3,4
GAAGCGTGAGGAATTT-1,13846,12222,3,2
GAAGCTCGGACCCGTC-1,8184,17517,4,1
GAAGCTTGCTGACCGC-1,10220,10956,2,1
GAAGGAGTCGAGTGCG-1,13838,20298,3,4
GAAGTCAGTTGCACTA-1,13551,16765,4,1
GAAGTCTCCCTAGCGA-1,18342,12983,4,1
GAAGTGATTTATCGTG-1,11959,13482,3,5
GAAGTGCTGGATAGCT-1,13995,7426,3,4
GAAGTTTCCACTCAAT-1,11814,12725,4,1
GAATAGACGCGACCCA-1,18485,14245,4,1
GAATAGTGCTCGATTA-1,10358,18781,5,1
GAATATTCGGAGTCCC-1,17187,6924,3,4
GAATCGACATGGTCAC-1,11236,10200,4,1
GAATCGCCGGACACGG-1,11095,6414,4,1
GAATCTGAACATTCTC-1,14424,14241,3,2
GAATGCGAATCGGTTC-1,15144,19542,3,2
GAATGTATGGCAGGTC-1,18347,7430,3,4
GAATGTGGTCCGGATT-1,16890,14496,4,1
GAATGTTGGGTAATCT-1,15154,9447,4,1
GAATTATAGTGAAAGG-1,15006,12223,5,3
GAATTCACCCGGGTGT-1,13117,15502,3,5
GAATTTCTCGCTGCAG-1,9495,10703,4,1
GACAAACATATGCAGG-1,19645,14751,5,1
GACAACGACCATTGAA-1,16313,9952,3,5
GACAACGCAGCTTACG-1,12978,8687,3,4
GACACAAGGGAAGAAA-1,15587,11214,4,1
GACACGAGTTAGAGGA-1,8772,8431,2,1
GACACTGAGTTCAGTG-1,11812,14744,3,5
GACAGCCAGACCTGAC-1,17615,14244,4,1
GACAGGCACACACTAT-1,8333,13226,4,1
GACATCCGTCGAACTG-1,15434,20047,3,2
GACATCGATTTATAAC-1,12391,16763,4,1
GACCAGAGCCCTGTAG-1,11961,11463,3,4
GACCCAATTATGATAC-1,8039,17264,4,1
GACCCGTCGCCGGCTA-1,13706,5912,4,1
GACCGACGTGAAAGCA-1,21387,13238,3,5
GACCGACTGAAGCGTC-1,8333,12217,2,1
GACCGTCAGGTCGTGA-1,16896,6924,3,4
GACCGTGCTGACGGTG-1,12684,13735,3,3
GACCGTTACATGCGAC-1,6012,13224,5,1
GACCTTCCACGTCTAC-1,15869,20300,1,2
GACGACGATCCGCGTT-1,15292,16766,4,1
GACGAGGCTAATAAAC-1,19643,17780,3,2
GACGCCGTAAAGGCTA-1,12971,17269,3,2
GACGGTCAATAGAAGC-1,19649,11217,5,3
GACGTGTAGGGATTAT-1,9785,10704,2,1
GACTAAGATCATGCAC-1,12833,9444,4,1
GACTAAGTAGGCTCAC-1,11381,10453,4,1
GACTACAAAGCGGTGG-1,8185,16002,4,1
GACTAGGCCGTTAGGT-1,16449,20301,4,1
GACTCACCCACGTGAG-1,20517,13237,3,4
GACTCCCAGAATAAGG-1,21245,10462,4,1
GACTCGCGGGAATGAC-1,19069,10712,5,3
GACTGCAAATCGAGCT-1,16016,18533,1,2
GACTGCACCAGCCCAG-1,16744,15253,4,1
GACTGCGGCACGTGTA-1,7320,10449,4,1
GACTGCTGGTGAGAAA-1,10792,20548,4,1
GAGACTGATGGGTAGA-1,13267,10707,3,1
GAGACTTCGCGACCGA-1,13406,17017,4,1
GAGAGGGCGCGAGGTT-1,10944,13229,5,3
GAGAGGTGCATTCTGG-1,9202,14741,4,1
GAGATCTGCTTGGCAT-1,11525,12220,3,5
GAGATCTGTCACTCCG-1,15877,11214,4,1
GAGATCTTCCATGACA-1,16309,15000,1,1
GAGATGGGAGTCGACA-1,15582,16766,1,2
GAGCATCAACAACTTG-1,9487,19790,3,5
GAGCATCATCCCTGGG-1,10949,6666,4,1
GAGCCACGGTAGTAGG-1,11966,5910,4,1
GAGCCAGCTACCTGTG-1,18048,17021,4,1
GAGCGAGGGAGTACCG-1,13560,7174,3,4
GAGCGCAAATACTCCG-1,20659,16519,5,2
GAGCGCGCACGAGTAG-1,18629,16012,5,1
GAGCGCTGTTAGGTAA-1,8472,19031,4,1
GAGCGGAATGCGGTGT-1,12097,20801,4,1
GAGCTAAGGGCATATC-1,17183,10963,3,5
GAGCTCTCGGACCTAA-1,9933,7423,2,1
GAGGAATGGAGAGGTT-1,9641,10451,4,1
GAGGATAAACAGTGCT-1,21677,13743,3,5
GAGGCCCGACTCCGCA-1,8474,17517,4,1
GAGGCTATCAAAGTCG-1,9059,12470,4,1
GAGGGAGTCAGATCGC-1,11082,20043,3,2
GAGGGCATCGCGTATC-1,9934,6413,2,1
GAGGGCGCAGCTCTGC-1,18054,10459,3,1
GAGGGTAGTAACAAAG-1,9632,19537,4,1
GAGGTACATCCATCTT-1,15011,6670,5,3
GAGGTACGCGTGTCCC-1,14853,20552,4,1
GAGGTCCCAAAGATCT-1,8917,8179,2,1
GAGTAAGGCCACGGGA-1,7170,15749,4,1
GAGTACGGGTATACAA-1,11384,7424,3,4
GAGTAGATACTAGTTG-1,14419,19289,3,3
GAGTATGCCCGCCTTG-1,11376,16005,4,1
GAGTATGCGCGTGCAT-1,15435,19543,3,2
GAGTCCGCTTACCGGA-1,13553,15250,4,1
GAGTGTCAACCAGAAA-1,17175,19544,4,1
GAGTGTGCGGTACCCA-1,17905,14749,5,1
GAGTTGATGGCAATTT-1,7894,16507,4,1
GATAAATCGGTGGATG-1,11094,7424,3,1
GATAACTCGCACTGTG-1,18051,13487,4,1
GATACGATGGGAGTCA-1,11667,14996,3,5
GATAGGTAACGTTGAC-1,13842,15755,4,1
GATAGTGCGAGTAAGT-1,11517,20801,4,1
GATATCTCATGCAATA-1,13560,6669,4,1
GATATGAGACACTAAC-1,16891,13486,4,1
GATATGCGGTAGCCAA-1,18346,8440,3,5
GATATGGATTACGCGG-1,7755,10702,2,1
GATATTTCCTACATGG-1,18056,7935,3,4
GATCAACATAAAGGGA-1,10358,19286,1,1
GATCATTCCAAACATT-1,13266,11212,3,5
GATCCCTTTATACTGC-1,13847,10707,4,1
GATCCGGGAATTAACA-1,15730,13485,3,2
GATCCTAAATCGGGAC-1,18924,10460,5,3
GATCCTCGACACTGGC-1,9780,16256,4,1
GATCGACACTATCTGA-1,11961,10453,4,1
GATCGCGGGCTCTCCA-1,12685,12725,5,3
GATCGCTACCCGATTT-1,19354,16265,5,1
GATCGCTATATCTCAG-1,8762,19032,4,1
GATCGGATAGAACCAT-1,7026,13982,4,1
GATCGGTGGCCATAAC-1,15007,10708,4,1
GATCGTGACTGATATC-1,15585,13233,3,2
GATCTGCTATCTAAGG-1,13259,19288,3,3
GATCTTGGAGGGCATA-1,15294,14747,3,4
GATCTTTGCAGGGTAT-1,10654,12724,3,3
GATGACAAGTAGGGCA-1,9924,18023,1,1
GATGAGGAACCTTCGG-1,16884,20553,4,1
GATGCGTCCTGCATTC-1,13410,12978,3,3
GATGCTACAAGCGCCT-1,12544,7930,1,1
GATGCTGTATTTCATC-1,16019,14495,3,2
GATGGCGCACACATTA-1,9352,8432,2,5
GATGGTGCCCTAGGCA-1,16462,6167,4,1
GATGTAACGAACCACC-1,8185,16507,4,1
GATGTCGGTCAACTGC-1,15737,5914,2,1
GATGTTCAATCCACGA-1,11378,13986,3,5
GATGTTTGTGCGAGAT-1,9497,8684,3,5
GATTAACCGAAAGCCC-1,18628,17526,4,1
GATTCCCTTGTCGCAG-1,14863,9951,4,1
GATTCCTATACGGCGC-1,8481,9945,4,1
GATTCGACGGTTCACG-1,15440,13990,1,1
GATTGCTCCAGTTGCA-1,9052,19537,4,1
GATTGGGAAAGGTTGT-1,16739,20301,4,1
GCAAACCCTACATTAT-1,17034,15758,4,1
GCAAACCTTGGCCATA-1,14856,18028,3,2
GCAAATATTACGCTTT-1,11089,12472,3,5
GCAACACACTAGAACT-1,7460,15245,4,1
GCAACAGCAGTATGCG-1,20515,15256,3,5
GCAACCACCAGACCGG-1,18492,7178,3,4
GCAACCACGGCCGCGT-1,9347,14489,4,1
GCAACGGCTAGTTATG-1,21531,14500,3,4
GCAAGAATTCCTTGGC-1,10362,14742,3,5
GCAAGTGCACAGAGAA-1,11237,9695,4,1
GCAAGTGTAAAGCATG-1,11662,20549,4,1
GCACAAACGAGGCGTG-1,21676,15257,3,5
GCACAAGTGTCGGAAG-1,14431,6165,4,1
GCACACACTGGTAGCC-1,18772,17779,4,1
GCACACGCCCATGGTC-1,6593,12215,3,1
GCACGCCTACTTAGAT-1,10795,17519,5,1
GCACTGCCTACCTTTA-1,14999,20299,3,2
GCAGACCCAGCACGTA-1,20082,13489,3,4
GCAGATTAGGGATATC-1,13990,12979,3,3
GCAGCACACAGCCCAG-1,11234,13229,3,3
GCAGCCTATATCACAT-1,21533,12481,4,1
GCAGGAACTTAGATCT-1,7314,17011,4,1
GCAGGACTATAGAATA-1,10509,12471,3,4
GCAGGTAGAGTATGGT-1,18781,8188,3,5
GCAGTGTGGCTATAGG-1,17176,18535,4,1
GCATACGAGGTCTTTA-1,7172,13225,2,1
GCATAGAGCACTCAGG-1,13700,12979,3,3
GCATCCCTAACTTTGA-1,11239,7676,3,4
GCATCGGCCGTGTAGG-1,20079,16013,1,2
GCATGAGGGACGCGGC-1,18198,11216,5,3
GCATTCAAGGCAACGC-1,20809,10714,4,1
GCATTCGAAATGAACA-1,7174,10701,4,1
GCATTGTAATTCATAT-1,8187,13983,4,1
GCATTTCCAAGGCTCC-1,21243,11976,4,1
GCCAACCATTTCCGGA-1,20520,10209,4,1
GCCAAGAATACTTCTG-1,6590,15244,4,1
GCCAATAGGGCATCTC-1,20085,9956,4,1
GCCACAATTTAAGGAC-1,10797,14995,3,5
GCCACTCAGAGCGCGA-1,18917,18536,4,1
GCCAGGAGTAACCGAT-1,18055,8944,3,5
GCCATATTGCACACAG-1,18200,9197,3,5
GCCATCGAGCTGCGTG-1,11955,17015,4,1
GCCATCGATGCTGCAT-1,21099,11723,4,1
GCCATTAGCCTCAAAC-1,7023,17516,4,1
GCCCACCAAGGCTGTC-1,10659,6666,4,1
GCCCAGTTGGTATGCC-1,10657,9190,3,5
GCCCGACTTCTTCCCG-1,8765,16003,4,1
GCCCGATCTGTGGTCG-1,14276,17018,4,1
GCCCGCGCGTAAACGG-1,11086,16005,4,1
GCCCGCGCGTTTGACA-1,10948,8686,3,5
GCCCGTAATACCTTCT-1,16603,10457,4,1
GCCCTAGCCGTCGCGA-1,7459,17264,4,1
GCCCTGAGGATGGGCT-1,15869,20805,4,1
GCCGAAATTCCTACGT-1,11669,12472,4,1
GCCGACCCACGACTGC-1,9488,19285,4,1
GCCGATTGGCCAAGCT-1,13989,13989,1,1
GCCGCATTAGTCCGGC-1,7608,12468,3,4
GCCGCTTGTGAGAAAC-1,10944,12724,3,3
GCCGGGTTAGGGTCGC-1,13699,13988,3,2
GCCTAGCGATCTGACC-1,11238,8686,3,5
GCCTATAGTGTCAGGG-1,18343,10964,5,3
GCCTATTCCGATATAG-1,9496,9694,2,1
GCCTATTTGCTACACA-1,12401,5658,4,1
GCCTCATCTGGAAATA-1,18921,13993,4,1
GCCTCCGACAATTCAC-1,19352,18789,4,1
GCCTCTATACATAGCA-1,16017,17524,1,2
GCGAAACTTAACTGGA-1,17034,14748,4,1
GCGAAGAATCTGACGG-1,17320,20301,4,1
GCGAAGCCATACCCGT-1,13991,11465,3,4
GCGACCCAACCATCTG-1,9923,18528,5,1
GCGACGATAGTTGTAC-1,12972,15754,4,1
GCGAGAGTTGCGTCCA-1,20663,11975,4,1
GCGAGCGCATGCTCCC-1,20952,12985,1,1
GCGAGGCCCGAGCAGA-1,11959,12977,4,1
GCGAGTTCTGCAAAGA-1,14280,12474,3,3
GCGATTCTGGAAGCAG-1,15882,6166,2,1
GCGATTGTTAACGTTA-1,16311,12981,4,3
GCGCAAATATATTCAA-1,9198,18275,5,1
GCGCAAGAGCGCGCTG-1,19646,13741,3,5
GCGCATCCAGTCAGCA-1,18924,10964,5,3
GCGCCGTTCCACGATA-1,14569,13989,3,2
GCGCCTCCCACTCCGA-1,21095,15762,3,5
GCGCGGTCTAGTAACT-1,13838,20803,1,1
GCGCTAATTGAATAGA-1,15296,12223,1,2
GCGCTATGCCGAGGCA-1,11958,14492,3,4
GCGCTGATCCAGACTC-1,17766,7935,3,3
GCGCTGCTTTGCATTT-1,18779,10712,5,3
GCGCTTAAATAATTGG-1,18047,18031,5,1
GCGGACCGCGTTGTGG-1,11376,16510,4,1
GCGGAGAAACTTCGCA-1,9924,17518,1,1
GCGGAGAGGGAGAACG-1,16454,15253,4,1
GCGGCAAAGTATTGCC-1,9053,18527,5,1
GCGGCTCTGACGTACC-1,10653,13228,3,3
GCGGGAACCAGGCCCT-1,12109,8182,1,1
GCGGTCCCTAGACGCA-1,11674,6919,3,5
GCGGTGAACTGCGCTC-1,18781,8693,4,1
GCGGTTCCCTATCATG-1,12247,15501,3,4
GCGTAAATGGCCATAA-1,19938,12227,5,3
GCGTCGAAATGTCGGT-1,14575,7932,3,4
GCGTCGCCAGGGTGAT-1,14131,17270,4,1
GCGTGGTACTGGGTTA-1,18922,12479,3,4
GCGTTATATTTGGAAC-1,7029,11458,2,1
GCGTTCGGAGACCGGG-1,20086,8441,4,1
GCTAAACCTGAGGTGA-1,8481,9441,4,1
GCTAACTGAAGTCTGA-1,17902,18283,4,1
GCTAAGTAAAGGCGAT-1,7030,10449,4,1
GCTAAGTAGTTTCTCT-1,16747,12224,4,1
GCTAATACCGAATGCC-1,11963,8939,4,1
GCTACAGTACGGACCG-1,7172,13730,4,1
GCTACGACTTATTGGG-1,15149,14494,3,2
GCTACTATAGTAGAGT-1,18774,16264,5,1
GCTAGACCGTCTACTG-1,20226,14247,4,1
GCTAGAGTAGAGATGT-1,19062,17779,4,1
GCTAGCTTGAATAGCT-1,11521,16763,4,1
GCTAGGCACCACGGAG-1,17322,17273,4,1
GCTAGTAGAGCTTGTA-1,14570,13484,5,1
GCTAGTTTCATTGAGG-1,10513,7928,4,1
GCTATACGTCTCGGAC-1,17903,16768,1,2
GCTATCGCGGCGCAAC-1,8627,8683,2,1
GCTCAATCCGTTTATT-1,10215,17014,1,1
GCTCAATGTAATACCG-1,13549,19288,3,2
GCTCATTACTGCATGT-1,18637,6926,3,5
GCTCCATGCAAAGCAA-1,13112,21055,4,1
GCTCCCAGTCGGTCCA-1,20951,14500,3,5
GCTCCGCTCGCTTCAG-1,21386,14248,3,4
GCTCCTGACATACTGG-1,9779,17771,5,1
GCTCGGAATTTAAAGC-1,17330,9196,3,5
GCTCTAAACCCTGACG-1,13558,9697,4,1
GCTCTATGTTACGTGC-1,10946,10200,4,1
GCTCTCGGGTACCGAA-1,13557,10202,4,1
GCTCTTTCCGCTAGTG-1,12968,19793,3,3
GCTGAATCTTCCAATC-1,8473,18527,4,1
GCTGAGGCGTGAGTAT-1,14424,13737,3,2
GCTGCACGGTTTCTTA-1,15730,13990,3,2
GCTGCTACTGCGTAGC-1,16017,16514,1,2
GCTGCTCTCCGGACAC-1,14281,11465,3,2
GCTGGCATATTCACCT-1,9640,11461,4,1
GCTGGCGGCGCATGCT-1,14421,17270,4,1
GCTGTATTACTGGCCC-1,10652,15248,3,5
GCTGTTGCTACCGAAC-1,18921,13488,4,1
GCTTAATGTAACTAAC-1,17325,14244,4,1
GCTTACGTAGTTAGTA-1,21388,12733,4,1
GCTTATGAAGCAGGAA-1,18052,12478,3,5
GCTTCCGTCCCTAGAC-1,16313,10962,4,1
GCTTGATGATAATCAG-1,10367,9190,3,5
GCTTGGATCGATTAGG-1,19213,11469,5,3
GCTTTCAGAGGAGGTG-1,18923,11974,5,3
GGAAACCTTGTTGAAT-1,20521,8694,4,1
GGAAAGTGCCCATGCC-1,18200,8692,3,5
GGAACCGTGTAAATTG-1,11956,16006,4,1
GGAACCTTGACTCTGC-1,8183,18526,4,1
GGAAGCTCGCTTACAG-1,17187,6420,3,4
GGAATGCGCTAGCGTG-1,17037,11720,3,5
GGACACAAGTTTACAC-1,21240,15509,3,5
GGACCAACAGGATAAC-1,14857,16513,4,1
GGACCTCTAGGCCGCC-1,9488,18275,5,1
GGACTCGACAGCGCAT-1,11807,20801,4,1
GGACTCGTGAGTGGTC-1,10648,19791,3,4
GGAGAAGTCATTGGCA-1,11092,9443,3,5
GGAGACGACACCTTTG-1,14859,14494,3,2
GGAGCAACATTTCAAG-1,20078,18032,5,2
GGAGCACCAAGAACTA-1,17039,10205,3,5
GGAGCGAGGCCTACTT-1,15143,20552,4,1
GGAGGGCTTGGTTGGC-1,16457,11719,4,1
GGAGTGCCGCCCTGGA-1,12834,8435,3,4
GGATACTCATGAATTG-1,11675,5910,4,1
GGATCATCCCGTACGC-1,19797,7936,4,1
GGATCCGGAATATACT-1,17037,12225,4,1
GGATCTTACTGCCCTT-1,10212,20043,4,1
GGATCTTGACTCAACC-1,7604,16507,4,1
GGATGAAGATCGCTGA-1,18776,14245,4,1
GGATGACGCGAGTTTA-1,11669,12977,4,1
GGATGCTGGCGTTCCT-1,7897,13478,4,1
GGATGTCCTTACCGCA-1,18342,12478,3,4
GGATTCAGTACGGTGG-1,9932,8432,3,5
GGATTCCGCTATACCC-1,16895,8439,5,3
GGATTGCTGTGACTCC-1,17321,18787,4,1
GGATTTCACTTCTATA-1,17182,11468,3,5
GGCAAAGGCGCCAATA-1,10070,17266,1,1
GGCAAATTACTTTACT-1,12829,13988,3,3
GGCAAGCCCATAGTGG-1,13983,20551,3,5
GGCAAGGCGAAATAGC-1,15149,14999,3,4
GGCAATAGTCAATGAG-1,15297,11213,4,1
GGCACTCCACTGGGCA-1,11815,12220,3,5
GGCAGCAAACCTATGC-1,20079,16518,3,2
GGCATACAGGTAGCGG-1,9784,12218,3,5
GGCATATCGGTTCTGC-1,17186,7934,3,3
GGCCCTCACCCACTTA-1,8478,12974,4,1
GGCCGAGACTCTGGTG-1,9778,19285,4,1
GGCCGGCGTCTGCTAT-1,16594,20048,1,1
GGCCGTTTGGGTTTCA-1,11664,18530,1,3
GGCCTTTGCAACTGGC-1,6302,12720,4,1
GGCGAAATCTAACTTG-1,17760,14497,4,1
GGCGCAGGACATCTTC-1,9058,12975,4,1
GGCGCATGAATTGATG-1,12973,14240,3,3
GGCGCGGAGATCTTTC-1,17611,18283,1,1
GGCGCGTTCGAGTTTA-1,13698,15503,3,1
GGCGCTTCATTCCCTG-1,15434,20552,3,2
GGCGGAGTAATATTAG-1,11815,11715,3,4
GGCGGTAGGATCATTG-1,15152,11466,1,1
GGCGTAGGGAAAGCTG-1,17030,19796,4,1
GGCGTCCTATCCGCTG-1,9930,11461,4,1
GGCTAAAGGGCGGGTC-1,19506,8441,4,1
GGCTATTAAGTTGTAT-1,11090,11967,3,5
GGCTCCTCCACCTGTT-1,10213,18528,5,1
GGCTCGCGTTGAGGTA-1,18633,11469,5,3
GGCTCGTGCCACCAGC-1,10658,8685,3,5
GGCTCTGCTCCAACGC-1,15588,10204,4,1
GGCTGAAATAGCAAAG-1,16598,16010,4,1
GGGAACGGGAGGTTAG-1,10508,13481,3,5
GGGAACGGTTTCAGAT-1,9777,19790,3,5
GGGAAGACGGTCTGTC-1,16160,19796,3,2
GGGAAGGGCTTTCTCA-1,17755,19545,4,1
GGGACAGAGTTACTCC-1,7893,18021,4,1
GGGACTGCATAGATAG-1,13846,11717,3,2
GGGAGAACTCACAGTA-1,14426,11717,3,2
GGGAGGATGCCCGAAA-1,12539,12978,3,4
GGGAGTAATGGCTGGC-1,11240,6162,4,1
GGGAGTTAATGAGGCG-1,16022,11971,4,1
GGGATGGTCGTAACCG-1,11377,15501,4,1
GGGATTTACCGCACCT-1,18195,14245,4,1
GGGCAACCGCACGTGC-1,7894,17517,4,1
GGGCCCGTCTTAAACA-1,12683,14240,3,3
GGGCCCTACGAAAGGG-1,7462,13225,2,1
GGGCCGGCCGAAGTAC-1,17326,12730,4,1
GGGCCTAAATGGGCTA-1,6445,14991,4,1
GGGCGATATGTGTGAA-1,13557,10707,4,1
GGGCGGCAAATGAATT-1,11666,16006,4,1
GGGCGGGTTCCCTACG-1,10507,14490,3,5
GGGCGGTCCTATTGTC-1,9208,7170,4,1
GGGCGTACATTTATAT-1,12977,9697,4,1
GGGCGTCACCACGTAA-1,12392,15754,4,1
GGGCGTCCACTGGCTC-1,17331,7682,3,3
GGGCGTGGTTTCCCAG-1,16886,19039,4,1
GGGCTCATCGAACCCA-1,18054,9954,4,1
GGGCTGCCTAGGGCGA-1,15151,11970,3,2
GGGTACTTCATGAACT-1,10799,12976,3,3
GGGTATGTATGCACTT-1,9205,10703,4,1
GGGTATTCTAGCAAAC-1,7313,17516,4,1
GGGTCACCGTGACGGT-1,11960,12472,3,4
GGGTCAGGAGCTAGAT-1,13113,20045,3,3
GGGTCGTGGCAAGTGT-1,20665,9956,4,1
GGGTGACACCTTAACT-1,13263,15250,3,5
GGGTGCATATGAAAGC-1,21389,11219,4,1
GGGTGTTTCAGCTATG-1,15010,7680,3,5
GGGTTAACATTTGAGT-1,12390,17268,3,2
GGGTTTAGGATAGGAT-1,20661,14499,3,5
GGTAAATGTGCGTTAC-1,16897,6419,3,4
GGTAACCGGGAGGATA-1,9054,18022,5,1
GGTAACTATGTATCTG-1,11530,6667,3,5
GGTACAAACATGCTAT-1,12974,13735,3,3
GGTACATCTGGGACGA-1,7752,13226,4,1
GGTACCATTAAGACGG-1,20374,10966,5,1
GGTAGAAGACCGCCTG-1,15437,17019,1,2
GGTAGACCGTTGGGCG-1,12826,17016,4,1
GGTAGTGCTCGCACCA-1,15586,12223,4,1
GGTATAGTGACACATA-1,21678,12229,4,1
GGTATTGCCGAGTTTA-1,12830,11968,3,3
GGTCAAGACTACTTCG-1,20369,17023,5,2
GGTCAGTGGGTCCCAC-1,14132,15755,3,4
GGTCGGATAAACGGCG-1,19215,9450,4,1
GGTCGGCCAGGAGCTT-1,17327,11720,3,5
GGTCGGTAATTAGACA-1,10369,6666,2,1
GGTCGTAAGCTCGCAC-1,7895,16002,4,1
GGTCTCTGAATGGACT-1,10070,16761,5,1
GGTCTGAGAATCTGGA-1,16748,11215,4,1
GGTCTTGAGCGCTCTT-1,14564,20047,3,2
GGTGAAGTACAGGGAT-1,10506,15500,4,1
GGTGAGATGCAGATAA-1,10368,7675,2,1
GGTGATAAGGAGCAGT-1,16601,12981,4,1
GGTGCATAAATGATTA-1,11952,20549,4,1
GGTGCGGATAAGTGGC-1,11819,7677,3,4
GGTGCTGATCACAAAG-1,8190,10450,4,1
GGTGCTGGTACACATT-1,11813,14239,3,5
GGTGGACTGCTCTGGC-1,17467,17525,1,2
GGTGTAAATCGATTGT-1,14563,21056,4,1
GGTGTAGGTAAGTAAA-1,12387,21307,4,1
GGTTACCACCCTCGGG-1,9927,14994,3,5
GGTTAGCTATATGTCT-1,17759,15506,5,1
GGTTAGGCTTGGAGAA-1,10366,10704,2,1
GGTTAGTTACGGCGCC-1,8480,10450,4,1
GGTTCGGATTATACTA-1,6157,13477,5,1
GGTTCTACTCGTCTGA-1,20372,13490,3,4
GGTTGTGTAGCCTGGC-1,7028,11963,3,4
GGTTTACAATCTCAAT-1,15733,9952,4,1
GGTTTAGCCTTTCTTG-1,19935,15256,4,1
GGTTTGAGTGCTGGAA-1,11240,6667,3,5
GTAACTTGCGGCAGTC-1,10950,6162,4,1
GTAAGCGGGCAGTCAG-1,14283,9446,4,1
GTAAGGATTTGTCGGA-1,15011,6165,5,1
GTAAGTAACAGTCTGG-1,17035,13739,3,1
GTAAGTAGGGTATACC-1,10366,10199,4,1
GTAATAAAGGGCTCCC-1,20084,11470,5,3
GTAATCTGATTCTTCG-1,11521,16258,4,1
GTACACTTACCTGAAG-1,14425,12727,5,3
GTACAGAGGCAAGGGT-1,17181,12982,4,1
GTACGAGATTGCGACA-1,13413,8940,3,4
GTACGCTTCATTGCAC-1,15583,15252,3,4
GTACGTTTGCCCGTCA-1,15004,14747,3,4
GTACTAAGATTTGGAG-1,13122,10454,4,1
GTACTCCCTTATCGCT-1,9203,12722,4,1
GTACTCCTGGGTATGC-1,19940,10208,4,1
GTACTGCATGAAGCGT-1,10805,6414,4,1
GTACTGGAGTTAGACC-1,16892,11972,4,1
GTACTTGGGCACTTCT-1,9933,7927,2,1
GTAGACAACCGATGAA-1,13126,5406,4,1
GTAGACGTCGTTACAT-1,10804,6919,4,1
GTAGAGGGAGACAAGT-1,9635,16509,5,1
GTAGCCAAACATGGGA-1,15292,16261,4,1
GTAGCGGCTATACACT-1,15150,13485,5,1
GTAGCTCCGGGAGGCT-1,10502,20043,4,1
GTAGCTTCCTCTTGTT-1,18053,11468,5,3
GTAGGTGATCCGTGTA-1,16605,7933,3,3
GTAGTCGCGGGAATCA-1,16888,16010,1,1
GTAGTCTACGATATTG-1,16305,19543,3,2
GTAGTTCGAAGGCGAA-1,10792,20043,3,4
GTATAGGACTCAGTAG-1,13559,8688,3,4
GTATCAAACGTTAGCT-1,19208,17527,5,1
GTATCAGCTTGGGTTC-1,10077,8685,3,5
GTATCCTTTGGTAACC-1,18480,19798,4,1
GTATCTCAGTCTTGAC-1,8328,18274,4,1
GTATCTTTCATAACCA-1,14713,15251,3,4
GTATGAAATTTCACTC-1,8329,16760,4,1
GTATGTGGGTCTAGTT-1,18486,13235,4,1
GTATTAAGGCGTCTAA-1,8917,8684,2,1
GTATTCTGAGAAACGA-1,10651,15752,4,1
GTCAAAGAAGTGGTGT-1,7748,17769,4,1
GTCAAAGTTTACATAG-1,9354,6917,3,5
GTCAAGCGGACTCGGG-1,16310,13486,1,1
GTCACAAAGTTTCCAA-1,13996,5912,4,1
GTCACTCTCCAAATCT-1,9641,9442,4,1
GTCAGAATAGTCTATG-1,9785,11208,2,1
GTCAGTTGTGCTCGTT-1,15447,5913,2,1
GTCAGTTTGGTAGTCG-1,7029,10954,4,1
GTCATGCACCTCCGTT-1,13992,10960,4,1
GTCATGGACATGACTA-1,14137,10203,4,1
GTCATTAGAGCGAACG-1,14860,12980,5,3
GTCATTGCATTGACCC-1,7609,11459,2,1
GTCCAATATTTAGCCT-1,12823,20045,1,3
GTCCATTACTGCTACG-1,20516,14247,3,1
GTCCCAACGTAAAGTA-1,15731,11971,4,1
GTCCGGACCTGAAATT-1,17902,17273,4,1
GTCCGGCTGAATTGCG-1,12686,10706,3,5
GTCCGGGTTCACATTA-1,15433,21057,4,1
GTCCTACGAATAGTCT-1,18338,17021,4,1
GTCCTTCTAGTGGGTT-1,17042,6167,1,1
GTCGCGTAACCCGTTG-1,16020,13486,3,2
GTCGGATATCTCAGAC-1,10365,11714,3,5
GTCGGATGTAGCGCGC-1,16315,7933,5,3
GTCGTACCATCTCGGG-1,14133,15251,3,4
GTCGTACCTACGATTG-1,6447,12972,4,1
GTCGTATTGGCGTACA-1,18926,8440,3,5
GTCGTGTCTGGTCATC-1,21100,10714,4,1
GTCGTTATTCGCTTAT-1,16164,15252,3,1
GTCTACTCAATTACAA-1,7027,12973,2,1
GTCTATCTGAGTTTCT-1,11233,13734,3,4
GTCTATTGGTTCCGGT-1,18193,16264,4,1
GTCTGGGCGGTCGAGA-1,11522,15248,3,5
GTCTTAGTACAGCCGG-1,16462,6671,3,4
GTCTTGTAGCTATTCA-1,21386,14752,3,5
GTGAAACGGCGCCACC-1,17909,9701,3,5
GTGAAACGTGCTCCAC-1,10515,6414,4,1
GTGAACTCCCATTCGA-1,20229,11218,5,4
GTGAAGATTTCAAGTG-1,20086,8946,4,1
GTGACAGCTTCCCACT-1,15869,19795,3,2
GTGACCGCACACTACG-1,18341,13488,4,1
GTGACGAGGGTGACCC-1,21679,11724,4,1
GTGACGCAGGTTTCAT-1,16014,20048,3,2
GTGACTTCAGTAGTGC-1,12392,15249,3,4
GTGAGCGTGCTGCACT-1,8769,11965,4,1
GTGAGGACACTTAAGG-1,16310,13991,1,1
GTGAGGAGCGGTTGAG-1,17767,6925,3,4
GTGAGTGGTACAACGC-1,13261,16764,4,1
GTGATCACTAACGCCT-1,19210,15508,4,1
GTGATCATAGATCTGC-1,13408,14998,3,5
GTGATCCTTGTCATGA-1,17320,19292,4,1
GTGATTCGCCGCTCAA-1,10941,15753,4,1
GTGCAACAAATGTGGC-1,14140,7174,3,4
GTGCACCAGCTTCAAC-1,12968,20297,1,3
GTGCACGAAAGTGACT-1,15445,7932,3,4
GTGCCATCACACGGTG-1,10072,14237,3,5
GTGCCCGTTCGGATTC-1,17471,13487,4,1
GTGCCGCTTCAAAGGT-1,11522,14744,3,5
GTGCGAAATCGAACAC-1,11377,14996,3,5
GTGCGGGTCTCCAAAT-1,13268,8688,3,4
GTGCGTGTATATGAGC-1,17180,13991,4,1
GTGCTCAAGTACTGTC-1,12685,12221,3,3
GTGCTGCAGATAAGGA-1,6157,12972,4,1
GTGGAACCTACATGCG-1,16896,7429,3,3
GTGGACCAACCCGATT-1,9346,14994,4,1
GTGGACGCATTTGTCC-1,14421,17775,1,2
GTGGACGTGCTGAGAC-1,10803,7928,4,1
GTGGAGTCGGCGGTTG-1,10650,17267,5,1
GTGGCAAACAGCGGCA-1,8040,16255,4,1
GTGGCGGTCCCAGCGT-1,8042,13731,4,1
GTGGGAAGACTGAATC-1,7316,14992,4,1
GTGGGCTTAGACACAC-1,10801,10957,2,1
GTGGTGGCCAAGTGAA-1,16599,15000,4,1
GTGGTTACTTCTTTCG-1,20374,11470,5,1
GTGGTTTCCGCCTTTC-1,9782,14237,3,5
GTGTACCTTGGCTACG-1,16458,10205,4,1
GTGTCAGTGTACGTGG-1,11227,20801,4,1
GTGTCGTATAGCGTTC-1,16162,17272,3,2
GTGTGAATAACTTAGG-1,17182,11972,3,5
GTGTTACTATGCGTCC-1,16020,13990,1,2
GTTAAAGTAGGACTGG-1,17178,16011,1,1
GTTAACATCACTTAAA-1,15726,17524,1,2
GTTAACTATGTTGTCA-1,21241,14500,3,4
GTTAATGTCTATCTTA-1,6884,11206,4,1
GTTACAATTGGTGACG-1,9928,12975,3,5
GTTACCTACAACTTGC-1,14858,15504,3,4
GTTACTTTGGGCCTAG-1,12538,14492,3,3
GTTAGCCCATGACATC-1,16014,20553,4,1
GTTAGCCGTAAATCAA-1,21099,11219,4,1
GTTAGGCTACCCGTTT-1,7168,17264,4,1
GTTATAATACGGTGAA-1,20659,17023,5,2
GTTATATTATCTCCCT-1,13262,15755,4,1
GTTCACAGGAGTCTAG-1,10075,11713,3,5
GTTCATCGTTTGGCTG-1,20373,11975,1,1
GTTCCAGTCTGACCAT-1,12834,7930,1,1
GTTCGCCATAAGTGCC-1,12829,12978,3,3
GTTCGGATCGGGAACA-1,21096,14752,3,5
GTTCGGGCGTACCATT-1,20809,11723,4,1
GTTCGTCTAAAGAACT-1,18048,16516,4,1
GTTGAACCGGTTCCAT-1,10943,14238,3,5
GTTGAGTCCCGCCGGT-1,16452,16767,1,2
GTTGCACGGAGTTTCG-1,12107,9696,4,1
GTTGGATTCAGTGGCT-1,19072,7683,4,1
GTTGGATTGAGAACAC-1,17907,11721,3,3
GTTGGATTTGCGTTGG-1,12395,12725,3,3
GTTGGTCATGCTATCC-1,14276,17522,4,1
GTTGTCGTGTTAGTTG-1,11964,7424,3,4
GTTTACGTTCCATCTG-1,14423,15756,3,4
GTTTCATATCGTCGCT-1,9058,13479,4,1
GTTTCCTGGAGGGTGA-1,12252,9949,4,1
GTTTCTGCAGTCTCCC-1,15585,13738,3,2
GTTTGACCAAATCCTA-1,13556,11212,3,1
GTTTGGCCCAAGTTAT-1,16745,14243,3,4
GTTTGGCCGCTCAGCG-1,9789,6665,3,5
GTTTGGGCTTGTGAGC-1,14567,16513,4,1
GTTTGGGTTTCGCCCG-1,18336,19545,5,1
GTTTGGTAGGGTCAAC-1,13696,17017,4,1
GTTTGGTGATCGGTGC-1,10647,20295,4,1
TAAACCCAGGAGGGCA-1,10360,17266,5,1
TAAAGAGCCCGAAACC-1,11820,6162,1,1
TAAAGCGTTAGGAGAA-1,17908,10711,3,4
TAAAGCTGCAATAGGG-1,19216,7936,4,1
TAAATGAATCCGTTTC-1,9351,9441,2,1
TAACAAAGGGAGAAGC-1,10222,8937,3,5
TAACAATATTTGTTGC-1,7465,10702,2,1
TAACAGCGTTTGTGCT-1,10503,19538,3,1
TAACATACAATGTGGG-1,15295,13233,5,3
TAACATACACGCGATC-1,8764,17517,4,1
TAACCGCCCGCAGTGC-1,12256,5910,4,1
TAACCTACCGTCCGAG-1,19793,11975,5,3
TAACGCTTTGAGAGCG-1,9350,10451,4,1
TAACTATCGAAGGTCC-1,10076,9694,4,1
TAACTATTACGCCAAA-1,20664,10966,4,1
TAACTCATCCGCGCGG-1,12248,14492,3,3
TAACTCCATGGAGGCT-1,9062,8431,2,1
TAAGCAGGCGACACGC-1,7898,12469,3,4
TAAGGAACTTGTGGGA-1,10949,7676,4,1
TAAGGCAACATAAGAT-1,15443,9952,4,1
TAAGGCTGAATCCCTC-1,19210,15003,5,1
TAAGGGCCTGTCCGAT-1,18917,18031,4,1
TAAGGGCTGGGAGAGG-1,7753,12216,3,4
TAAGTAACATCTTGAC-1,10942,15248,3,5
TAAGTCGCCGAGTATC-1,9779,17266,5,1
TAAGTTGCGACGTAGG-1,18918,17022,4,1
TAATAAACAAGGAGAT-1,18346,7935,3,4
TAATACACAGTAGTAT-1,14429,8689,3,5
TAATAGAACAGAGTTA-1,10651,16257,4,1
TAATAGGTCACCAGAA-1,8182,19031,4,1
TAATAGTGACGACCAG-1,17183,10458,4,1
TAATATTGAAATTCGC-1,11964,7929,3,2
TAATCGATCCGTACGT-1,18634,9954,4,1
TAATTAGGACATCCGT-1,20806,14247,3,5
TACAAGTCTCGTGCAT-1,9059,11460,4,1
TACAGAAACGGTGGGC-1,17466,18535,4,1
TACATAGGCATACACC-1,13844,13736,1,2
TACATCCCTATCCCTG-1,7171,14740,4,1
TACATTTCTAACGTGC-1,13119,13483,3,3
TACCAATAAAGTACCA-1,17177,17525,1,1
TACCAGAAGTAGGTTC-1,12537,16006,4,1
TACCAGCTAGGTTTAA-1,14576,6417,5,1
TACCGCGGACTTGCAG-1,19213,11974,5,3
TACCGGCTCACTGCCC-1,14568,15503,3,4
TACCGGTCGTTTCCAT-1,10072,14742,3,5
TACCGTAGGTTAACTA-1,13405,18531,3,3
TACCGTGCCTCGGACC-1,15147,16514,4,1
TACCTCACGCTTGTAC-1,13269,7678,3,5
TACCTCAGTTGTCTGT-1,12389,18783,3,3
TACCTGCTGCACTGTG-1,8335,10702,4,1
TACCTTAAGATTTCCC-1,9345,16004,4,1
TACGAACACGACTTCA-1,12831,11464,3,4
TACGACGCTTGCTGCG-1,12972,15250,3,4
TACGACTGCCTCTTAG-1,14714,14746,1,1
TACGAGAACTTCACGT-1,10799,12471,3,5
TACGATGTTGATCATC-1,10219,12471,3,5
TACGCAGTTCTTTCCT-1,12538,13987,3,3
TACGCCATATTCTAAT-1,13554,13736,3,2
TACGCCGAGGGTACCC-1,10069,17771,4,1
TACGCCTCCATTCCGA-1,13696,17522,1,2
TACGCTATAGAAACCT-1,20228,12227,3,3
TACGGAAGCCAAACCA-1,15723,21057,4,1
TACGGGATGCTAGCAG-1,17185,8944,3,5
TACGTACTAGTGCTGA-1,11228,19286,5,3
TACGTGCACTATGCTG-1,9932,8937,3,5
TACGTTTACCGGCAAT-1,9783,13732,3,5
TACTCCTCTAGTTGAC-1,10357,19790,4,1
TACTCGGCACGCCGGG-1,7463,12721,3,4
TACTCTCCGAACAAAT-1,16895,8943,3,4
TACTGCAATCAATTAC-1,19941,9198,4,1
TACTGGACAGCTCGGC-1,8768,12469,4,1
TACTTGTTAGTAGTCC-1,17761,12982,4,1
TACTTTACTGAGCCGG-1,19068,11217,5,3
TACTTTCCGCACGCCA-1,7895,15497,4,1
TAGAAAGGTGGCGCTA-1,16892,11467,4,1
TAGAAATTCACGTATA-1,6592,12720,4,1
TAGAATTAAGGGCAAC-1,16172,6166,2,1
TAGACGAAACGCCAAT-1,15725,19543,3,2
TAGACGCCCGTACCGG-1,18198,11721,5,3
TAGACTACCTAGCGTT-1,20227,13237,3,4
TAGAGATCATGCAACT-1,8911,14741,4,1
TAGAGGTTCTACTTGT-1,19063,17274,5,1
TAGAGTCTAAGCGAAC-1,13121,10959,3,5
TAGATATGGACTGGAA-1,12827,16007,4,1
TAGATCCGAAGTCGCA-1,15592,6166,2,1
TAGATGGTTCCTTACT-1,19207,18536,4,1
TAGATTCCTGGTTATT-1,8044,11712,2,1
TAGCAACCTGTCACAA-1,8916,9189,4,1
TAGCCATTTCAAAGTC-1,18050,14497,4,1
TAGCCGGCGGTCAGCG-1,17472,11973,3,5
TAGCGTCCCTCGATTG-1,20951,15004,3,5
TAGCGTTGGGTCTTAC-1,15005,13232,5,3
TAGCTAAGTCCGGGAG-1,13412,10959,4,1
TAGCTAGAAGGCATGA-1,12536,16511,4,1
TAGCTCGCCTGATAAC-1,13552,16260,4,1
TAGCTGATGTGAAGCG-1,6591,14234,5,1
TAGGCATGTTACGCCA-1,17474,9449,3,4
TAGGGAGCTTGGGATG-1,19067,12731,1,1
TAGGGTGTTTCAAGAG-1,12978,9192,4,1
TAGGTCCAAGTAAGGA-1,8480,10955,4,1
TAGGTCGCCGGAACTG-1,19648,11722,5,3
TAGGTGACGATAACCT-1,16595,19039,1,2
TAGGTGAGCCCTACTC-1,9930,10956,2,1
TAGGTGCTCGCCTAGC-1,17616,13739,4,1
TAGGTTCGAGTTCGTC-1,14861,12475,5,3
TAGTACCTTAGTGGTC-1,8191,8935,4,1
TAGTAGCTTATACCAG-1,11373,19034,5,3
TAGTCCGCAGAGAATG-1,12829,13483,3,3
TAGTCGATCACGGGTT-1,19064,15760,4,1
TAGTCTAACAACGAGA-1,10073,13733,3,5
TAGTCTGTGACGTTGC-1,20085,9451,4,1
TAGTGCCCTCCAGAGT-1,12686,11716,3,3
TAGTTAAGATAGGATA-1,17042,6672,3,4
TAGTTTATTCTTGCTT-1,13415,6921,4,1
TATAAATCCACAAGCT-1,11528,8686,4,1
TATAAGTGAGGATAGC-1,10802,8938,3,5
TATACACAGACGCCTT-1,13842,16260,4,1
TATACACGCAAAGTAT-1,10368,8180,3,5
TATAGAGTCGCTTGAA-1,11808,19792,3,5
TATAGATGGTCGCAGT-1,19936,13742,3,5
TATAGGGTACTCATGA-1,8043,12721,3,1
TATATAGGGCTTTACG-1,9922,19538,4,1
TATATATCGAGAAATG-1,9198,18780,4,1
TATATTCGCGTCGATA-1,14142,5660,4,1
TATCACCCAACCGACC-1,19650,9703,4,1
TATCACTTCGAGTAAC-1,19506,7936,4,1
TATCCATATCATGCGA-1,12689,8182,1,1
TATCCGCACCGTCGGG-1,12824,18531,3,3
TATCCTATCAACTGGT-1,13693,21055,4,1
TATCCTGCATGGGAAT-1,12980,7173,4,1
TATCGATCTATGCATA-1,17910,9197,3,5
TATCGATGATTAAACG-1,12252,9444,4,1
TATCTACAGAGGTAAT-1,8624,11207,4,1
TATCTACCACAGCGGG-1,13844,14241,1,1
TATCTAGCCTAAAGGA-1,6883,12215,3,4
TATCTTGCAATACAAC-1,7458,17769,4,1
TATGAAGACAGGTGCG-1,8190,10955,2,1
TATGATCTTCTCTTTA-1,18192,18283,5,1
TATGCTCCCTACTTAC-1,13993,9950,4,1
TATGGATGTGCTACGC-1,12977,10202,4,1
TATGGCCCGGCCTCGC-1,9495,11208,2,1
TATGGGACCGAGCAGG-1,13265,12726,5,3
TATGGGTACGTATCGT-1,13556,11717,3,4
TATGGTCTGAGTAACA-1,13555,12726,3,3
TATGGTTAGTGGGAGA-1,20371,13994,3,4
TATGTAAAGTGCTTAA-1,11517,20296,3,4
TATGTCAAGACCGACT-1,18490,8692,3,5
TATGTCTCATTGTGCC-1,17038,11215,3,5
TATTATGTTTGCCTGC-1,7603,18021,4,1
TATTCAATTCTAATCC-1,15876,12224,4,1
TATTCCACTCAGCTCG-1,13407,16007,4,1
TATTCCTCCGCCCACT-1,9781,15752,4,1
TATTCGTGCCAGAATA-1,14426,12222,5,3
TATTTAGTCTAGATCG-1,13559,8183,3,3
TATTTATACCGAGTAG-1,16461,7681,3,3
TATTTGTTACCCTTTA-1,11817,9696,4,1
TCAAACAACCGCGTCG-1,13848,9698,4,1
TCAAACTTAGATTGTT-1,14571,11465,3,2
TCAACAAAGATAATTC-1,9345,17013,5,1
TCAACACATTGGGTAA-1,10224,6413,2,1
TCAACATAGCGCCCTA-1,11519,18277,4,3
TCAACCATGTTCGGGC-1,12542,9949,4,1
TCAACGCAGGAAATAA-1,9636,16004,4,1
TCAACGCGACCGGCAG-1,8477,13479,4,1
TCAACTAACGTATAAC-1,7899,11459,2,1
TCAAGAAATACTAGCT-1,20808,12228,1,1
TCAAGGTTACTACACC-1,20080,15508,4,1
TCAATACGCCGTCATG-1,13984,19541,3,2
TCACAAACCGAGGTAC-1,18916,19041,4,1
TCACAGCAAACTCGAA-1,12246,16511,4,1
TCACAGGGAATCGCAA-1,16599,15505,4,1
TCACAGGTTATTGGGC-1,12105,11715,3,4
TCACATCTTATCTGAT-1,8045,10702,2,1
TCACCCTCTTAAGATT-1,13698,14998,4,1
TCACCGCTCGGCACTC-1,18488,11216,5,3
TCACGATGTCCGTGGA-1,9200,16761,5,1
TCACGCATTGTAGATC-1,12250,11968,3,3
TCACGGTCATCGCACA-1,11672,9443,4,1
TCACGTGCCCGATTCA-1,14135,13232,3,2
TCACTCGTGCAACGGC-1,18637,7431,3,4
TCAGAACCTCCACAGG-1,20519,11218,5,1
TCAGACGCTATAGAAG-1,15583,15757,1,2
TCAGCAAATGCATCTC-1,15732,11466,4,1
TCAGCAGTAGGCCCTG-1,11083,19034,5,3
TCAGGGTGTAACGTAA-1,15588,10709,4,1
TCAGGTTCTTTGAGAA-1,11235,11210,2,1
TCAGTACTGACCCGCG-1,10076,10199,4,1
TCAGTAGGGACTATAA-1,12102,15249,3,4
TCAGTGTATACGTCAT-1,10359,18276,5,1
TCATACTTACAGATCC-1,8626,9188,4,1
TCATATGAGCTTTGTT-1,14129,19794,3,2
TCATCACTCGAGCTCG-1,9353,7927,2,1
TCATCCCAGAGGGTGG-1,15301,6670,5,4
TCATCGATGGTCCCAA-1,9344,18023,5,1
TCATGCAGGTTCTCAT-1,17330,8187,3,3
TCCAACTTTAAATTCT-1,10943,13733,3,3
TCCAAGCCTAGACACA-1,16594,20553,4,1
TCCACAATGGTTTACG-1,10365,11209,2,1
TCCACATCGTATATTG-1,14853,21056,4,1
TCCACCTCTAGCCTTT-1,12824,19035,3,3
TCCACTTTATCTAGGT-1,16602,11467,4,1
TCCAGAGCACCGGTTC-1,15295,13737,1,1
TCCAGGCGAGTACGGT-1,13411,11464,3,4
TCCCAAAGACGAAGGA-1,13847,10203,4,1
TCCCACTCTCTTCCGG-1,20664,11471,4,1
TCCCAGCTTTAGTCTG-1,13265,12221,3,4
TCCCAGGCTTAGCTAA-1,12106,11211,3,4
TCCCGCGTACTCCTGG-1,15153,10456,4,1
TCCCGGGTGTGCTGCT-1,10074,12218,3,5
TCCCGTCAGTCCCGCA-1,16024,9447,1,1
TCCCGTGTGCAATTTG-1,16744,14748,4,1
TCCCTGGCGTATTAAC-1,7748,18274,4,1
TCCCTGGCTCGCTGGA-1,9059,11965,4,1
TCCCTTAGATTACTCG-1,17621,8187,3,3
TCCGAACTTGGCTTAC-1,7899,11964,2,1
TCCGAATGGTCCTGAG-1,21534,11471,4,1
TCCGATAATTGCCATA-1,14429,8184,3,4
TCCGATGACTGAGCTC-1,16169,9195,3,4
TCCGATGGTGCGACAT-1,12832,9949,4,1
TCCGATTACATTGCCG-1,9784,11713,4,1
TCCGCGGCAGCATCTG-1,17327,12225,1,1
TCCGCTGTCATCCCGG-1,16889,15506,4,1
TCCGCTTATCCCATTA-1,14422,16260,3,1
TCCGGCCTAGCGTACA-1,19359,10712,5,3
TCCGGTTCGTCCGGTC-1,12826,16511,4,1
TCCGTTAAGCTAATAT-1,19644,16770,3,2
TCCGTTTAGCCTTGAA-1,18053,10964,5,3
TCCTAAATTGGGAAGC-1,15291,17776,1,2
TCCTAACCGTCGGGCA-1,11808,19287,5,3
TCCTACATCCACGGCC-1,17324,15254,4,1
TCCTAGCAAAGAAGCT-1,11088,13986,3,4
TCCTCGGGCTGGGCTT-1,16165,13738,1,1
TCCTCTACGAGATGGC-1,9786,10199,4,1
TCCTCTCCAGTTGTCC-1,8044,11207,2,1
TCCTGCCAACTGGAGA-1,18202,6673,3,5
TCCTGCGTTGATACTC-1,9493,13227,3,5
TCCTTACGACGGTCCG-1,18919,16012,5,1
TCCTTCAGTGGTCGAA-1,15155,7427,3,4
TCCTTGTCCTTTAATT-1,15143,21057,4,1
TCCTTTAAATCCGCTT-1,18482,17779,4,1
TCCTTTCTTACGCTTA-1,14137,11212,3,1
TCGAAATTTAGGACCA-1,11671,10958,4,1
TCGAAGAACCGAGCAC-1,19500,15003,5,1
TCGAATATCCCGCAGG-1,9779,18275,5,1
TCGAGACCAACACCGT-1,13120,12978,5,3
TCGAGCCAGGCAGGCC-1,10504,18024,5,1
TCGATAGGCTAGTCGC-1,12111,5658,4,1
TCGCAAAGATGCATTT-1,16018,15505,3,4
TCGCACCAGGAGGCAG-1,16743,16263,3,2
TCGCATCCCTAAGTGT-1,9643,7422,3,4
TCGCCGAAGTTGCGTC-1,10507,14995,3,5
TCGCCGACATATTCGC-1,17610,20302,4,1
TCGCCGGTCGATCCGT-1,13994,8436,3,3
TCGCGTAGCAGTGTCC-1,19497,18032,3,2
TCGCGTCCAGAAGGTC-1,9350,11460,4,1
TCGCTAAACCGCTATC-1,18055,8440,3,5
TCGCTACTGGCTTTGA-1,15724,20048,3,2
TCGCTCGATATATTCC-1,14282,10960,4,1
TCGCTCGGCACCAGCG-1,20810,9704,4,1
TCGCTGCCAATGCTGT-1,16739,20806,4,1
TCGCTGGGCGGATTGT-1,15878,10709,4,1
TCGCTGTGCGTAAATC-1,11093,7929,4,1
TCGCTTTAAACGTTTG-1,17764,9954,3,5
TCGGAATGCGCTCTGA-1,9205,11208,2,1
TCGGACGCCCAGCCCA-1,16602,11972,4,1
TCGGAGAGTATCGGGA-1,8476,14993,4,1
TCGGAGTACATGAGTA-1,15877,11719,4,1
TCGGCGAACCCAAACC-1,20370,16013,4,1
TCGGCGTACTGCACAA-1,7025,16001,4,1
TCGGCTTGTATCGACG-1,19062,18284,4,1
TCGGGAACGTGCCTAG-1,20954,11471,4,1
TCGGGAGACAGCGTAC-1,15435,18533,3,2
TCGGGATTCAAACATA-1,7317,13478,4,1
TCGGGCCGTCGTGGTA-1,17906,13740,3,1
TCGGGTGAAACTGCTA-1,13271,6164,4,1
TCGGTCCCGACAATAG-1,8473,18022,4,1
TCGTAAGACGACATTG-1,16313,10457,4,1
TCGTACCGACGTCAAG-1,13258,20803,4,1
TCGTATAGTGCAATTA-1,13270,6668,4,1
TCGTATTACCCATTGC-1,8768,12974,4,1
TCGTCAAGTACGCGCA-1,10649,17771,5,1
TCGTCCGCTGGCGTCT-1,10947,9190,3,5
TCGTCTTAGGCGTTAA-1,17177,17020,4,1
TCGTGTACTATGGATG-1,16308,15505,4,1
TCGTGTCACGCTGACA-1,8476,14488,4,1
TCGTTAGGAGTCCCTA-1,12971,16764,4,1
TCGTTCGTTATTATGT-1,14141,6164,4,1
TCGTTGCTATCCGGTC-1,11810,17268,1,1
TCTAATACTGCCTCAG-1,8763,18022,4,1
TCTACCGTCCACAAGC-1,14862,10456,4,1
TCTAGCAATCTCCGCC-1,9491,15246,4,1
TCTAGCATCTTCGATG-1,11382,9443,4,1
TCTAGCATGCCCAGAA-1,14713,15756,3,4
TCTAGGTGGCGACGCT-1,19504,10965,5,3
TCTAGTGATATCGTGG-1,19355,14751,5,1
TCTATCATGCAGTTAC-1,10948,8181,4,1
TCTATCGGTCGCAACA-1,14428,9193,4,1
TCTATTACGCTGGCGA-1,10079,7170,3,1
TCTATTACTAGAGGAT-1,7317,13983,4,1
TCTCATGAGATAGGGT-1,17759,16011,5,1
TCTCCACAAGTTGAAT-1,18626,19041,4,1
TCTCGACGTATCGCCG-1,21531,15005,3,5
TCTCTAATAGCTGGTA-1,12688,8687,4,1
TCTCTTACCGCGAACC-1,11373,20044,3,2
TCTGAACCGGTCGGCT-1,10512,8938,3,5
TCTGAACTCGTACCCG-1,18919,15507,5,1
TCTGAATTCCGTACAA-1,18777,12226,3,4
TCTGCCAGAAACTGCA-1,16600,13991,3,4
TCTGGGTAGCGCTCAT-1,10363,13733,3,3
TCTGTCATACAAGAGC-1,11530,6162,4,1
TCTGTGCCATCATAGT-1,16747,11720,4,1
TCTGTTACCCAGCATA-1,10215,16509,5,1
TCTTACAGAGGTACCG-1,11674,7424,3,4
TCTTACCGGAACTCGT-1,18345,8945,3,5
TCTTACGGCATCCGAC-1,9351,9946,2,1
TCTTACTTATGCCTCT-1,18630,15002,5,1
TCTTAGAGCTCCAATT-1,20807,13742,3,5
TCTTAGAGTGAACTCT-1,19501,14498,4,1
TCTTCCCATGGGCACA-1,19068,11722,5,3
TCTTCGAATAGACGTT-1,15440,13485,1,2
TCTTCGATACCAATAA-1,14716,11718,3,2
TCTTCTATAACCCGCC-1,20661,15004,3,5
TCTTGATGCGTAGCGA-1,15006,11718,3,2
TCTTGCTCCCGATACT-1,14854,20047,3,2
TCTTGGTAACACCAAA-1,14574,8941,3,5
TGAAACTTATGCAAGC-1,15736,6418,5,1
TGAAAGGACCTGACTC-1,17182,12477,4,1
TGAACAAGCAGGGACT-1,10357,20295,4,1
TGAATACCGACGCGTA-1,17029,20301,4,1
TGAATGTCAGCCGGCC-1,20950,15509,3,5
TGACATCGAGCGGACC-1,19793,12479,5,3
TGACATGTAACGTGAC-1,14273,21056,4,1
TGACCAAATCTTAAAC-1,14128,20299,3,2
TGACCCACGTTAGACA-1,11960,11968,3,5
TGACGAATATTTCCCT-1,8331,14741,4,1
TGACGATGCACTAGAA-1,18922,12983,4,1
TGACTATAATCCTTTC-1,15003,15251,3,4
TGAGAATGCTTTACCG-1,12979,8183,3,4
TGAGAGATTTACCACG-1,18341,13992,4,1
TGAGATCAAATACTCA-1,14287,5407,4,1
TGAGATTAGGCCCTAA-1,18781,7683,3,4
TGAGCCATACAGTCTC-1,10653,14238,3,5
TGAGCGGAAAGTGTTC-1,14566,17523,4,1
TGAGTAAATTAGCGTA-1,13407,15502,3,1
TGAGTGCCTCTTAAAT-1,11087,14996,3,5
TGAGTGGTCCGTGACG-1,17328,11215,3,5
TGAGTTAAAGACATTC-1,21385,15762,3,5
TGATAGCGGGATTCTA-1,6884,10701,4,1
TGATCAGGGAACTGCT-1,8622,14236,4,1
TGATCCCAGCATTAGT-1,20665,10461,4,1
TGATCGGTTTGACCCT-1,12977,10707,3,5
TGATCTACGCTGATCT-1,19652,7684,4,1
TGATCTCCGGCGCCAG-1,12396,10706,3,5
TGATTCCCGGTTACCT-1,12388,19792,3,4
TGATTCGTCTATCACT-1,11090,11462,3,5
TGATTCTGTCGCCGGT-1,11521,15753,4,1
TGATTTATTAGCTGTG-1,10073,13228,3,5
TGATTTCCTCCTGACG-1,10078,7675,2,1
TGCAACCCATCTGCGG-1,18191,18788,4,1
TGCAAGAATGACGTAA-1,13846,11212,4,1
TGCAATCTAACACGGT-1,18191,19293,4,1
TGCAGAACTATATCGT-1,8332,14236,4,1
TGCAGAGTACCGAGCA-1,11814,13229,3,5
TGCAGATCGTCCTAGG-1,7751,14235,4,1
TGCAGCTACGTACTTC-1,7461,14235,4,1
TGCAGGATCGGCAAAG-1,15879,9700,4,1
TGCAGTTTCCTCCCAT-1,18196,13740,1,1
TGCATATGTCTGTCAC-1,17472,12477,4,1
TGCATGGATCGGATCT-1,14864,8437,3,5
TGCATGTGACCCATAG-1,10647,20800,4,1
TGCATGTGGTAATCTA-1,16893,10962,4,1
TGCCAAAGTCAGACTT-1,7896,14488,4,1
TGCCAATGGGTACTCT-1,12681,17269,3,2
TGCCACCTGGCGAAAC-1,16170,8690,4,1
TGCCAGTACGTGGAGA-1,15437,16514,4,1
TGCCATTACTAAAGAA-1,17765,8944,3,5
TGCCCGTACCGTTAAA-1,16019,15000,3,4
TGCCGGATGTACGAGC-1,10068,19285,4,1
TGCCTAATTGAAGATT-1,20368,17528,5,3
TGCCTGATCAAACGAT-1,15299,8689,3,5
TGCCTTGGCCAGGCAA-1,17033,16768,4,1
TGCGAATATGGGATTT-1,7025,14992,4,1
TGCGACACCCTAGTGC-1,11812,15249,3,1
TGCGACGGCCGAACGT-1,9778,18780,5,1
TGCGAGAATATTACCC-1,10941,16257,4,1
TGCGCAAAGCATTTGG-1,14862,11465,3,2
TGCGCGATTAACGGAG-1,11091,10452,4,1
TGCGGACTTGACTCCG-1,16159,20805,4,1
TGCGGAGTAAAGGTGC-1,15299,9194,1,1
TGCGGCATAGTTCAAC-1,12980,6668,4,1
TGCGGTGAAATTTCAT-1,14721,6670,3,4
TGCGTAAGAACCTGAT-1,11378,14491,3,5
TGCGTCATGACTGAGC-1,8184,17012,4,1
TGCGTTTGTTGACACT-1,16165,14243,3,4
TGCTAAGTGTCTATTT-1,18193,16769,4,1
TGCTCCACAGTTCTTA-1,18920,15003,5,1
TGCTCGGTGGGTCACC-1,15579,20300,3,2
TGCTCTTGAGAGTTTG-1,15289,19795,3,2
TGCTGGTTGGACAATT-1,11092,8938,3,5
TGCTGTTGAAGAACTC-1,14715,13232,5,3
TGCTTAGAGAGAATGC-1,8907,19284,4,1
TGCTTCCCAAGCAGTA-1,14709,19289,3,2
TGGAACCACTGACACA-1,19940,9703,4,1
TGGAAGAAGGGAACGT-1,10218,13480,3,5
TGGAAGACGAACACCA-1,11819,7172,3,4
TGGAAGGATAAAGATG-1,15009,8689,3,5
TGGAATATCCTTGACC-1,20666,9451,4,1
TGGACCAATCTAAGAT-1,16740,19291,1,1
TGGACGCAATCCAGCC-1,8038,18274,4,1
TGGACTGTTCGCTCAA-1,15731,12981,1,3
TGGAGTGATGCGATGA-1,11091,10957,4,1
TGGCAAACTAAATTAC-1,16453,16262,3,2
TGGCAACTCGCGCGCC-1,17620,9196,3,5
TGGCAATGGGACGGCG-1,20513,17276,5,3
TGGCAGATTACGATCA-1,13553,14745,3,4
TGGCAGCAGTAATAGT-1,13989,13484,1,1
TGGCCAAACTGAAGTA-1,16168,10709,4,1
TGGCCAATTTGGTACT-1,6734,16001,4,1
TGGCCGTATATTGACC-1,10656,10200,4,1
TGGCGATCAAGTTATG-1,13116,16512,4,1
TGGCTATGTGACATAC-1,17031,18787,4,1
TGGCTCTTGTCGCGTA-1,6881,14235,4,1
TGGCTTTGGGTAGACA-1,12543,8435,4,1
TGGGAAATGCCTTTCC-1,9061,9441,2,1
TGGGCAATAGTTGGGT-1,20805,15257,3,5
TGGGCACAAACAGAAC-1,11821,5658,4,1
TGGGCACGTTCTATGG-1,15736,7428,3,4
TGGGCCACAAGAGCGC-1,15590,8185,3,5
TGGGCCCATACTAATT-1,18049,15507,5,1
TGGGCGATACAATAAG-1,14128,20803,4,1
TGGGTAAGGTTCCCGC-1,16606,6924,3,4
TGGTAAGCAGGATTGA-1,6736,13982,5,1
TGGTAGAATATATGGG-1,19644,15760,4,1
TGGTATCGCATCCCAA-1,15012,5660,4,1
TGGTATCGGTCTGTAT-1,13707,5407,4,1
TGGTCCCACGCTACGG-1,15872,16767,3,2
TGGTCTGTTGGGCGTA-1,9348,12975,3,5
TGGTGATCGTATTTGT-1,7465,10197,4,1
TGGTTCAACGGGTAAT-1,15873,16262,1,2
TGGTTCGTAGCAAAGG-1,13123,9445,4,1
TGTAATGACCACAATA-1,7173,12720,3,4
TGTACCTACACGAGGG-1,18336,18536,4,1
TGTACGAACAAATCCG-1,13555,13231,3,3
TGTAGGAGAAATTTCC-1,17617,12225,3,5
TGTAGTGATCTATAAT-1,9929,12471,3,5
TGTATAACAGATCCTG-1,16603,10962,4,1
TGTATCCTTATTCCAT-1,12400,6163,4,1
TGTATGGCGCAGACAG-1,18630,14498,5,1
TGTCCCGACATAGCAC-1,13416,6416,4,1
TGTCCGTGGCGCCTTT-1,7754,11207,2,1
TGTCCTAAGTCACCGC-1,9494,12218,3,1
TGTCTACAGTTTCTGT-1,12835,6416,4,1
TGTGACTACGCCAGTC-1,15734,8942,4,1
TGTGCCGGTGCCGGAA-1,19208,17022,5,1
TGTGCTTTACGTAAGA-1,7753,12721,3,4
TGTGGCAAAGCGTATG-1,17763,10963,3,3
TGTGGCGGGCTTCTGG-1,13693,20046,3,4
TGTGGTTGCTAAAGCT-1,12243,20044,3,3
TGTGTCGCGAGTTGCA-1,10367,9695,4,1
TGTGTTCGTATCCAAG-1,8189,11459,2,1
TGTTATTGTATGTGGC-1,17615,14749,5,1
TGTTCCGCTTCCATGA-1,11524,12724,4,1
TGTTCGTATTGCGGTG-1,13987,16008,3,1
TGTTCTTCCATTGACT-1,11380,11967,3,5
TGTTGTCAAGAAGTCT-1,17039,9701,3,4
TGTTTAATACTTCATC-1,16317,5914,4,1
TGTTTCGGTACTTCTC-1,13269,8183,3,4
TTAAACCTGGTTCCTT-1,6885,10196,4,1
TTAAACTCGAATTCAT-1,18923,11469,5,3
TTAACACCTCGAACAT-1,8336,9693,4,1
TTAACCAACCCTCCCT-1,13124,8435,3,4
TTAACGTCGCAAGACC-1,12981,6163,4,1
TTAACTTCAGGTAGGA-1,8911,15246,4,1
TTAAGATAGGATTGAC-1,19791,14499,4,1
TTAAGCCGACAACTTC-1,16316,6924,3,4
TTAAGCGCCTGACCCA-1,11526,11210,4,1
TTAAGGCCCGTACTTT-1,8763,18527,5,1
TTAATGTAGACCAGGT-1,15007,11213,1,1
TTAATTGCTTTGGGTG-1,16160,19291,3,2
TTAATTTCAGACGCGG-1,15155,7932,3,5
TTACAACTACGCATCC-1,12687,9697,4,1
TTACAGACCTAAATGA-1,19069,10207,4,1
TTACATCGTGGCCTGG-1,10367,8685,3,5
TTACATGCCACAACTA-1,20081,13994,3,5
TTACCATTGATTACCC-1,9204,12217,4,1
TTACCCATTGCCGGGT-1,17476,7934,3,3
TTACCCTAACAGTCCT-1,8626,9693,4,1
TTACCCTAGGGATTGG-1,13549,18784,3,3
TTACTAAAGGACTTTA-1,16453,15758,4,1
TTACTATCGGCTTCTC-1,7463,12216,3,4
TTACTCCGGCCGGGAA-1,16456,12224,4,1
TTACTCTGGTACGTAC-1,9637,14489,3,5
TTACTGGGATATTTCA-1,12973,14745,3,4
TTAGAAGAACATGACT-1,14422,16765,4,1
TTAGAATAAGGGTCGG-1,11664,19034,3,3
TTAGACACGATCGTTG-1,17621,7682,3,3
TTAGACGAGTCACCTC-1,16743,15758,4,1
TTAGAGTTTAGAAGGA-1,17614,15254,5,1
TTAGCAACATGGATGT-1,9207,8684,2,1
TTAGCTAATACGATCT-1,19360,9198,4,1
TTAGCTCTGTAATCCG-1,7319,11459,2,1
TTAGCTGATTTGCCGT-1,18776,13236,4,1
TTAGGTCATAACCGAC-1,10649,18276,5,1
TTAGTAAACCTGCTCT-1,18771,19293,4,1
TTAGTAGGGCGGCGGG-1,8914,12217,4,1
TTAGTTATTCGTGGCA-1,18339,15507,5,1
TTATAGGTAATTGTCT-1,15725,19038,3,2
TTATATACGCTGTCAC-1,15875,13233,1,1
TTATATTTGGCAATCC-1,14428,10203,4,1
TTATCCAATCGAACTC-1,9934,6918,3,5
TTATCCGGGATCTATA-1,17758,16516,1,2
TTATCCTCAAGGAATA-1,7749,16759,4,1
TTATCGCCTGCGAAGC-1,7610,10449,2,1
TTATCTGTATCATAAC-1,13848,9193,4,1
TTATGAATGAAAGGGA-1,14279,13989,3,2
TTATGACAAACTGGAT-1,10221,10452,2,1
TTATGATCTTAACGAA-1,17036,13234,4,1
TTATTAGAGCGTGTTC-1,15293,15252,3,4
TTATTAGGGAAGCATC-1,13705,7426,3,4
TTCAAAGTCTCTAGCC-1,16021,12476,4,1
TTCAACGACCCGACCG-1,12108,8687,4,1
TTCAAGCCGAGCTGAG-1,16026,6923,3,4
TTCAATACTCTGAATC-1,17616,13235,4,1
TTCACTCGAGCACCTA-1,15146,17523,4,1
TTCACTTCCTAGAACG-1,12533,20549,1,1
TTCAGCCCTGGTCCAC-1,17469,15506,4,1
TTCAGCTGGCGTGCCC-1,18918,17527,5,1
TTCAGGCGTCAAAGCC-1,7462,13730,4,1
TTCATGGCGCAACAGG-1,16025,8438,4,1
TTCCAATCAGAGCTAG-1,18925,9450,4,1
TTCCAATCTGGCTATC-1,11812,15753,4,1
TTCCACACAGATTTGA-1,11811,16258,4,1
TTCCAGACGAGATTTA-1,21242,13490,3,5
TTCCCGGCGCCAATAG-1,6880,15244,4,1
TTCCGCAGAGAAATAT-1,19796,8946,4,1
TTCCGCGTGAGGCGAT-1,14423,15251,3,4
TTCCGGCCTTGAGGCT-1,11520,17267,5,1
TTCCGGTATCTGTGTC-1,21822,13996,3,5
TTCCGGTTACCCACTT-1,17759,15002,5,1
TTCCTCGAGGGTGTCT-1,12253,8939,4,1
TTCCTCGGACTAACCA-1,17613,16263,4,1
TTCCTCTGCCCGAATA-1,7318,12468,3,4
TTCGACAGAGCCCGTG-1,15002,16766,4,1
TTCGACGGGAAGGGCG-1,11527,9696,4,1
TTCGCACTCGCGTGCT-1,11672,9948,4,1
TTCGCACTGTACGACA-1,13694,19036,3,3
TTCGCGCGCCATACGA-1,11954,18530,1,3
TTCGCTATCTGACGTG-1,19651,8693,4,1
TTCGGCAACCCGCTGA-1,17911,7682,3,4
TTCGGCTAGAGATGGT-1,8627,8179,4,1
TTCGGGACTAATCGCG-1,15586,12728,1,2
TTCGGGCGCTAGTCTT-1,10505,17519,5,1
TTCGGTACTGTAGAGG-1,14273,20551,1,2
TTCGTAATCCCAGCGG-1,17622,6672,3,4
TTCGTACTCCAGAACG-1,9350,10956,4,1
TTCGTTCAACGAAGTT-1,20375,9451,4,1
TTCTAACCGAAGCTTA-1,18197,12226,3,4
TTCTACTTGCGAGGGC-1,9787,9189,3,5
TTCTAGAAAGTCTTAT-1,11809,18782,1,3
TTCTAGGCCAATTGTG-1,11527,9191,3,5
TTCTGCCGCGCCTAGA-1,15148,16009,1,1
TTCTGCGAGCGCCCTT-1,7608,11964,3,4
TTCTGCGGGTTAGCGG-1,16745,13739,4,1
TTCTGCTAGACTCCAA-1,20519,10713,4,1
TTCTTAGTGAACGGTG-1,10078,8180,3,5
TTCTTAGTGGCTCAGA-1,13994,7931,3,3
TTCTTGAGCCGCGCTA-1,11087,15500,4,5
TTCTTGGACGATCTGC-1,9780,16761,5,1
TTCTTGGAGTAATGAG-1,16605,8943,3,4
TTCTTGTAACCTAATG-1,10222,9442,3,5
TTCTTTGGTCGCGACG-1,20230,9703,4,1
TTGAACGAATCCTTTG-1,8192,8431,4,1
TTGAACGACGTGCTGA-1,17901,18788,4,1
TTGAAGAATTCCCAGG-1,12395,11716,3,3
TTGAATATGGACTTTC-1,16166,12224,4,1
TTGAATCGTTGTATAA-1,6590,15749,4,1
TTGACAGGAGCTCCCG-1,19500,15508,4,1
TTGACATGAACGTGGA-1,9782,14742,3,5
TTGACCAGGAACAACT-1,16740,19796,1,2
TTGACCATGTTCTCCG-1,16459,9700,3,5
TTGACCGTGTTAATGA-1,10070,16257,4,1
TTGACGATTCAGCACG-1,12546,5911,4,1
TTGACGCTCCATGAGC-1,19791,13994,3,5
TTGACTACCATATGGT-1,11087,14491,3,5
TTGACTATTGTCCGGC-1,20225,15256,4,1
TTGAGAGTACTGCTAA-1,10652,14743,3,5
TTGATCTAACTTTGTC-1,11961,10958,3,5
TTGATGTGTAGTCCCG-1,18199,9702,3,1
TTGATTAGCTGTTTCT-1,10071,15752,4,1
TTGATTATGCAGATGA-1,9931,10451,4,1
TTGCACAATTCAGAAA-1,13408,14493,3,4
TTGCACGGAGCAGCAC-1,13703,8940,3,5
TTGCATGCTGATCACG-1,10218,13985,3,3
TTGCCAAGCAGAACCC-1,21676,14753,3,5
TTGCCATAGCCCGCTC-1,8619,17265,4,1
TTGCCCTGATCACGGG-1,10074,12723,3,5
TTGCCGCTTTCTAGTA-1,16450,19291,1,2
TTGCGGCATCAGAAAG-1,11665,17015,4,1
TTGCGTCGGCCAACCG-1,11086,16510,4,1
TTGCGTGAACGCTTAG-1,19072,7179,4,1
TTGCTCCCATACCGGA-1,15589,9195,4,1
TTGCTGAAGGAACCAC-1,13414,8435,3,4
TTGCTGATCATGTTCG-1,13411,11969,3,4
TTGGAAGAATACAGTC-1,8620,16255,4,1
TTGGACATGTGGCTTA-1,9347,13984,2,1
TTGGACCATCTGGCAA-1,20369,16518,5,2
TTGGACCTATAACAGT-1,17612,17778,1,2
TTGGAGTCTCCCTTCT-1,11531,5657,4,1
TTGGATATCGTCTACG-1,12682,15754,4,1
TTGGATCGACTTCTGG-1,13851,6164,4,1
TTGGATTGGGTACCAC-1,13124,7930,3,5
TTGGCCTAGAATTTCG-1,17041,7681,3,3
TTGGCTCGCATGAGAC-1,10512,9442,3,5
TTGGGAAGACGAGCCG-1,14418,20804,4,1
TTGGGACACTGCCCGC-1,15297,10709,4,1
TTGGGACGTAAGAGTT-1,20949,16519,5,2
TTGGGCGGCGGTTGCC-1,16167,11214,4,1
TTGGTCACACTCGTAA-1,12102,15754,4,1
TTGGTTGCGGTGCGCG-1,8474,17012,4,1
TTGTAAGGACCTAAGT-1,9781,15247,4,1
TTGTAAGGCCAGTTGG-1,16893,10458,4,1
TTGTAATCCGTACTCG-1,13120,12473,3,3
TTGTATCACACAGAAT-1,15881,6671,3,1
TTGTCGTTCAGTTACC-1,13558,9193,4,1
TTGTGAACCTAATCCG-1,18192,17778,4,1
TTGTGAGGCATGACGC-1,7026,14487,4,1
TTGTGCAGCCACGTCA-1,15870,18786,3,2
TTGTGGCCCTGACAGT-1,13849,8183,3,3
TTGTGGTAGGAGGGAT-1,9200,16256,4,1
TTGTGTATGCCACCAA-1,13841,17774,1,2
TTGTGTTTCCCGAAAG-1,13697,16512,4,1
TTGTTAGCAAATTCGA-1,11237,9191,3,5
TTGTTCAGTGTGCTAC-1,14428,9698,4,1
TTGTTGTGTGTCAAGA-1,16312,11467,4,1
TTGTTTCACATCCAGG-1,11229,18277,5,1
TTGTTTCATTAGTCTA-1,9488,18780,4,1
TTGTTTCCATACAACT-1,9056,14994,4,1
