barcode,x,y,label_pca3_k5,label_pca10_k5,true_label
AAACAAGTATCTCCCA-1,19934,16265,1,4,tumor
AAACACCAATAACTGC-1,7893,18526,3,2,
AAACAGAGCGACTCCT-1,18782,7178,4,3,fibrous
AAACAGCTTTCAGAAG-1,6446,14487,3,4,fibrous
AAACAGGGTCTATATT-1,7025,15497,4,2,fibrous
AAACCGGGTAGGTACC-1,9202,14237,4,3,fibrous
AAACCGTTCGTCCAGG-1,11230,16762,4,2,immune
AAACCTAAGCAGCCGG-1,17175,20049,4,2,fibrous
AAACCTCATGAAGTTG-1,7898,12973,4,2,
AAACGAGACGGTTGAT-1,16601,12477,5,3,
AAACGGTTGCGAACTG-1,13693,20551,1,1,tumor
AAACTCGGTTCGCAAT-1,15289,20300,1,4,tumor
AAACTGCTGGCTCCAA-1,14858,14999,2,1,tumor
AAACTTGCAAACGTAT-1,7896,14993,3,3,fat
AAAGACCCAAGTCGCG-1,12110,6163,4,2,
AAAGACTGGGCGCTTT-1,7319,10954,5,3,immune
AAAGGCTACGGACCAT-1,12969,19288,3,5,necrosis
AAAGGGATGTAGCAAG-1,14138,9698,4,2,
AAAGGGCAGCTTGAAT-1,8916,9693,5,3,
AAAGTAGCATTGCTCA-1,9055,16508,4,2,
AAAGTCACTGATGTAA-1,12691,6163,4,3,
AAAGTCGACCCTCAGT-1,7317,12973,4,2,fibrous
AAAGTGTGATTTATCT-1,18775,14750,4,2,necrosis
AAAGTTGACTCCCGTA-1,19066,14246,4,2,necrosis
AAATAACCATACGGGA-1,17912,7177,1,5,
AAATACCTATAAGCAT-1,15148,15504,2,1,tumor
AAATCCGATACACGCC-1,17755,20049,3,2,fibrous
AAATCGTGTACCACAA-1,13263,14745,1,1,tumor
AAATCTAGCCCTGCTA-1,19788,17023,3,4,
AAATGCTCGTTACGTT-1,8628,7674,4,2,
AAATGGCATGTCTTGT-1,15156,6923,1,4,tumor
AAATGGCCCGTGCCCT-1,7605,16002,4,2,fibrous
AAATGGTCAATGTGCC-1,12540,11968,4,5,
AAATTAACGGGTAGCT-1,13555,12221,1,3,
AAATTACACGACTCTG-1,17621,7177,4,5,
AAATTACCTATCGATG-1,18779,10207,5,3,
AAATTGATAGTCCTTT-1,9634,17518,3,3,immune
AAATTTGCGGGTGTGG-1,9926,15499,4,2,fibrous
AACAACTGGTAGTTGC-1,11236,10705,4,2,fibrous
AACAATACATTGTCGA-1,10503,19033,3,2,
AACAATTACTCTACGC-1,8770,10955,4,2,
AACACACGCTCGCCGC-1,18628,16517,5,2,
AACACGACTGTACTGA-1,14576,5912,3,2,
AACACGAGACGCGGCC-1,8186,14993,3,3,
AACAGCTGTGTGGCAA-1,9633,18528,3,2,immune
AACAGGAAATCGAATA-1,14865,7427,2,1,tumor
AACAGGATGGGCCGCG-1,9640,10956,4,2,
AACAGGTAGTATGGAT-1,21530,16015,4,2,
AACATATCAACTGGTG-1,19504,10460,4,2,
AACATTGTGACTCGAG-1,12678,19792,3,5,necrosis
AACCAAGACTTCTCTG-1,8623,12722,4,4,
AACCATGGGATCGCTA-1,9498,7170,1,2,tumor
AACCCAGAGACGGAGA-1,10804,7423,4,3,
AACCCGACAACCCGTG-1,11372,20548,4,2,
AACCCTACTGTCAATA-1,19066,13741,4,3,
AACCCTGGTGGAACCA-1,15302,5661,4,2,
AACCGAGCTTGGTCAT-1,15298,9699,4,2,
AACCGCTAAGGGATGC-1,18485,15255,4,2,necrosis
AACCGTTGTGTTTGCT-1,14431,6670,4,2,immune
AACCTCGCTTTAGCCC-1,17030,19292,4,3,fibrous
AACCTTTAAATACGGT-1,15001,17271,4,3,
AACCTTTACGACGTCT-1,18491,7683,1,1,tumor
AACGATAATGCCGTAG-1,15727,17019,4,4,
AACGATAGAAGGGCCG-1,12834,7425,4,2,
AACGATATGTCAACTG-1,16169,9700,1,3,
AACGCATGATCTGGGT-1,20231,8694,3,2,fibrous
AACGCGACCTTGGGCG-1,12823,20550,4,2,
AACGCGGTCTCCAGCC-1,14573,9446,4,3,
AACGCTGTTGCTGAAA-1,18773,17274,4,2,fibrous
AACGGACGTACGTATA-1,18484,16264,5,3,
AACGGCCATCTCCGGT-1,10796,15500,4,3,
AACGTACTGTGGGTAC-1,11231,15753,5,3,fibrous
AACGTCAGACTAGTGG-1,10947,9695,4,3,fibrous
AACGTGATGAAGGACA-1,17187,5915,4,2,
AACGTGCGAAAGTCTC-1,15876,12728,5,4,
AACTACCCGTTTGTCA-1,21530,15510,1,1,
AACTAGGCTTGGGTGT-1,13986,17522,4,3,
AACTCAAGTTAATTGC-1,11524,13229,1,1,tumor
AACTCCAGAGCGTGTT-1,18481,18788,3,2,
AACTCTCAATAGAGCG-1,18632,12478,1,2,tumor
AACTCTCAGTGTGCTC-1,11085,17015,3,3,immune
AACTGATATTAGGCCT-1,14720,7679,2,5,tumor
AACTGGGTCCCGACGT-1,14719,8689,1,1,
AACTTGCCCGTATGCA-1,9060,10955,4,2,
AAGACCCAACTGAACA-1,12969,18783,3,5,necrosis
AAGACTGCAAGCTACT-1,15005,12728,4,4,
AAGAGATGAATCGGTA-1,9060,10451,4,2,fibrous
AAGAGCTCTTTATCGG-1,16311,12476,2,3,immune
AAGAGGATGTACGCGA-1,9348,13480,1,2,tumor
AAGAGGCATGGATCGC-1,16746,12729,5,3,
AAGATTGGCGGAACGT-1,18199,10206,4,3,fat
AAGCACCCTGCGTATC-1,15726,18533,1,4,tumor
AAGCATACTCTCCTGA-1,15147,17018,4,3,
AAGCCGAAGCGGTTTA-1,20660,16014,4,2,
AAGCGCAGGGCTTTGA-1,15724,20552,4,3,
AAGCGTCCCTCATCGA-1,10214,18023,3,3,immune
AAGCTAGATCGAGTAA-1,15002,16261,4,3,
AAGCTCGTGCCAAGTC-1,15731,12476,5,3,
AAGCTCTTTCATGGTG-1,16886,18029,3,2,
AAGGAGCGGTTGGTGC-1,12106,10706,4,3,
AAGGATCGATCGCTTG-1,20952,13490,1,1,
AAGGATGAGGGACCTC-1,17764,10458,4,3,
AAGGCGCGTAAAGCTT-1,10657,9695,4,3,fibrous
AAGGCTGTGCTCATCG-1,11816,11210,1,5,tumor
AAGGGACAGATTCTGT-1,18489,10207,5,3,
AAGGGACTATGCATTC-1,8908,18779,3,3,
AAGGTATCCTAATATA-1,16894,9953,2,1,
AAGGTGATAAACCAGC-1,18485,14750,4,2,necrosis
AAGTAGAAGACCGGGT-1,11963,8434,4,3,
AAGTAGTGACGCGAGG-1,9639,11965,4,3,
AAGTCAATTGTCGTCA-1,19790,15003,5,3,necrosis
AAGTGACGACCGAATT-1,8767,13984,4,3,fat
AAGTGAGTCGGGTTTA-1,12099,19287,3,5,necrosis
AAGTGCCTTGACTGTA-1,20226,14751,4,3,
AAGTGCGTTAGAATCT-1,9055,16003,4,3,
AAGTGTTTGGAGACGG-1,16743,16767,3,2,
AAGTTCACTCCAAGCT-1,17467,18030,4,4,
AAGTTCAGTCTGCGTA-1,20232,8189,3,2,fibrous
AAGTTCGGCCAACAGG-1,10071,15247,4,3,
AAGTTTATGGGCCCAA-1,15288,20804,4,3,fibrous
AATAACAACGCTCGGC-1,9493,12723,1,1,tumor
AATAACACTAGAACAA-1,10650,16762,5,3,immune
AATACCGGAGGGCTGT-1,10502,20548,4,3,fibrous
AATAGAACAGAGTGGC-1,11811,16763,4,3,
AATAGAATCTGTTTCA-1,17614,15759,5,2,necrosis
AATATCAAGGTCGGAT-1,11240,5657,4,2,
AATATCGAATCAATGC-1,20950,16014,4,3,
AATATCGAGGGTTCTC-1,19794,10460,4,2,tumor
AATATTGGAGTATTGA-1,8333,12721,4,2,
AATCATGTAAAGACTC-1,19353,17275,4,2,
AATCCAAGGGCCTGAG-1,11965,6920,3,5,
AATCGCCTCAGCGCCA-1,16600,13486,5,3,
AATCGCGCAGAGGACT-1,21677,14248,2,1,tumor
AATCGGGACACTACGA-1,13851,5659,3,2,fat
AATCGTGAGCCGAGCA-1,17174,20554,4,2,fibrous
AATCTAGGTTTACTTG-1,7459,16759,4,2,fibrous
AATCTATGCCGGAGCC-1,21100,10209,2,3,fat
AATCTCTACTGTGGTT-1,6592,13225,3,4,immune
AATCTGCGTTGGGACG-1,18488,11721,3,5,
AATCTGGCTTTCTAGT-1,7314,16506,4,2,
AATGACAGCAATGTCT-1,9491,15751,4,3,fibrous
AATGACGTAGGATGTC-1,16454,14748,4,2,fibrous
AATGACTGTCAGCCGG-1,11962,9444,3,2,
AATGATGATACGCTAT-1,18635,9450,4,3,
AATGATGCGACTCCTG-1,19795,9956,5,3,
AATGCAACCGGGTACC-1,13703,9950,4,3,
AATGCACCAAGCAATG-1,19216,8441,3,3,fibrous
AATGGTCCACCGTTCA-1,7464,11206,4,2,immune
AATGGTTCTCACAAGC-1,10223,8433,2,1,tumor
AATGTGCCCGAGGTGT-1,9054,17518,4,2,immune
AATTAAAGGTCGGCGT-1,12394,13735,4,5,
AATTAGCGCTGCAGCG-1,14277,16513,4,3,
AATTCATAAGGGATCT-1,18345,9449,1,3,
AATTCCAAGCATGTAC-1,13548,20298,1,2,tumor
AATTCGATTCGAGGAT-1,16159,20300,4,3,fibrous
AATTCTAGAGTTAGGC-1,14277,16008,2,1,tumor
AATTGAACGCTCTGGT-1,17179,15001,5,3,necrosis
AATTTGGGACATAGTA-1,18347,6925,1,2,tumor
AATTTGGTTCCAAAGA-1,14866,6418,4,4,tumor
ACAAATCGCACCGAAT-1,17033,16263,5,4,tumor
ACAAATGGTAGTGTTT-1,17325,14749,5,3,necrosis
ACAACAGCATGAGCTA-1,15587,11718,5,3,immune
ACAACGGTCCCTGCGA-1,9497,9189,5,3,
ACAAGCAGTGCCTAGC-1,8915,11208,4,3,
ACAAGGAAATCCGCCC-1,16018,16010,4,3,fibrous
ACAAGGACAAGAGGTT-1,10510,10957,4,2,fibrous
ACAAGGATGCTTTAGG-1,17756,19040,3,2,fibrous
ACAAGGGCAGGCTCTG-1,16164,14748,4,3,
ACAATAGTCGTACGTT-1,8042,14236,3,4,
ACAATCCATTTAAACC-1,9784,12723,1,1,
ACAATGAATACGGAGA-1,9634,18023,1,4,immune
ACAATTGTGTCTCTTT-1,19209,16517,4,2,
ACAATTTGAGCAGTGG-1,17038,10710,5,3,
ACACAAAGACGGGTGG-1,13268,9697,4,2,
ACACACCAGGACCAGT-1,18195,14750,4,2,necrosis
ACACACTTTCTACACG-1,14430,7174,1,1,tumor
ACACCCAGCATGCAGC-1,12397,9696,3,2,
ACACCCGAGAAATCCG-1,10803,8433,2,1,tumor
ACACCTTAAGTAGGGC-1,11382,9948,4,2,fibrous
ACACCTTACTACTTGC-1,21242,13995,2,1,tumor
ACACGAGACTCCTTCT-1,15442,11466,4,2,
ACACGGGAACTTAGGG-1,15443,10456,5,3,
ACACTGATCAAGGTGT-1,12101,16763,4,2,
ACAGAACTGAGAACAA-1,8619,16760,5,3,fibrous
ACAGATTAGGTTAGTG-1,13417,5407,4,2,fat
ACAGCATAGAGCCAGT-1,13561,6164,4,2,fat
ACAGCGACATTCTCAT-1,19497,18537,3,2,fibrous
ACAGCGCACCCGCAGC-1,16752,6167,4,3,
ACAGGTGGAGGTGAGG-1,10796,16510,5,3,immune
ACAGTAATACAACTTG-1,7170,15244,3,2,fibrous
ACATAATAAGGCGGTG-1,14284,8941,1,1,tumor
ACATCAGCTGGGACGC-1,6883,11711,4,2,
ACATCCCGGCCATACG-1,13406,17522,4,2,
ACATCCTGGTAACTGT-1,19936,14246,4,3,
ACATCGATCGTTTACC-1,14134,14241,4,3,fibrous
ACATCGGTCAGCCGCG-1,10508,13985,4,5,necrosis
ACATCGTATGCAATGG-1,16889,15001,5,3,
ACATCGTTAACCTAGT-1,16027,5914,4,2,immune
ACATGGCGCCAAAGTA-1,20227,13742,1,1,tumor
ACATTAGTTTATATCC-1,13987,16512,4,3,fibrous
ACCAACGCTTATTTAT-1,12246,17016,4,3,
ACCAAGAACGCGTGTC-1,12254,7930,4,4,
ACCAATATGCAAGTTA-1,16451,17777,3,2,
ACCACAAGTTTCTATC-1,12976,11211,1,1,tumor
ACCACCAATGTAACAA-1,20661,13995,4,2,
ACCACGTGCAGCTATA-1,16163,15757,4,2,fibrous
ACCAGTGCGGGAGACG-1,18774,15760,5,2,
ACCATATCCGCAATAA-1,13264,13231,4,4,
ACCATCCGCCAACTAG-1,6881,14739,3,4,fibrous
ACCATCGTATATGGTA-1,11233,14238,1,1,tumor
ACCCAACGCCCGTGGC-1,17618,11216,1,5,tumor
ACCCACCTACATGCTC-1,8771,9946,5,3,fibrous
ACCCATTTGTCCCTCT-1,19642,18789,3,2,
ACCCGAGCGAAATTAC-1,9343,19032,4,2,fibrous
ACCCGGAAACTCCCAG-1,14566,18027,4,2,tumor
ACCCGGATGACGCATC-1,19647,13236,1,1,tumor
ACCCGGTTACACTTCC-1,12103,14239,1,5,necrosis
ACCCGTGTCATCAGTA-1,12970,18278,3,5,necrosis
ACCCTCCCTTGCTATT-1,17324,15758,5,3,
ACCCTTCATCTGCGAA-1,14576,6922,1,1,tumor
ACCGAAAGGGCCCTGC-1,12836,5911,4,2,
ACCGACTGAGTCCCAC-1,14717,10708,5,3,
ACCGATGGTAGCATCG-1,18487,12731,4,3,
ACCGCGGTGGAAGTCG-1,20516,14752,1,1,tumor
ACCGGGCCTTTGTTGA-1,19355,15255,5,2,necrosis
ACCTAAGTACCTTTCA-1,9490,16256,4,3,fibrous
ACCTAATCGACTTCCT-1,9494,11713,4,3,
ACCTACAGTATGTGGT-1,21532,13995,2,1,tumor
ACCTACTATAAATCTA-1,13548,20803,4,3,
ACCTCCGTTATTCACC-1,21388,12228,4,3,
ACCTGCGTGTCATGTT-1,7751,15245,3,2,
ACGAAATGGGCGGCAC-1,8624,11712,4,3,
ACGACTGGTCATACTC-1,10067,19790,4,3,fibrous
ACGAGATATTTGCTTA-1,16897,5915,4,3,
ACGAGGATACCACTCT-1,7750,16254,4,2,
ACGAGTACGGATGCCC-1,20229,10713,4,3,
ACGATACATAGAACTA-1,16749,9196,2,1,tumor
ACGATCATACATAGAG-1,14283,9951,4,2,
ACGATCATCTTGTAAA-1,19937,12732,4,4,tumor
ACGATGCATATGTTAT-1,11379,12977,1,4,tumor
ACGATGGATCCGATGC-1,15302,6166,4,3,immune
ACGCAATCACTACAGC-1,20955,9957,5,3,fat
ACGCATACGTTTACTA-1,19933,17780,3,5,
ACGCATTCGTGAGTAC-1,13991,11969,1,4,tumor
ACGCCAGATGATTTCT-1,15735,7933,2,1,
ACGCCGCTAGACGACC-1,15439,14495,1,2,tumor
ACGCGAAGTCAGACGA-1,13697,16007,4,2,fibrous
ACGCGCTACACAGGGT-1,9637,13985,1,3,tumor
ACGCGGGCCAAGGACA-1,14136,12222,1,4,
ACGCTAGTGATACACT-1,19649,10713,3,2,
ACGCTGTGAGGCGTAG-1,7027,13477,3,4,
ACGGAATTTAGCAAAT-1,9063,7422,4,3,
ACGGACTCTCAAAGCG-1,16015,19038,1,4,tumor
ACGGATGGTGCGGATA-1,16596,18029,3,2,
ACGGCACTTGCTTGGG-1,13841,16765,4,2,fibrous
ACGGCCAACATGGACT-1,13116,17017,4,3,
ACGGCGACGATGGGAA-1,16308,16010,4,3,fibrous
ACGGGAGTGTCGGCCC-1,8766,15498,3,2,fibrous
ACGTACAGATTTCTCT-1,14721,6165,4,3,immune
ACGTAGATTGCTGATG-1,14861,11970,4,4,
ACGTATTACTCCGATC-1,19211,13993,4,3,
ACGTGCGCCTCGTGCA-1,14285,7931,1,5,tumor
ACGTTAATGTCGAAGA-1,15149,13990,4,3,tumor
ACGTTAGATTTGCCCG-1,10798,13481,4,5,
ACGTTCCGCGCTCCGT-1,12981,5659,4,2,fat
ACGTTCGCAATCAATT-1,21534,11976,4,2,
ACGTTCGTTCAGGAAA-1,11519,18782,3,5,necrosis
ACGTTTAGTTGTGATC-1,15011,7175,2,1,tumor
ACTACCAGCTCTCTGG-1,11092,9948,4,2,fibrous
ACTACGCGTTAGAATT-1,13259,18783,3,5,necrosis
ACTAGTTGCGATCGTC-1,20224,16266,1,4,
ACTATTCGTCCGTGGT-1,15881,7176,1,1,tumor
ACTATTTCCGGGCCCA-1,11084,18529,3,5,necrosis
ACTCAAGTGCAAGGCT-1,17611,18787,4,3,fibrous
ACTCAATAAAGGCACG-1,15153,9951,5,3,
ACTCAGACCTGCTTCT-1,11385,5910,4,3,
ACTCCAATATCATCAT-1,9342,19537,4,2,fibrous
ACTCCCATTCCTAAAG-1,7605,15497,3,2,
ACTCCCGAATTCGTTT-1,20228,11723,1,4,tumor
ACTCCCTAATGCTAAA-1,15146,18028,1,2,
ACTCCCTAGAATAGTA-1,15293,15756,2,1,tumor
ACTCGTAACCCGTCCT-1,8475,16003,4,2,
ACTCGTCAGTAATCCC-1,16456,12729,5,3,
ACTCTCTGACTTAGGT-1,16455,14243,1,2,tumor
ACTCTTGTATAGTAAC-1,15296,12728,4,4,
ACTGAAACGCCGTTAG-1,18627,18031,3,2,fibrous
ACTGAATGGCGAAAGT-1,17179,15506,2,3,necrosis
ACTGCCGTCGTAACTC-1,15300,7680,2,1,tumor
ACTGTACGATACACAT-1,16457,11214,5,2,
ACTGTAGCACTTTGGA-1,10801,10452,4,3,fibrous
ACTGTATACGCGAGCA-1,10370,6161,4,2,
ACTGTCCAGGATTATA-1,13120,11969,1,5,
ACTGTCTTCTTTAGAA-1,14427,11213,1,4,tumor
ACTGTGCTAGTAGATC-1,9644,6918,1,2,tumor
ACTTAGTACGACAAGA-1,9789,7170,1,1,
ACTTATACTTACCCGG-1,18197,12730,4,2,
ACTTATTAGGATCGGT-1,12684,13230,4,5,
ACTTATTTATGTGCCA-1,18194,15254,4,2,necrosis
ACTTCCATGCGGGACA-1,17466,19040,4,2,fibrous
ACTTCGCCATACGCAC-1,16023,10457,4,2,
ACTTGACTCCCTCTTT-1,15584,14242,4,3,
ACTTGGGACCCGGTGG-1,12251,10958,1,1,tumor
ACTTGTAGTCCCTTCA-1,6591,14739,3,4,fibrous
ACTTGTGGATGGAACG-1,20804,16771,3,5,
ACTTTACCCTCATGAA-1,20518,11723,4,3,
ACTTTCCTATAGCTTC-1,14137,10708,5,3,immune
ACTTTGACTGCATCCT-1,6737,13477,3,4,immune
AGAACGTGGTACATTC-1,15733,10457,5,3,
AGAAGAGCGCCGTTCC-1,17906,13235,4,2,
AGAAGGTACACTTCAC-1,7169,16759,4,2,fibrous
AGAAGGTTGCCGAATT-1,11523,14239,4,3,
AGAAGGTTGTAGGTCG-1,16450,19796,1,4,tumor
AGAAGTGATTCGTGAT-1,9201,15751,4,2,fibrous
AGAATAAATCTTCAGG-1,6737,12972,3,4,immune
AGAATTATGGATTCGA-1,19358,11722,3,5,
AGAATTGTTTGACATA-1,8482,7926,4,2,
AGACCATGGGATACAA-1,9207,9189,5,3,
AGACCCACCGCTGATC-1,14567,16008,2,1,tumor
AGACCCGCCCTCCTCG-1,13267,10202,4,3,
AGACCGGGAAACCCTG-1,7607,13983,3,4,fibrous
AGACGAAGTGCCGGTC-1,19209,16012,2,3,
AGACGACGATGCCGCT-1,9925,17014,3,2,immune
AGACTAGCCTTCCAGA-1,11816,10705,4,3,
AGACTGTTACCGGGTC-1,11663,19539,3,5,necrosis
AGAGAACCGTCTAGGA-1,17909,10206,2,3,fat
AGAGAAGGAGTACAAT-1,10069,18276,3,2,immune
AGAGATCTCTAAAGCG-1,7752,13731,3,4,fibrous
AGAGCAGTTATGAGAC-1,7899,10954,4,2,immune
AGAGCGGGCTAATCAT-1,14430,7679,1,1,tumor
AGAGCGTACAAGCTCG-1,9206,9694,2,3,fibrous
AGAGGCTTCGGAAACC-1,19789,16518,1,4,
AGAGTAAACTTCACTA-1,20515,15761,4,2,
AGATAACTTCAGGGCC-1,11525,11715,1,1,tumor
AGATACGACTTCATAT-1,10224,7423,4,2,immune
AGATACTCAAGATCGA-1,17034,15253,5,3,necrosis
AGATATAATACGACTA-1,15579,19795,1,4,tumor
AGATCGTGCATAAGAT-1,19215,8945,4,2,fibrous
AGATCTCAGGTGTGAT-1,16022,10962,5,3,
AGATGACTCGCCCACG-1,13123,8940,1,3,
AGATGATGGAGTCTGG-1,20518,12228,1,4,tumor
AGATGCAAGACGTGCA-1,8618,18274,4,3,immune
AGATTATAGGACGTTT-1,12975,12726,4,4,
AGATTCACAACCGATA-1,7024,17011,4,2,fibrous
AGCAAAGGCCGCTAGT-1,15580,18785,1,4,tumor
AGCAACATATCTTATT-1,18631,13993,4,2,
AGCAACCGAAAGTAAT-1,8038,17769,4,3,immune
AGCACCAGTACTCACG-1,14572,10456,5,3,
AGCACTACCGGCCTGT-1,8043,12216,3,2,immune
AGCACTACCTCACCAG-1,16887,17020,3,5,
AGCACTTAAGGACGCC-1,10220,11461,4,3,
AGCAGAAGGAGAAAGA-1,14999,19795,1,5,
AGCATATCAATATGCT-1,18919,16517,5,2,
AGCATCATTTCGAAAG-1,7894,17012,2,3,fibrous
AGCATCGTCGATAATT-1,12688,9192,3,2,
AGCCAAGCTTTGTGTC-1,13549,19793,3,5,necrosis
AGCCACAGGTTACCCG-1,18045,19545,3,2,
AGCCACTCCCGTGCTT-1,16894,9448,2,1,
AGCCCATACATGTAAG-1,8912,14236,4,3,
AGCCCGCAACAAGCAG-1,12967,20802,4,3,
AGCCCGGTAGCCTGTA-1,12244,19035,3,5,
AGCCCTAAGCGAAGTT-1,14575,7427,2,1,tumor
AGCCCTTCTAATCCGA-1,20087,7937,3,2,fibrous
AGCCGTGGCTAAATGT-1,8330,16255,4,2,
AGCCTAATACCCACGT-1,7169,16254,4,3,
AGCGACAGGAACGGTC-1,10505,16509,2,3,
AGCGACATCCCATTCA-1,13704,7931,4,5,
AGCGACCAACGATATT-1,13122,9949,4,2,
AGCGCGGGTGCCAATG-1,18490,9702,5,3,
AGCGGACACTTCGTAG-1,14129,19289,3,5,necrosis
AGCGGCGGTTAGCGGT-1,6879,16254,4,3,fibrous
AGCGGGAAGGGTCCAT-1,10514,6918,4,3,
AGCGGGTCTGACACTC-1,14709,20299,1,1,tumor
AGCGTGGTATTCTACT-1,15439,14999,2,2,tumor
AGCTAACAAGCAATGT-1,9923,19033,4,3,fibrous
AGCTAAGTACGCAGGC-1,17610,19797,3,2,fibrous
AGCTAGAAGCAGAAGT-1,19506,8946,4,2,fibrous
AGCTATTTAATCCAAC-1,15880,7680,2,1,tumor
AGCTCTAGACGTTCCA-1,16165,13233,5,4,
AGCTCTTCCCAGTGCA-1,17911,8187,1,5,
AGCTCTTTACTCAGTT-1,11668,13986,4,3,
AGCTGAAGTAAACCAA-1,17330,8691,2,1,tumor
AGCTGTAACCTCAATC-1,9199,17265,4,2,immune
AGCTTGATCTTAACTT-1,8477,13984,3,4,
AGGAAGCTGTCCGCCG-1,14565,19037,3,5,necrosis
AGGACAGTCGAATCCC-1,17470,14496,5,3,
AGGACATCGCACGTCG-1,10658,7676,4,3,
AGGACGACCCATTAGA-1,11668,14491,1,1,tumor
AGGACGCTCGATGTTG-1,19361,8188,3,2,fibrous
AGGAGGCCTTCGCGCG-1,19353,16770,4,3,
AGGATAAAGTCGGGAT-1,14566,17018,5,3,
AGGATATAGGGATTTA-1,19065,15255,4,2,necrosis
AGGATCACGCGATCTG-1,7460,15749,4,2,fibrous
AGGCAGATGCGTAAAC-1,17619,10206,4,3,
AGGCAGGGAGCGTACT-1,12244,18530,3,5,necrosis
AGGCATTGTCGTAGGG-1,19499,16013,5,3,
AGGCCACCCGTTATGA-1,10656,10704,4,2,
AGGCCCATTGTACAGG-1,13125,7426,4,3,
AGGCCCTAGAACGCCA-1,8766,14993,3,3,fibrous
AGGCCTGAGAATCTCG-1,17901,19292,3,2,
AGGCTATGGTTAGCTT-1,9496,10199,5,3,fibrous
AGGCTTCCCGAAGAAG-1,11231,16258,5,2,fibrous
AGGGAAACGAGGTACT-1,18057,6925,1,1,tumor
AGGGACCGGCTGCGTT-1,21098,12733,4,3,
AGGGAGACATACTTCG-1,21535,10967,5,3,fat
AGGGCAGCGGCGTGGT-1,15882,5661,4,2,
AGGGCGAGCAGCTGAT-1,8041,14740,3,2,
AGGGCGTGATCGGCTA-1,11674,7929,1,2,tumor
AGGGCTGCAGTTACAG-1,14571,12475,4,4,
AGGGTCAGAGCACTCG-1,10937,20800,4,2,fibrous
AGGGTGCCGTTCTTTA-1,9922,20042,4,2,
AGGGTGCTCTCGAGGG-1,18487,12226,1,2,tumor
AGGGTGGATAGTGCAT-1,6739,10953,4,3,
AGGGTTCAGACGGTCC-1,11662,21053,4,3,
AGGGTTCCCTTTGGTT-1,17908,11216,4,5,
AGGGTTTAGTTCGGGA-1,14281,11970,1,4,
AGGTAACCTCCTATTC-1,11094,6919,1,2,tumor
AGGTACGATATTGCCA-1,16171,6671,1,2,tumor
AGGTAGATCGAGATAT-1,10213,19538,4,3,fibrous
AGGTAGGTACAAAGCT-1,9639,12470,1,1,tumor
AGGTATAATTGATAGT-1,20953,12480,4,3,
AGGTCGCGGAGTTACT-1,20230,10208,5,3,
AGGTGGTGACCTTCGC-1,13258,19793,3,5,necrosis
AGGTGTATCGCCATGA-1,7608,12973,4,2,
AGGTTGAGGCACGCTT-1,15879,9195,4,3,
AGGTTTCACACACCTT-1,14859,13989,1,4,tumor
AGTAATGTCTTGCCGC-1,13850,7679,4,5,
AGTACATCATTTATCA-1,20954,10966,5,2,
AGTACGGCCCGTATCG-1,6738,12468,4,2,
AGTACGGGCACCTGGC-1,16604,9953,2,1,
AGTACTCTTATGCCCA-1,17902,17778,4,3,
AGTAGGAAGGAAGTTG-1,19362,7684,3,2,fibrous
AGTATAATACTAGGCA-1,9931,9947,5,2,fibrous
AGTATGCTGGAGACCA-1,8908,18275,4,2,immune
AGTATTTGGCACGACC-1,12680,18278,3,5,
AGTCAACACCACCATC-1,11958,13987,1,1,tumor
AGTCAAGATGACACTT-1,18194,15759,4,2,necrosis
AGTCACTAGCTCTCGA-1,19498,17527,3,3,
AGTCAGCCACCGCCTG-1,9208,7674,4,3,
AGTCCATTGGCTGATG-1,19646,14246,4,3,necrosis
AGTCCCGCCTTTAATT-1,18636,7935,1,1,tumor
AGTCGACGGTCTCAAG-1,18196,13235,4,3,
AGTCGGCCCAAACGAC-1,10801,9947,4,2,fibrous
AGTCGGCTCAACTTTA-1,8476,15498,3,2,fibrous
AGTCGGTTGCGTGAGA-1,21387,13743,2,1,tumor
AGTCGTATAAAGCAGA-1,16885,20049,4,2,fibrous
AGTCGTCGACCACCAA-1,18337,18031,4,2,
AGTCGTGGGCATTACG-1,9345,16508,4,2,immune
AGTCTAAAGTATACTC-1,21244,10966,5,2,fat
AGTCTCACAAGACTAC-1,9489,17266,3,2,immune
AGTCTTCTCCTCAAAT-1,14718,9699,4,2,
AGTCTTTAAAGTGTCC-1,16304,20553,4,2,fibrous
AGTGAACAAACTTCTC-1,19936,14751,5,3,
AGTGACCTACTTTACG-1,12683,14745,4,5,necrosis
AGTGAGACTTCCAGTA-1,17762,12478,4,3,
AGTGAGCCTCGCCGCC-1,20084,10965,3,2,
AGTGATAACCTGCGCG-1,18046,18535,4,3,fibrous
AGTGATATGAGTAGTT-1,12247,14997,4,5,necrosis
AGTGATTCAAGCAGGA-1,17762,11973,1,2,tumor
AGTGCACGCTTAAGAA-1,19063,16769,4,3,fibrous
AGTGCGTAGCTCGTAA-1,11232,15248,1,2,
AGTGCTAAACACAGCA-1,18336,19040,3,3,
AGTGCTTGCACGAATA-1,18050,13992,1,2,tumor
AGTGGCGGCAATTTGA-1,18780,9702,5,3,fat
AGTGGCGTCTGAAGGT-1,17611,19292,3,2,
AGTGGCTCCGTCGGCC-1,6882,13730,3,4,fibrous
AGTGGTGTTACCCGTG-1,6445,15496,3,2,fibrous
AGTGGTTGCGTATAGG-1,6157,12467,3,3,immune
AGTGTATTGCGCATTG-1,18926,7936,4,3,fibrous
AGTGTGGTCTATTGTG-1,8481,8936,4,2,fibrous
AGTTAAACACTTGCGA-1,11523,13734,1,2,
AGTTAAGCGGTCCCGG-1,16751,7681,3,5,
AGTTAAGTCAACCGCT-1,8765,16508,5,3,fibrous
AGTTACTCTATCGTGG-1,18056,7430,1,5,tumor
AGTTCCTACAGAATTA-1,12396,11211,1,1,tumor
AGTTCCTATTTATGTT-1,14569,14494,1,3,tumor
AGTTGACGGTCCTTGC-1,14274,20046,1,5,tumor
AGTTTCGCAGGTCGGA-1,14141,6669,4,2,immune
AGTTTGCACCTGCCTC-1,15871,18281,4,3,tumor
AGTTTGGCACGGGTTG-1,19935,15761,5,3,
AGTTTGGCCAGACCTA-1,9636,15499,4,3,fibrous
ATAAACGGACCCGTAA-1,13988,15503,2,1,
ATAAAGGCTCGGTCGT-1,12395,12220,4,5,
ATAAATATTAGCAGCT-1,9203,13227,4,2,
ATAACGCCGGAGGGTC-1,16891,12477,5,3,
ATAACGGAGTCCAACG-1,16023,9952,4,3,
ATAAGGTGGAGAACAT-1,15583,16262,4,2,fibrous
ATAAGTAGGATTCAGA-1,20084,10461,4,3,
ATAAGTTACCGCGACG-1,12682,15249,1,2,tumor
ATAATAGCTGTTGAAT-1,14278,15503,2,1,tumor
ATAATAGTGTAGGGAC-1,9498,8179,4,2,
ATAATCTTGGAGAACC-1,16305,19039,1,3,
ATAATTAGCTAAGTAG-1,14419,19794,1,5,
ATACAGGCCCTCCAAT-1,15581,17776,4,3,tumor
ATACCACGGGCAACTT-1,9349,12470,4,3,
ATACCAGGCTAATAGA-1,13126,5911,4,2,
ATACGCCGGCGAAACC-1,16455,13738,4,3,
ATACGGAACGTCGTTT-1,8328,17769,4,2,immune
ATACGGGTTTCGATTG-1,17039,9196,2,1,tumor
ATACGGTGAAGATGCA-1,6738,11963,1,2,tumor
ATACGTACTTAGCCAC-1,16307,17524,3,2,
ATACGTCCACTCCTGT-1,18629,15507,4,2,necrosis
ATACTAGCATGACCCT-1,13994,8941,2,1,tumor
ATACTGCCTTACACCG-1,17321,18282,4,3,tumor
ATACTTGTTCTCGAGC-1,6594,11206,4,2,
ATAGACAACGGGACCT-1,18489,10712,4,2,
ATAGACGAAGAGAAAG-1,11670,11967,1,1,tumor
ATAGAGTACTGGGACA-1,12107,10201,3,2,fibrous
ATAGAGTTATCAACTT-1,18634,10459,4,2,
ATAGGCGGCTATAGAA-1,9927,14490,1,1,tumor
ATAGGCTAGCTTCGCA-1,19215,9955,2,3,
ATAGGGATATCCTTGA-1,15444,8942,4,3,immune
ATAGGTTGGGCAGATG-1,14427,10708,2,3,
ATAGTGAAGCGTTCTC-1,13409,13988,1,4,
ATAGTTCCACCCACTC-1,19937,13237,1,5,
ATATAAAGCGCTCGTG-1,15000,18280,1,2,tumor
ATATAAATGTAGCTGC-1,15872,17271,3,4,
ATATCGGTAGGGAGAT-1,21097,13238,1,3,
ATATCGTTCCTCGAAC-1,18482,18283,3,2,
ATATCTCCCTCGTTAA-1,17765,8439,2,1,tumor
ATATCTTAGGGCCTTC-1,13990,12474,1,4,
ATATGTCTCCCTAGCC-1,19212,12479,4,2,tumor
ATATTCAGTTAAACCT-1,10942,14743,1,1,tumor
ATATTCCCACAGGTCA-1,13706,6416,4,2,
ATATTGCTGTCAAAGT-1,9788,8180,1,1,tumor
ATATTTAACCCTCAAG-1,13121,11464,1,1,tumor
ATCAAACACTGTTCCA-1,20660,15509,4,3,
ATCAAACGAAGGTTTG-1,9926,16004,4,2,fibrous
ATCAATCTGGGCTGCA-1,14571,11970,4,4,
ATCACGTGCTAATTAA-1,10362,15247,4,2,tumor
ATCACTTCATCCTCGC-1,14864,8941,4,3,immune
ATCAGACGGCACGCCG-1,11232,14743,1,1,tumor
ATCAGCCTCATGCTGC-1,17757,18030,4,3,
ATCAGCTCGTCCACTA-1,7315,16002,4,2,fibrous
ATCAGTAGGCAGGGAT-1,17764,9449,2,1,
ATCCAACGCAGTCATA-1,10511,9947,4,3,fibrous
ATCCAATGGAGGGTCC-1,9057,14489,4,2,
ATCCAATGGTACCGAA-1,6012,12719,3,4,
ATCCACATCGACAGAA-1,15580,19290,1,4,
ATCCAGAGCAACAACC-1,12681,16259,4,3,
ATCCAGGATTCGTGAA-1,11813,13734,1,1,tumor
ATCCTACCTAAGCTCT-1,12103,14744,4,5,necrosis
ATCCTGAATCGCTGCG-1,8913,13227,4,4,
ATCCTGCGTGGAATGG-1,11957,14996,1,1,
ATCGACCCAATACAGA-1,14279,14494,4,3,fibrous
ATCGACTCTTTCCGTT-1,13993,9445,4,3,
ATCGCACGCCGGGAGA-1,13412,9950,4,3,
ATCGCCAGTCAACATT-1,20370,15004,1,2,
ATCGGCAAGCAGTCCA-1,19071,8693,4,3,fibrous
ATCGGTTACCTAGTAA-1,6303,12215,4,2,immune
ATCGTTAGCTAGCGGA-1,19352,18284,3,3,fibrous
ATCTAATATCCTACGG-1,14856,17523,5,3,
ATCTAGCTTGTGAGGG-1,14563,20551,4,3,fibrous
ATCTCCCTGCAATCTA-1,15590,7680,4,3,immune
ATCTGACATGGAAGGA-1,11083,19539,3,5,
ATCTGCACCTCTGCGA-1,19794,10965,3,2,
ATCTGCTGTTATCGCC-1,13403,20550,1,2,tumor
ATCTGGTTAAGACTGT-1,16168,10205,4,3,
ATCTGTAATTGTACCC-1,13415,7426,1,1,
ATCTTGACCTGCAACG-1,11526,10200,3,2,
ATCTTGACTTGTCCAA-1,20809,11218,4,3,
ATGAAGCCAAGGAGCC-1,11818,9191,4,3,
ATGACGCCGGCTCTAA-1,13560,7678,4,5,
ATGACGCGTTCTATCC-1,9490,16761,4,2,immune
ATGACTATCAGCTGTG-1,11373,19539,3,5,necrosis
ATGACTATGCGACATT-1,17904,15759,5,2,necrosis
ATGAGGAGTGTTAATC-1,10221,9947,2,3,fibrous
ATGATCGGGAATAGAC-1,12979,7678,4,3,immune
ATGATGCAATGGTACA-1,12393,14744,4,5,necrosis
ATGCACTACCGCATTG-1,11671,10453,3,2,fibrous
ATGCATGATCCAGGAT-1,14573,9951,4,2,
ATGCCATTTGCGACCA-1,18340,14497,4,2,necrosis
ATGCCGGTCTTGCATA-1,16022,11466,5,2,
ATGCCGGTTGATGGGA-1,17185,8439,4,5,
ATGCGACAGTCCCATT-1,15441,12476,1,4,
ATGCGAGTCCCACCAC-1,20225,15761,4,3,
ATGCTCAGTGTTGCAT-1,9352,8937,4,3,
ATGCTCTGGCGCGGTA-1,16160,18786,4,3,
ATGGAGCAGGCCGTGA-1,14715,12727,4,4,
ATGGATCCGGCGTCCG-1,16605,8438,4,4,
ATGGATTGACCAAACG-1,13992,10455,5,3,
ATGGCAGCCGAGAAAC-1,6448,11963,4,3,
ATGGGACCTGCTGAAC-1,9633,19033,4,3,fibrous
ATGGGCCTCGGCCTCT-1,18340,15002,4,2,necrosis
ATGGTCGCGTGGTTTC-1,17469,15001,5,3,necrosis
ATGTAAGGCTGCTCTT-1,21389,11724,4,2,
ATGTACGATGACGTCG-1,14418,20299,1,2,tumor
ATGTAGCGCGCGTAGG-1,15578,20805,4,3,fibrous
ATGTGCATCCGACGCA-1,13413,9445,4,2,
ATGTGGACATCTTGAT-1,15438,15504,2,1,tumor
ATGTTACGAGCAATAC-1,9353,7422,4,2,
ATGTTCGTCGACCCAC-1,7173,12216,1,2,tumor
ATGTTGTAGTCTGTTT-1,11953,20044,3,2,necrosis
ATTAAACATGCGGACC-1,13698,14493,4,3,
ATTAATACTACGCGGG-1,14719,9194,4,3,
ATTAATGAACCAGTCG-1,16604,9448,2,2,
ATTAATTCGGTCACTC-1,14720,7175,2,1,tumor
ATTACAACTACCGGCC-1,17767,6420,1,1,tumor
ATTACATGTCAGTCTT-1,20804,16266,4,3,
ATTACGCGCTGGCAGG-1,9493,13732,1,1,tumor
ATTACTAGCCTCTTGC-1,11528,8181,4,3,
ATTACTTACTGGGCAT-1,19650,9198,5,2,fat
ATTAGATTCCTCAGCA-1,20375,9956,5,2,fat
ATTAGATTGATAGCGG-1,12253,8434,4,2,
ATTAGGCGATGCTTTC-1,15440,12980,4,4,
ATTATACTTTGCTCGT-1,16460,8186,4,4,
ATTATCGGAATGTACG-1,13402,21055,4,2,fibrous
ATTATCTCGACAGATC-1,13997,5407,3,2,
ATTATGCCATAGGGAG-1,12833,8940,4,3,
ATTCAACCATTTAAGG-1,19642,18284,1,4,
ATTCACTGATGTTGGA-1,15001,17775,4,3,
ATTCAGGACCTATTTC-1,19361,8693,3,2,fibrous
ATTCAGTAGCAGGGTC-1,8770,10450,4,2,fibrous
ATTCATATACTGTCCA-1,13843,15250,4,3,
ATTCATCGTTGAGGCA-1,18046,19040,3,2,fibrous
ATTCCCACATAAACAA-1,8625,10198,4,2,fibrous
ATTCCTCCGCCAGTGC-1,10802,9443,1,1,tumor
ATTCGACGCCGGGCCT-1,8913,12722,4,4,
ATTCGTGCTATCTCTT-1,21096,14247,2,1,tumor
ATTGAAGATCTTAGTG-1,12251,11463,1,5,
ATTGACGTAACTCGGT-1,15592,5661,4,3,
ATTGATGAGTCCTAAC-1,19503,11974,3,5,
ATTGCCTTTATGTTTG-1,17320,19797,3,2,fibrous
ATTGCTGCTCCTCCAT-1,11379,12472,1,2,
ATTGGATTACAGCGTA-1,19933,17275,3,5,
ATTGTACAACTCGGCT-1,20083,12480,4,4,tumor
ATTGTCGCAATACCTT-1,17476,7429,4,5,
ATTTACAGTTTACTGG-1,10655,11209,4,3,
ATTTACTAAGTCCATT-1,21244,11471,4,3,
ATTTCATTATTTCGCG-1,16461,7176,1,5,
ATTTCCGGGTTCTGCG-1,10214,17519,3,2,immune
ATTTGCGCGAGTAGCT-1,9635,17013,3,3,immune
ATTTGTCTTGGGAGCT-1,17325,13739,4,2,
ATTTGTTCCAGGGCTC-1,15445,8437,1,1,tumor
CAAACGAGTATCGCAG-1,11957,15501,4,2,
CAAACGGTCGCACTTT-1,10945,11209,4,2,
CAAACTACGATAGAGA-1,17332,6672,1,1,
CAAACTATTGAGCTTC-1,16027,6419,4,3,immune
CAAACTCGCGACGCCG-1,21241,15005,1,1,tumor
CAAAGATTATTGGGCC-1,9489,17770,3,3,immune
CAAATCTCTCACAAGG-1,8621,14741,3,3,
CAAATTGTCAGCAAGC-1,14866,6922,2,1,tumor
CAACGACCCGTTTACA-1,12398,8687,4,3,
CAACGGTTCTTGATAC-1,10658,8181,1,2,
CAACTATATCGAATGC-1,16606,7429,4,5,
CAACTCCTTGATCCCG-1,11818,8182,4,3,
CAACTGCTCATCCGAT-1,13115,18531,3,5,necrosis
CAACTTGTAGTGGGCA-1,11095,5909,4,2,
CAAGAGGGCGGAGTAC-1,15874,15252,2,1,tumor
CAAGATATTATAACGT-1,18050,15002,4,2,necrosis
CAAGCAACGTCGGAGT-1,10655,11714,1,1,tumor
CAAGCACCAAATGCCT-1,14719,8184,2,1,tumor
CAAGCGGCACATAATT-1,15582,17271,4,4,
CAAGGATCGCATGTTC-1,15005,13737,4,3,tumor
CAAGGTCCTATAGGCT-1,21098,12228,4,3,
CAAGTAAGTGATAGAC-1,12822,21055,4,2,fibrous
CAAGTGTGGTTGCAAA-1,18776,13740,4,2,
CAATAAACCTTGGCCC-1,15878,10204,5,3,
CAATACGCTCTGAGGC-1,6591,13729,3,4,immune
CAATATTCTTGACCTA-1,10940,17267,3,2,immune
CAATCCCTATACCAGC-1,17912,6673,1,1,tumor
CAATGCGAGAAGTATC-1,17032,17272,3,5,
CAATGGATCTCTACCA-1,17618,10711,4,2,tumor
CAATGTGCCAACCCTT-1,21823,12986,1,2,tumor
CAATTAAGGGTGATGA-1,14572,10960,4,3,
CAATTTCGTATAAGGG-1,14280,12979,4,4,
CACAATGAGCTGCTAT-1,12393,14240,4,5,necrosis
CACACACGCTAACGAG-1,20078,17528,3,5,
CACACAGGGATAGATT-1,9061,9946,5,3,fibrous
CACAGCACCCACGGCA-1,13701,11464,4,3,
CACAGCTAGGGAGTGA-1,13849,8688,1,1,
CACAGGGCCATATAGT-1,19207,18032,3,2,fibrous
CACAGGGCCGTTGTCA-1,13839,19289,3,5,necrosis
CACATATTAGCAGGAT-1,15728,15504,2,1,
CACATGATTCAGCAAC-1,14425,13232,4,4,
CACATTCTTTCGATGG-1,18201,8187,2,1,tumor
CACATTTCTTGTCAGA-1,20806,14752,2,1,tumor
CACCACGCCACACAGA-1,6301,13729,3,4,
CACCAGTCAGCATGCA-1,8328,18779,3,2,
CACCATCGGAGGAGAC-1,13996,6417,4,2,immune
CACCCACACGTCACCC-1,11383,7929,4,2,
CACCCACGAGGCAATT-1,17620,8692,2,1,tumor
CACCCGGTTTGTGACT-1,10795,17014,3,2,immune
CACCCTAACAAGATCT-1,16742,17777,3,2,
CACCCTTGGTGAGACC-1,7460,16254,4,2,
CACCGATACACCGAGC-1,17332,6167,4,3,
CACCGCCAGAAGGTTT-1,13702,10455,4,3,immune
CACCGCCGACCAGCGA-1,14867,5913,4,3,
CACCGTATCCCATCCG-1,20224,16771,3,5,
CACCGTTAGGGATCAC-1,10505,17014,4,3,immune
CACCGTTGCGCGATAT-1,9346,15499,4,2,fibrous
CACCTAATAGAGTCGT-1,8773,7926,4,2,
CACCTAATCAGTTTAC-1,15589,8690,4,3,immune
CACCTCGATGGTGGAC-1,15300,8185,2,1,tumor
CACCTTGCGAAACTCG-1,17329,9701,2,1,
CACCTTGGCGCCTTTG-1,20081,14499,4,3,
CACGAAAGTTAGTCCC-1,9349,11965,4,3,
CACGCACAGCGCAGCT-1,15588,9699,4,2,
CACGCAGCGAGGCTTT-1,11380,11462,4,5,
CACGCGGAACTGTTGC-1,19356,14246,4,2,necrosis
CACGGGATTGAGGGTT-1,6739,11458,4,2,
CACGTCGGCAACCTCT-1,10506,16005,4,2,fibrous
CACGTTCGTGCTCTAG-1,16891,12982,5,3,
CACGTTTCGTACACAC-1,18337,17526,4,3,
CACTAAAGTTGCCTAT-1,12540,12473,4,5,
CACTCAAGAGCTATGG-1,13409,13483,4,2,
CACTCAGCTCTTGAGG-1,15446,6418,1,4,tumor
CACTCCTATGTAAGAT-1,10359,17771,3,3,immune
CACTCCTCTCGGTCGG-1,17766,7430,4,5,
CACTCGAGCTGAACAA-1,15873,15757,4,3,fibrous
CACTCGGTTAGGAGGA-1,7028,12468,1,2,tumor
CACTCTTCTGCTAGCC-1,19787,18537,3,3,
CACTGACGATTGTGGA-1,12533,20045,3,5,necrosis
CACTGTCCAAGTGAGA-1,11383,8434,4,3,
CACTTAATCAGACGGA-1,12105,12220,1,5,
CACTTCGCCACAGGCT-1,9642,8937,2,1,tumor
CAGACACCGATCGCTG-1,12536,17016,4,3,
CAGACCTGTAAGTGTT-1,19503,11470,3,5,
CAGACGAACCTGATAC-1,12391,16259,4,3,fibrous
CAGAGACGGTCACCCA-1,13406,16512,4,3,fibrous
CAGAGCATGAGCTTGC-1,15298,10204,4,3,
CAGAGGCGATGCATGA-1,12100,17268,4,2,
CAGAGTGATTTAACGT-1,15157,5913,4,2,immune
CAGATACTAACATAGT-1,11817,10201,3,2,fibrous
CAGATCATTTAAAGTC-1,20811,9199,4,2,
CAGATCCTGGTTTGAA-1,7603,17516,4,2,fibrous
CAGCAGCCCGTTCCTT-1,16458,10710,4,2,
CAGCAGTCCAGACTAT-1,19644,16265,1,4,tumor
CAGCAGTCTGTGCTGC-1,15870,19291,1,4,tumor
CAGCCGGGCCCTCTAT-1,17477,6420,1,1,tumor
CAGCCTCCTGCAGAGG-1,16314,9448,2,1,tumor
CAGCCTCTCCTCAAGA-1,18927,7431,4,3,fibrous
CAGCGATTCCCTTCAA-1,11375,17015,3,2,immune
CAGCTCACTGAGACAT-1,13701,11969,4,3,
CAGCTCGACAAGTTAA-1,18199,10711,1,2,
CAGCTCGTGCTTGTGT-1,11239,7171,1,1,tumor
CAGCTGGCGTAACCGT-1,8330,15750,3,2,
CAGCTTAGTAGGTAGC-1,9204,11713,4,2,
CAGGAAGACTTTATAT-1,17477,6925,4,5,
CAGGATATATCGTTGT-1,13843,14746,4,3,
CAGGCAGTCTTACCAG-1,17465,20049,3,2,fibrous
CAGGCCGTTTGGGTGT-1,11378,13481,1,1,tumor
CAGGCGCACGGTGGTC-1,9199,17770,4,2,immune
CAGGCGCCATGCTAGG-1,15728,16009,4,3,fibrous
CAGTAACTATTTATTG-1,19796,8441,3,2,fibrous
CAGTAATCCCTCCCAG-1,8772,8936,5,2,
CAGTACATTCTCTAAA-1,19941,8694,3,2,fibrous
CAGTACCAGTTTACGT-1,7750,15750,4,2,
CAGTAGCCCACGCGGT-1,18344,9954,5,3,fat
CAGTCGAGGATGCAAT-1,19505,9955,5,3,
CAGTCTGTATACTGGG-1,14714,14242,1,4,tumor
CAGTGAATAAATGACT-1,17184,9953,2,1,tumor
CAGTGTCCGCAGAATG-1,10514,7423,4,3,
CAGTGTCGGCTGGCCC-1,18483,16769,5,3,
CAGTTCAAATTGACAC-1,12541,10959,1,1,tumor
CAGTTCCGCGGGTCGA-1,8916,10198,4,2,fibrous
CATAACGGACAGTCGT-1,18777,12731,4,3,
CATAAGAAGCTTGGCT-1,15581,18281,4,3,tumor
CATAAGCTCTCCGTCT-1,7171,14235,3,4,fibrous
CATACAAAGCCGAACC-1,10224,6918,4,2,
CATACACGGTTCCCAC-1,13114,19036,3,5,necrosis
CATACCCGTACCCAGT-1,9638,12975,1,1,tumor
CATACGAACTAGCTGG-1,9632,20042,1,2,tumor
CATACGGCGTCTGGGC-1,14280,13484,4,4,
CATACTATGTAATTGT-1,12104,12725,4,3,
CATACTTAGGCAATAC-1,21533,12986,1,1,tumor
CATACTTCTTTCTCCG-1,12677,20802,4,3,fibrous
CATAGCCGCCCGGGAT-1,8335,10198,4,2,fibrous
CATAGCGTTGCCCACC-1,11230,17267,3,3,
CATAGTACATTGAGAG-1,16316,7428,1,5,
CATAGTAGCATAGTAG-1,11673,8434,4,3,
CATAGTCCACAAGAAC-1,9636,14994,4,3,
CATATACTACTGATAA-1,19941,8189,3,2,fibrous
CATATAGGTACAGTCA-1,13118,14493,4,5,
CATATGTCAGGCTACG-1,8620,15750,3,2,fibrous
CATATTATTTGCCCTA-1,16607,5914,4,2,immune
CATCATCTACCCGGAC-1,15156,6418,1,4,tumor
CATCATTACCCTGAGG-1,18773,16769,5,3,fibrous
CATCCTCTCAAAGATC-1,18483,17274,2,3,
CATCGGACGGGTTAAT-1,13554,14241,1,4,tumor
CATCTATCCCGTGTCT-1,19651,8189,3,2,fibrous
CATCTTACACCACCTC-1,19502,12984,1,5,
CATGAACCGACATTTG-1,11385,6414,1,2,
CATGACTTCGCTGAAT-1,20517,13742,1,2,
CATGAGATGCACTCTC-1,16596,18534,4,3,tumor
CATGATGCACAATTCT-1,15154,8942,4,3,immune
CATGATGGAAGTTAGC-1,20080,15004,4,3,
CATGCCAACTCGCAAA-1,8186,14488,3,2,
CATGCGACCAGTTTAA-1,19359,10208,5,3,tumor
CATGCGTTAGACAGAA-1,14285,7427,1,1,tumor
CATGCTGGCTCCAATT-1,13851,6669,4,3,immune
CATGGATTGTCTTCCG-1,19788,17527,3,5,
CATGGCAGGAAGATCG-1,13414,7931,4,5,
CATGGGTATGCCTTAT-1,17032,17777,3,2,
CATGGGTCGGGTGTGG-1,17475,8944,2,1,tumor
CATGGTAAGTAGCGTT-1,15729,15000,2,1,tumor
CATGGTCTAGATACCG-1,14718,10203,5,2,
CATGTAAGAGACATTT-1,18193,17273,5,3,
CATGTCTCATTTATGG-1,17468,16011,5,3,
CATTACGTCGGCCCGT-1,14574,8436,1,1,tumor
CATTATGCTTGTTGTG-1,12687,10201,4,3,
CATTGCGAAATGGGCG-1,6882,12720,4,3,
CATTTAGCGGACCATG-1,17474,9953,2,1,tumor
CATTTCTAGCAGACTA-1,8918,7674,4,3,
CATTTGAGTGGTACGT-1,12101,16258,4,2,fibrous
CCAAACAGAACCCTCG-1,12108,9191,3,2,
CCAACCTTATGTAACT-1,11082,20548,4,2,
CCAACGATGCACTGAT-1,10510,11461,1,3,
CCAAGAAAGTGGGCGA-1,12681,16764,4,3,fibrous
CCAAGACTTCTGCGAA-1,14139,8688,1,1,
CCAAGCGTAACTCGTA-1,15441,11971,4,3,
CCAAGGAACAGAGAGG-1,12109,7172,3,5,
CCAATAGTGCCGTCGA-1,11235,12219,1,1,tumor
CCAATCGGTAGATCGA-1,17331,7177,4,5,
CCAATGTCACAGCAAG-1,12249,12977,1,1,tumor
CCAATTACGGGTCGAG-1,18636,8440,1,1,tumor
CCAATTGAATGTTAAT-1,11818,8686,4,2,
CCACAATGTACGTCTT-1,17473,10963,1,2,tumor
CCACACTGAGATATTA-1,12249,13482,1,1,
CCACAGTACCCATCCT-1,18484,15759,4,2,necrosis
CCACCAACTTTACTGT-1,10940,16762,4,2,immune
CCACCCAAGGAAAGTG-1,16021,12981,5,4,
CCACGGAGCCATAAGA-1,9056,15498,3,3,fibrous
CCACGGTGCCCGGTAG-1,20663,12480,1,4,tumor
CCACTGGTGGCTGGTT-1,8187,13479,3,4,fibrous
CCAGAAAGCAACTCAT-1,10360,16762,4,3,immune
CCAGATAGTTGAGTGA-1,17328,10710,4,3,
CCAGCCTGGACCAATA-1,14570,12980,4,4,
CCAGCTCGAACGCATT-1,14564,19542,4,5,necrosis
CCAGCTGATGGTACTT-1,8188,12974,4,2,
CCAGCTTCCGCCCGCA-1,7609,10954,5,2,immune
CCAGGGACGTGGCCTC-1,12832,10454,4,3,
CCAGTAGTCTGATCCA-1,18344,10459,1,2,tumor
CCAGTCAAATCTCTTA-1,6301,14234,3,4,fibrous
CCAGTCTAGACGGCGC-1,17619,9701,2,1,
CCATAAACAACCCGAC-1,16171,7176,1,1,
CCATACCTTTACTTGT-1,19939,11218,3,5,
CCATAGGTTGGCGTGG-1,14139,8184,4,5,
CCATATGGAAACTATA-1,20079,17023,3,5,
CCATCCATACCAAGTC-1,10659,7171,4,2,
CCATCGCAGTTAAACT-1,14132,16260,4,3,
CCATCTCACCAGTGAA-1,19357,13236,1,2,
CCATGCCCTAGATTTC-1,19353,17779,3,4,
CCATGCCTGTTTAGTA-1,12830,12473,4,5,
CCATGCTCTGCAGGAA-1,11383,8938,4,2,
CCATGGCCCTTGTACC-1,8334,11712,3,2,
CCATTAGCGATAATCC-1,11235,11715,1,1,
CCATTCCCTGCCCACA-1,10800,11967,1,1,tumor
CCATTTCTACCTATTA-1,15436,17523,4,3,
CCCAAACATGCTGCTC-1,17907,12225,1,2,tumor
CCCAACATACGTCGCG-1,10217,14490,4,5,
CCCAACCACACTAACA-1,14722,5660,4,2,
CCCAATGAGATTTGCA-1,10939,18781,3,5,necrosis
CCCAATTTCACAACTT-1,9928,13480,1,5,
CCCAGAGGAGGGCGTA-1,20376,8946,3,2,fibrous
CCCAGTAAACTTGGGA-1,6879,16758,4,2,
CCCAGTTAAGGCGCCG-1,17035,14244,4,3,
CCCGAAGTTTCGCGAA-1,6735,14992,3,2,fibrous
CCCGACCATAGTCCGC-1,15879,8690,4,3,immune
CCCGAGTTTCTCCGTA-1,20805,15761,4,3,
CCCGCAGCGCGAACTA-1,14857,16008,2,1,tumor
CCCGCAGGGCCCAAAG-1,16607,6419,1,1,tumor
CCCGCCATGCTCCCGT-1,11093,8433,4,3,
CCCGCGCAATGCACCC-1,8482,8431,4,2,fibrous
CCCGGTGTATCGGAAT-1,7604,17012,5,2,fibrous
CCCGTAAGTCTAGGCC-1,9202,13732,4,3,
CCCGTCAGCGTCTGAC-1,12543,9444,3,3,
CCCGTTTCGCAGATGT-1,20514,16771,3,5,
CCCTATGTAGAGCAGA-1,8618,18779,3,2,
CCCTCATTCTGGAATT-1,11529,7676,1,2,tumor
CCCTCCTCGCTCGTAT-1,20514,16266,1,4,
CCCTGAAATGAGTTGA-1,10800,11462,1,1,tumor
CCCTGACTAACAAATT-1,6882,13225,3,4,immune
CCCTGCCCAATCCGCT-1,7897,13983,3,4,fibrous
CCCTGCGCTACGCATA-1,8624,12217,3,3,
CCCTTTGACAGGTCTT-1,13262,16259,4,2,
CCGAAAGTGGTGAGCA-1,9063,7927,4,2,immune
CCGAACCTTCCCGGCC-1,15438,16009,4,3,
CCGAAGTATATTGTTC-1,8336,9188,4,2,
CCGACAAAGGGAGTGC-1,8189,11964,3,2,
CCGACGGGCATGAGGT-1,8909,17265,5,2,immune
CCGAGAAGTCGCATAA-1,21386,15257,1,1,
CCGATCTCAACCTTAT-1,19792,12984,1,5,
CCGATTCGAGGGACCC-1,8042,13226,4,4,fibrous
CCGCACAAAGACCAAC-1,16166,12729,5,3,
CCGCACGTGACCTCGG-1,8915,10703,4,2,
CCGCATGTGGTACGAT-1,14711,17775,4,3,
CCGCCGGTCAACACAC-1,13125,6921,4,3,
CCGCCTGCGAATTGGT-1,19217,7431,4,2,fibrous
CCGCGATTTGGTAGGT-1,6447,13477,3,4,immune
CCGCGGAATGCGTCAC-1,11666,16510,4,3,fibrous
CCGCGGGTACGAAGAA-1,8914,11712,4,3,fibrous
CCGCGTAGGTAAGGGC-1,8334,11207,4,3,fibrous
CCGCTATCAGCACCAG-1,14278,14998,4,3,
CCGCTTACCTCACTCT-1,10216,15500,4,3,
CCGGAATGGTTTCAGT-1,9786,9694,5,2,fibrous
CCGGAGCGTACTTTCT-1,13260,18279,3,5,
CCGGCACGACCGTTTC-1,21243,12481,4,2,
CCGGCGCATATTGGAT-1,13270,7173,4,3,immune
CCGGCGTGAGACTCTG-1,6735,15496,3,2,fibrous
CCGGGCGGTCTCGTCA-1,16167,11719,5,2,immune
CCGGGCTGCTCCATAC-1,17616,12730,4,2,
CCGGGTTCGAGGTTAC-1,9783,13228,1,1,
CCGGTAATGGCTAGTC-1,21678,13238,1,1,tumor
CCGTAAGTTGGTCCCA-1,16312,11972,5,2,immune
CCGTACCCAAGCGCCA-1,10079,6666,4,2,
CCGTAGGAAATCCCTG-1,19062,18789,3,3,
CCGTATCTCGTCGTAG-1,9054,17013,4,2,immune
CCGTGCCCATGACGGC-1,12110,6667,3,5,
CCGTGGAACGATCCAA-1,20520,9704,5,2,fat
CCGTGTTAAATTCCAT-1,10361,15752,4,2,fibrous
CCGTTACGTTAGAACA-1,17910,8692,2,1,tumor
CCGTTCCGAATCTCGG-1,8332,13731,3,4,fibrous
CCTAAAGGCTGACGCT-1,17041,7177,4,5,
CCTAAATTAACGGTTC-1,15004,14242,1,4,tumor
CCTAACCCAAACAAGT-1,18049,16011,5,3,necrosis
CCTAACTAAGGCTCTA-1,18635,8945,4,3,
CCTACATTCACAGACG-1,9925,16509,4,2,immune
CCTACGGCTCAGTCGA-1,9788,7675,4,2,immune
CCTACTGCTTACACTT-1,12252,10453,4,2,
CCTAGGCGTAGCGATC-1,17907,12730,4,3,
CCTAGGTAAAGGTAGC-1,6734,16506,4,3,fibrous
CCTAGTTAGTCGCATG-1,15591,6671,1,4,tumor
CCTATATTTGTCCTGG-1,12679,19288,3,5,
CCTATGAAGTGGTGCC-1,21243,12986,1,2,tumor
CCTATGGCTCCTAGTG-1,8617,19284,3,2,fibrous
CCTATGGGTTACCGTC-1,15152,10961,4,2,
CCTATGGTCAAAGCTG-1,14998,20804,4,3,fibrous
CCTATGTCCACTCCAC-1,18481,19293,3,2,
CCTCACCAATCTTGAC-1,10223,7928,1,2,tumor
CCTCACCTGAGGGAGC-1,19939,10713,3,2,
CCTCACCTTAGCATCG-1,19214,10460,3,2,
CCTCCCGACAATCCCT-1,14286,5912,3,2,
CCTCCGACAATTCAAG-1,9929,11966,1,1,tumor
CCTCCTGAGCCCACAT-1,6302,13224,3,4,
CCTCCTGTTGTGTCGT-1,19061,19293,3,2,
CCTCGAAGTGGACGGG-1,15445,7428,2,1,
CCTCGCCAGCAAATTA-1,15880,8185,1,1,
CCTCGCGCGATATAGG-1,18925,8945,4,3,fibrous
CCTCGGACCGGGATAG-1,17470,13992,4,2,
CCTCGGATGCTACCTG-1,6593,11710,4,3,
CCTCTAATCTGCCAAG-1,15734,9447,4,3,
CCTCTATCGATTAGCA-1,8910,16760,5,3,immune
CCTCTCTCCCATCTAG-1,10364,12219,1,5,necrosis
CCTCTGGCCTAGACGG-1,16026,7428,1,1,
CCTCTGTACTATTCTA-1,13986,17017,4,3,
CCTGAACGATATATTC-1,17471,12982,4,2,
CCTGAATATTTACATA-1,15444,9447,4,2,
CCTGACCACCGATGGT-1,13988,14998,4,3,
CCTGCCCGTTGTCTAG-1,6448,12467,3,2,immune
CCTGCGTTCTACGCTT-1,7174,11711,4,2,immune
CCTGCTATTTGAGAAG-1,12397,10201,3,2,fibrous
CCTGGAAACGTTCTGC-1,21532,13491,2,1,tumor
CCTGGCTAGACCCGCC-1,11381,10957,4,2,
CCTGTAAGACATGATA-1,11089,12976,4,5,
CCTGTACTCACGCCCA-1,8622,13731,4,4,
CCTGTCACCCGGGCTC-1,14862,10961,4,3,
CCTGTCCCTCACGTTA-1,21678,12734,4,2,
CCTGTCGCCCGTAAAT-1,14135,12727,1,4,
CCTGTTTGAAGACACG-1,18772,18284,3,2,fibrous
CCTTCGTATAGAATCC-1,13983,21056,4,2,fibrous
CCTTCTTGATCCAGTG-1,15735,8437,4,3,immune
CCTTTAAGGGAGCACT-1,12390,18278,3,5,
CCTTTCAATGAAGAAA-1,18924,9955,5,3,fat
CGAAACATAGATGGCA-1,16317,6419,4,3,
CGAAACGCAATTCATG-1,9927,13985,1,5,
CGAACAGTATGGGCGT-1,19064,16265,5,3,
CGAACCCGCATGCGTC-1,12247,16006,4,3,fibrous
CGAACGCCCAGTGCCG-1,15301,7175,2,1,tumor
CGAACGGCCGGACAAC-1,7315,15497,3,2,fibrous
CGAAGCTATAAATTCA-1,20376,8442,3,5,fibrous
CGAAGTTGCTCTGTGT-1,10219,11966,1,1,tumor
CGAATGACGCATAATG-1,13404,19541,3,5,necrosis
CGACAATTTGATCTAA-1,18920,14498,4,3,necrosis
CGACACGCTCCGACAG-1,18775,15255,4,2,necrosis
CGACAGTTCGCGTTAT-1,11234,12724,1,1,tumor
CGACATGCGATCTTCT-1,14432,5660,3,2,
CGACCCTTAACGCCGG-1,6880,15749,4,3,fibrous
CGACGCATCCGTACCT-1,6589,16253,4,2,fibrous
CGACTCAGGATGTTAT-1,18055,9449,2,1,tumor
CGACTTTGTATAGCCT-1,20953,11976,4,3,
CGAGACCCTAGAGTGT-1,13989,14493,4,3,fibrous
CGAGAGATGTGAACCT-1,15732,10961,4,2,
CGAGAGCTTTCACTAC-1,17900,19797,3,2,
CGAGAGGGTAGCCGCG-1,20223,17780,3,5,
CGAGCACTTCAAGTTT-1,8771,9441,5,3,
CGAGCGTTGATCAGCC-1,11820,6667,4,5,
CGAGCTGGGCTTTAGG-1,14865,7932,2,1,tumor
CGAGGCTAAATATGGC-1,15442,10961,4,2,
CGAGGGACTGCGGTCG-1,16456,13234,5,3,
CGAGGGTATCCAGGTG-1,13839,19793,4,5,
CGAGTACTAAAGAGGA-1,10217,14995,1,1,tumor
CGAGTGAAGGTACCAG-1,9344,17518,3,2,immune
CGAGTGCTATAGTTCG-1,10660,6161,4,2,
CGAGTTCTGTCCCACC-1,17473,10458,4,3,
CGAGTTTATCGGACTG-1,18632,12983,4,3,
CGATACCTCGCGGACA-1,12104,13734,1,1,tumor
CGATCCGACCCAGTGC-1,12394,13230,1,1,
CGATCCTCGCAACATA-1,10937,20296,4,3,tumor
CGATCTGTTGGAGGAC-1,8621,15246,3,2,fibrous
CGATGGACCCTACGCC-1,19070,9198,4,3,
CGATTAAATATCTCCT-1,14131,17775,4,2,
CGATTCGCCTGGCTGC-1,15726,18028,4,4,tumor
CGCAAACACGAGTTAC-1,10511,10452,4,2,fibrous
CGCAATTACTTTCGGT-1,9932,9442,4,3,
CGCAATTAGGGTAATA-1,11526,10705,4,2,
CGCAATTCTACAATAA-1,9206,10198,5,3,fibrous
CGCACATGTCCACTAC-1,17761,13487,5,3,
CGCACGTGCGCTATCA-1,19501,13489,1,1,tumor
CGCAGAAACATTTGCG-1,13561,5659,3,2,fat
CGCAGGCGATCCAAAC-1,19934,16770,1,4,tumor
CGCATGGTGCGATGCT-1,14714,13737,4,3,tumor
CGCATTAGCTAATAGG-1,13412,10455,4,3,immune
CGCCAAGAAGCCGAGT-1,7607,13478,3,4,fibrous
CGCCACAGGTCGCGAT-1,6444,16001,4,2,fibrous
CGCCATCCGATTATGA-1,16749,9700,2,1,tumor
CGCCCAGCGTTTCACG-1,18045,20050,3,2,fibrous
CGCCCGCTTCCGTACA-1,16750,8186,4,5,
CGCCGCCCATGCCTGT-1,17181,13487,5,2,
CGCCTCCCTCCTCTAT-1,15729,14495,1,2,tumor
CGCCTGGCCTACGTAA-1,9057,13984,4,3,
CGCGACCGCGACAGAT-1,16886,18534,4,3,tumor
CGCGAGTCTGCCGGGT-1,8039,16760,5,2,fibrous
CGCGCAAATGTCCAGA-1,8619,17770,4,3,immune
CGCGCATGTTTGATTG-1,12972,16259,4,2,
CGCGCCCGACTTAATA-1,16024,8943,4,2,
CGCGGCTCAACTTGAA-1,19210,14498,4,2,necrosis
CGCGGGAATTAGGCAG-1,16748,10710,4,2,
CGCGTTCATGAAATAC-1,12542,10454,4,3,
CGCTACGGGACATTTA-1,12104,13230,1,1,tumor
CGCTAGAGACCGCTGC-1,19792,13489,1,1,tumor
CGCTATACCGCCCACT-1,10369,7171,4,2,immune
CGCTATTCAATGTATG-1,9642,8432,2,1,tumor
CGCTATTCTTAGGCTC-1,13845,13231,1,2,
CGCTCGACATAATGAT-1,11673,8939,4,2,
CGCTCTCCGTAGATTA-1,10510,11966,1,1,tumor
CGCTGGTGACTACCCT-1,19354,15760,5,3,
CGCTGTGACGCCGCAC-1,11962,9948,3,2,
CGCTGTGTGGATGTTG-1,11374,18529,3,5,necrosis
CGCTTAGTATTGATAC-1,12678,20297,4,2,necrosis
CGCTTATTCCCGGTCG-1,9492,14237,4,3,tumor
CGCTTCCACTGAAATC-1,11238,8181,4,3,
CGCTTTCATACCGGTG-1,12400,7172,4,5,
CGCTTTCTTGCATTCG-1,17473,11468,1,1,tumor
CGGAACGTAAACATAG-1,11667,15501,4,3,
CGGAGCAATTTAATCG-1,13841,17270,4,3,
CGGAGCATGGCGATCC-1,14860,13485,4,3,
CGGAGCTTATAACACC-1,17622,6168,4,3,
CGGAGTTTGAGAGACA-1,10075,11209,4,2,
CGGATCCTCAAGGACT-1,16741,18787,5,3,fibrous
CGGCAAACATCGTGCG-1,14712,16766,2,3,
CGGCAGGGTCGGGTTG-1,18778,11721,3,5,
CGGCCACGCACAAAGT-1,13700,12474,1,3,tumor
CGGCCAGAGCGACCAT-1,12242,20549,4,3,
CGGCCCAACCTGTAGT-1,21390,10714,2,3,fat
CGGCCCAGGTATATCC-1,20371,14499,4,3,
CGGCGCCATCAATCCC-1,18627,18536,3,3,
CGGCTCTAAAGCTGCA-1,21095,15257,1,1,tumor
CGGCTTTGTATGATAA-1,13271,5659,4,2,fat
CGGGAATATAGTATAC-1,20370,15509,4,3,
CGGGAATTTATGTAAA-1,14568,14999,1,1,
CGGGAGCTTCAGTGTA-1,18339,16012,5,3,necrosis
CGGGATCAATGTAAGA-1,13703,9445,4,3,
CGGGCAGCTAAACCGC-1,13266,11716,1,1,tumor
CGGGCCTTCTTTGTAA-1,13119,13988,4,5,necrosis
CGGGCGATGGATCACG-1,16013,21057,4,2,fibrous
CGGGTGTACCCATTTA-1,17617,11720,1,2,tumor
CGGTACTAGAATCAAA-1,17180,14496,5,3,fibrous
CGGTAGAGGTGCAGGT-1,18490,9197,4,3,
CGGTCAAGTGGGAACC-1,16748,10205,4,2,
CGGTCCGTCGCAAGCC-1,12533,19540,3,5,
CGGTCTATCAACCCGT-1,17040,8186,3,5,
CGGTGAAGACTAAAGT-1,8478,12469,3,3,
CGGTGCAGATAGAACG-1,10362,14238,4,5,necrosis
CGGTGCGCGTTGGTCC-1,10796,16005,5,2,fibrous
CGGTGGGCTCCAGCCT-1,19507,7431,4,2,fibrous
CGGTGTACTTGATCCC-1,9643,7927,4,2,immune
CGGTTATCCAACAGTG-1,19358,11217,3,4,
CGGTTCAAGTAGGTGT-1,19360,9703,5,3,fat
CGGTTGACCTGGCATA-1,8768,13479,4,4,
CGTAACTTCGACACTT-1,12387,20802,4,3,fibrous
CGTACCTGATAGGCCT-1,15009,9194,4,3,
CGTAGCGAATTGTCAG-1,15446,6923,1,4,tumor
CGTATTAAGAGATCTA-1,12976,11716,1,5,tumor
CGTCAAGGCTATAAAT-1,7174,11206,4,3,immune
CGTCACGTCCATTGGT-1,12537,15502,1,1,tumor
CGTCGCATGTGAGCCA-1,16304,20048,4,2,tumor
CGTCGCTTGGTTATAC-1,8762,19537,3,2,fibrous
CGTCGGATAGTGTTGA-1,19067,12226,1,5,
CGTCGGGTCTAAGCGC-1,8329,17265,5,2,immune
CGTCGTCCTTCGCGAA-1,16161,17776,3,2,
CGTCTGGAAGGGCCCG-1,14140,7679,1,5,tumor
CGTGAAGTTAATTCAC-1,13264,13736,4,5,
CGTGACATTGGGTCGT-1,17186,7429,3,5,
CGTGACCAGTCCTCTG-1,13114,19540,3,5,necrosis
CGTGCAGACTGGGACA-1,15875,13738,1,4,
CGTGCATTGTCGACGC-1,9638,13480,1,1,tumor
CGTGCCCTCCCGAAGA-1,16309,14495,1,1,tumor
CGTGCTTCTACCTAAA-1,9197,19285,4,2,fibrous
CGTGGCCGAATATCTA-1,19790,15508,5,3,
CGTGGTACCCAAAGGC-1,11227,20296,1,2,tumor
CGTGTCCCATTCGCGA-1,10946,10705,4,2,fibrous
CGTGTCTCGTTACGAC-1,10068,18781,3,2,fibrous
CGTTAAACTAGTTAGG-1,21240,16014,1,2,tumor
CGTTAATGTCCCGACG-1,17756,18535,4,3,fibrous
CGTTAGCTCACAACTG-1,18202,7178,1,2,tumor
CGTTCAGACCCGCGAA-1,13984,20046,1,5,tumor
CGTTCATGGTGCGCGT-1,8040,15750,4,2,
CGTTGAATACCGCGCT-1,16306,18029,3,2,
CGTTGAGCGACCGTCG-1,15874,14747,1,2,tumor
CGTTGTAAGATTGATT-1,20810,10209,5,3,fat
CGTTGTCGGCAATTGA-1,14709,19794,1,5,
CGTTGTTTCAATTCCC-1,10944,12219,1,1,tumor
CGTTTAAGCGGAGCAC-1,13705,6921,1,2,
CGTTTCACTTCGGGCG-1,18491,8188,2,1,tumor
CGTTTCGCTCATTACA-1,12250,12473,4,5,
CGTTTGTGTAGAGGGT-1,11085,17519,3,3,tumor
CTAAAGAATGCCTACT-1,10364,12723,4,5,necrosis
CTAAAGGGAAATAGGA-1,14133,14746,4,3,fibrous
CTAAATCCGGTGTACA-1,10213,19033,4,2,
CTAAATCCTATTCCGG-1,17329,10206,4,3,
CTAACCGCGCGCCCGT-1,10218,12976,4,5,necrosis
CTAACGAAACTTGCTG-1,18778,11217,3,4,
CTAACTGATAATCGCC-1,19932,18285,3,4,
CTAACTGGTCCGGTTC-1,10361,16257,5,2,
CTAAGGGAATGATTGG-1,15584,14747,1,1,tumor
CTAATTCGCACGCGCT-1,10075,10704,4,2,
CTAATTCTCAGATATT-1,20375,10461,5,2,
CTAATTTCAACAACAC-1,9062,8936,5,3,
CTACACTCGCAGATGG-1,19787,18032,1,4,
CTACCCTAAGGTCATA-1,18343,11469,3,5,
CTACGACTAGCTATAA-1,8623,13227,4,4,fibrous
CTACGCACGGAGTACC-1,13410,12474,1,2,tumor
CTACGCCATTTCCGAT-1,16752,6672,1,2,
CTACTATCATAGGTTT-1,8764,17013,5,2,immune
CTACTATCTTTCAGAG-1,18633,10964,3,2,
CTACTCAAGGTATAGT-1,11229,18782,3,5,necrosis
CTACTCTAGGCCCGGC-1,8769,11460,4,2,fibrous
CTACTGCCACCTGACC-1,14282,10455,5,3,
CTAGATGTGAGTGTAA-1,20083,11975,1,4,tumor
CTAGATTTACGACGGC-1,15874,14243,4,3,
CTAGCATAGTATAATG-1,14716,12222,4,4,
CTAGCCGATGTTATGA-1,19795,9451,5,3,fat
CTAGGCGCCCTATCAG-1,18338,16516,5,3,
CTAGGTCTGAAGGAAT-1,20227,12732,4,4,
CTAGGTTCGGACGTGA-1,15291,18280,1,2,tumor
CTAGTAGAAAGGGATT-1,16885,19544,4,2,fibrous
CTAGTATTCGGAATTA-1,16751,7176,4,5,
CTAGTCACGTCTTAAG-1,15150,12980,4,4,
CTAGTGAAGGACAGGA-1,10654,12219,1,1,
CTAGTTACAACCCGGT-1,14857,17018,5,3,
CTAGTTGGGCCCGGTA-1,15008,10204,5,3,
CTATAAGAGCCAATCG-1,19649,10208,5,3,
CTATCGACGAAATACA-1,18628,17021,5,3,fibrous
CTATCGGGTCTCAACA-1,15151,12475,4,4,
CTATGCCCGAATGCAA-1,13694,19541,3,5,necrosis
CTATGGGAAGCGGAAT-1,20223,17275,3,5,
CTATGTCACTAGCCCA-1,14717,11213,1,4,tumor
CTATGTCTATTGAAAC-1,13125,6416,4,3,
CTATTCATGTGTCCCA-1,14132,16765,5,3,
CTATTTGGTTACGGAT-1,17036,12729,5,3,
CTCAAACCACTGCCCG-1,10938,19791,1,2,
CTCAACTAACCCGGAT-1,17465,19544,3,3,fibrous
CTCACATTTACTAAAT-1,15000,19290,4,5,
CTCACTGTGATACTTA-1,16015,19543,1,4,tumor
CTCACTTGGCTGGTAA-1,8912,13732,4,4,
CTCAGGACTCACCTGT-1,9498,7675,1,2,tumor
CTCAGTCACGACAAAT-1,19070,9702,5,3,fat
CTCATGGCTCACAATC-1,14285,6922,4,2,
CTCATGGTAATTTGCG-1,8910,16256,4,3,
CTCATTGCTCTAACAA-1,16451,18786,4,3,fibrous
CTCATTTGATGGGCGG-1,14138,9193,4,3,
CTCCCTCCTTTCGATC-1,8475,16508,5,3,
CTCCGGCCTAATATGC-1,13704,8436,4,5,
CTCGAGGTCGAACAGT-1,13702,10960,4,2,immune
CTCGATATTTGCGAGC-1,19505,9450,5,3,fat
CTCGCACCTATATAGT-1,15008,9699,4,2,
CTCGGGTTCTCTGGCC-1,9053,19032,3,3,fibrous
CTCGGTACCACTGCTC-1,16890,13991,1,4,tumor
CTCGGTCCGTAGCCTG-1,12399,8182,4,3,
CTCGGTTGTCGGCCCT-1,8909,17770,4,2,immune
CTCGTTTCTAATGTTT-1,20231,9199,4,2,fat
CTCTAATGCATTGATC-1,21100,9704,5,3,fat
CTCTACACTGGCGATT-1,7606,14488,3,4,fat
CTCTATTTGGCTGCAG-1,15003,15756,2,1,tumor
CTCTCACAATCGATGA-1,15297,11718,4,3,
CTCTCTAACTGCCTAG-1,8183,18022,4,2,immune
CTCTGGACGCCTGGTG-1,14136,11717,1,4,tumor
CTCTGTTTGAGGATTC-1,15591,7175,4,3,
CTCTTCTATTGACTGG-1,19645,15256,5,2,necrosis
CTCTTCTGGAAGTTAG-1,10938,19286,3,5,necrosis
CTCTTGTCCCGCTTGG-1,13551,17269,4,2,
CTGAAAGAGATCCGAC-1,15154,8437,2,1,tumor
CTGAATCCGAGACCTC-1,12827,15502,1,1,tumor
CTGAATTTATTGCCAG-1,20521,9199,4,2,fat
CTGACTGCGCAGCTCG-1,19793,11470,3,5,
CTGAGCAAGTAACAAG-1,8773,7422,4,2,
CTGATAGTGTATCTCA-1,7464,11711,4,5,immune
CTGCACAACTACATAT-1,16163,16262,4,3,fibrous
CTGCACCTGGAACCGC-1,12254,7425,3,5,
CTGCACTCCAGTACAG-1,15292,17271,4,3,fibrous
CTGCCAAGGTTGGAAG-1,16314,8943,1,1,tumor
CTGCCATGCATCACAT-1,14134,13736,4,3,
CTGCCTTTAATACCTT-1,9197,19789,4,2,
CTGCCTTTCTAGTAAA-1,18626,19545,3,2,
CTGCGGGTGAAATGTT-1,8479,11460,4,3,fibrous
CTGCGTTACGATATAA-1,18201,7683,1,5,tumor
CTGCTGAGGCCACGAA-1,10216,16004,4,3,
CTGCTTGGCGATAGCT-1,16017,17019,3,2,
CTGGAAATGGATGCTT-1,12831,10959,1,1,tumor
CTGGAAGACACGGTGG-1,17903,16264,5,3,
CTGGACGCAGTCCGGC-1,7024,16506,4,2,fibrous
CTGGATTTACACTTGA-1,13117,16007,4,3,
CTGGCATCCGAATGAG-1,8911,15751,3,2,fibrous
CTGGCGACATAAGTCC-1,16896,7934,3,5,
CTGGCGCACAGGTCTG-1,18051,12983,4,2,
CTGGCGGGAATAAGTA-1,8337,8683,4,2,fibrous
CTGGCTGATTCATCCT-1,19065,14750,4,3,necrosis
CTGGCTGGTTGTCAGT-1,13261,17269,4,2,
CTGGGATAAATAATGG-1,17326,13234,5,2,
CTGGGCCTGCTATATC-1,9492,14742,4,3,fibrous
CTGGGTAGGCAGTTAA-1,16599,14496,4,3,
CTGGTAACACATAGAA-1,17905,14244,4,3,
CTGGTAACGAGCTCTT-1,19214,10965,3,4,
CTGGTTTCGAGCAAGA-1,17904,15254,5,2,necrosis
CTGTAGTGAGGATCGA-1,11372,21053,4,2,
CTGTATGGTGTAGAAA-1,9787,8685,2,1,tumor
CTGTCAAATGGCTCGG-1,17184,9448,2,1,
CTGTGCAGGGTAGGTC-1,15294,14242,1,4,tumor
CTGTGGTCGGGAGATA-1,18047,17526,4,3,
CTGTTACCCAATCTAG-1,13552,15755,4,2,fibrous
CTGTTCACTGCCTGTG-1,13268,9192,4,3,
CTGTTCATCTCACGGG-1,10077,9190,2,1,tumor
CTTAACTTCGAAGTAC-1,14286,6417,4,3,immune
CTTACACGGTATTCCA-1,11670,11463,1,1,tumor
CTTACACTGGGAAATA-1,12109,7677,4,2,
CTTAGCCTTCCACATG-1,16459,9195,1,1,tumor
CTTAGTAGGCCTACAG-1,19938,11722,3,5,
CTTAGTGTAGTAGCAT-1,17176,19039,4,3,fibrous
CTTATGCGCTCAGGGC-1,6736,14487,3,4,fibrous
CTTCAACTCCACTTGG-1,16306,18534,4,3,tumor
CTTCAGTGGTCGCCTA-1,7749,17264,5,2,fibrous
CTTCATAGCTCAAGAA-1,10513,8433,2,1,tumor
CTTCATTGTCAGTGGA-1,13845,12726,4,3,
CTTCGGCCAATTGTTT-1,21095,16267,4,2,
CTTCGTAGATAGGTGA-1,11669,13482,4,3,
CTTCTATGTTGAAGTA-1,9201,15246,4,3,fibrous
CTTCTATTAATGCTAG-1,11956,16511,4,3,fibrous
CTTCTGGGCGTACCTA-1,10067,20295,4,2,
CTTCTTACGTCGTATA-1,13850,7174,1,1,tumor
CTTGACCCGAAAGATA-1,13416,5911,4,2,
CTTGAGTTAGGGTAAT-1,18631,13488,4,3,
CTTGCAACCGCCTCCT-1,8767,14489,3,3,fat
CTTGCCCAGGCTCTAC-1,13118,14997,1,1,tumor
CTTGGCCAAGCTGGGA-1,13404,19036,3,5,necrosis
CTTGTACTTGTTGACT-1,12543,8939,3,2,
CTTGTCAACATTCGAG-1,14712,16261,4,3,
CTTGTGAGTCTTTGAC-1,10080,6161,4,2,
CTTGTGCTCACCGATT-1,18780,9197,4,3,
CTTGTTGCTGAGTCAA-1,16746,13234,5,3,
CTTGTTTATGTAGCCA-1,9207,8179,4,2,immune
CTTTAACTTTCAAAGG-1,14863,9446,4,2,
CTTTAATATTGGTCGA-1,15727,16514,4,3,fibrous
CTTTACCGAATAGTAG-1,17323,16263,5,3,tumor
CTTTAGGAACACTGTT-1,17760,13992,4,3,
CTTTAGTGCTATTATT-1,14423,14746,4,3,fibrous
CTTTCTGTGCGGGCTT-1,14711,17270,5,3,
CTTTGCATCGCTCTTG-1,18771,18788,3,3,
CTTTGGCGCTTTATAC-1,7754,11711,3,5,immune
CTTTGGCTTTAGTAAA-1,10945,11714,1,1,tumor
CTTTGGGATTGTTGCA-1,11518,19287,3,5,necrosis
GAAACAGATGACCACC-1,18486,13740,4,3,
GAAACAGCCATGCAGT-1,13995,6922,1,1,
GAAACATAGGAAACAG-1,8037,18779,3,2,
GAAACCATGGTGCGCT-1,20955,10461,5,2,fat
GAAACCGAATTACCTT-1,12538,14997,4,5,
GAAACTCGTGCGATGC-1,8625,10703,4,3,
GAAACTCTAATGAAGG-1,15736,6923,4,3,immune
GAAAGAACAGCGTTAT-1,20082,12984,4,5,
GAAAGCCCTTTGGACC-1,8188,12469,4,2,immune
GAAAGTGACTAACTGC-1,9641,9946,2,3,fibrous
GAAATACTAAACGTTT-1,8337,8178,4,2,fibrous
GAAATATCACCATCAG-1,8479,11964,3,2,
GAAATCGCGCGCAACT-1,15010,8184,2,1,tumor
GAAATGGCGGTGTTAG-1,12686,11211,1,5,
GAAATTAGCACGGATA-1,19071,8188,4,3,fibrous
GAAATTCACATCGCTG-1,12255,6920,4,5,
GAAATTGTCTCTATAA-1,12828,14492,4,5,necrosis
GAACACACATCAACCA-1,12398,9192,3,2,
GAACAGATTACTAAAT-1,15436,18028,4,2,
GAACCTCGACCTACAC-1,6446,13982,3,4,
GAACCTTTAACGATCC-1,16595,19544,4,3,
GAACGACCGAATGATA-1,14284,8436,4,5,
GAACGTCTCATGGTCG-1,17763,11468,1,5,
GAACGTTAGGAAGACG-1,7318,11963,1,2,
GAACTGTGGAGAGACA-1,14708,20804,4,3,fibrous
GAAGAAACGATATTGT-1,9343,18527,3,2,immune
GAAGAACGGTGCAGGT-1,10949,7171,4,3,tumor
GAAGCCACTGATTATG-1,15144,20047,1,4,tumor
GAAGCCTGCACATTCC-1,13984,19036,3,5,necrosis
GAAGCGTGAGGAATTT-1,13846,12222,1,4,tumor
GAAGCTCGGACCCGTC-1,8184,17517,5,2,immune
GAAGCTTGCTGACCGC-1,10220,10956,4,2,fibrous
GAAGGAGTCGAGTGCG-1,13838,20298,1,1,tumor
GAAGTCAGTTGCACTA-1,13551,16765,4,3,fibrous
GAAGTCTCCCTAGCGA-1,18342,12983,4,3,
GAAGTGATTTATCGTG-1,11959,13482,1,1,tumor
GAAGTGCTGGATAGCT-1,13995,7426,1,1,
GAAGTTTCCACTCAAT-1,11814,12725,4,3,
GAATAGACGCGACCCA-1,18485,14245,4,2,
GAATAGTGCTCGATTA-1,10358,18781,3,2,
GAATATTCGGAGTCCC-1,17187,6924,4,5,
GAATCGACATGGTCAC-1,11236,10200,4,2,
GAATCGCCGGACACGG-1,11095,6414,4,2,
GAATCTGAACATTCTC-1,14424,14241,1,4,tumor
GAATGCGAATCGGTTC-1,15144,19542,1,5,
GAATGTATGGCAGGTC-1,18347,7430,1,2,tumor
GAATGTGGTCCGGATT-1,16890,14496,5,3,fibrous
GAATGTTGGGTAATCT-1,15154,9447,4,3,
GAATTATAGTGAAAGG-1,15006,12223,4,4,
GAATTCACCCGGGTGT-1,13117,15502,1,1,tumor
GAATTTCTCGCTGCAG-1,9495,10703,4,2,
GACAAACATATGCAGG-1,19645,14751,4,2,necrosis
GACAACGACCATTGAA-1,16313,9952,1,2,
GACAACGCAGCTTACG-1,12978,8687,1,1,
GACACAAGGGAAGAAA-1,15587,11214,5,3,
GACACGAGTTAGAGGA-1,8772,8431,4,2,
GACACTGAGTTCAGTG-1,11812,14744,1,1,tumor
GACAGCCAGACCTGAC-1,17615,14244,5,3,
GACAGGCACACACTAT-1,8333,13226,4,4,fibrous
GACATCCGTCGAACTG-1,15434,20047,1,4,tumor
GACATCGATTTATAAC-1,12391,16763,4,3,fibrous
GACCAGAGCCCTGTAG-1,11961,11463,1,1,tumor
GACCCAATTATGATAC-1,8039,17264,5,3,immune
GACCCGTCGCCGGCTA-1,13706,5912,3,2,fat
GACCGACGTGAAAGCA-1,21387,13238,1,1,tumor
GACCGACTGAAGCGTC-1,8333,12217,3,2,
GACCGTCAGGTCGTGA-1,16896,6924,4,5,
GACCGTGCTGACGGTG-1,12684,13735,4,5,necrosis
GACCGTTACATGCGAC-1,6012,13224,3,4,
GACCTTCCACGTCTAC-1,15869,20300,1,4,
GACGACGATCCGCGTT-1,15292,16766,4,3,fibrous
GACGAGGCTAATAAAC-1,19643,17780,1,4,tumor
GACGCCGTAAAGGCTA-1,12971,17269,4,2,
GACGGTCAATAGAAGC-1,19649,11217,3,5,
GACGTGTAGGGATTAT-1,9785,10704,4,2,
GACTAAGATCATGCAC-1,12833,9444,3,3,
GACTAAGTAGGCTCAC-1,11381,10453,4,2,fibrous
GACTACAAAGCGGTGG-1,8185,16002,4,3,
GACTAGGCCGTTAGGT-1,16449,20301,4,3,fibrous
GACTCACCCACGTGAG-1,20517,13237,1,5,
GACTCCCAGAATAAGG-1,21245,10462,2,3,fat
GACTCGCGGGAATGAC-1,19069,10712,3,2,
GACTGCAAATCGAGCT-1,16016,18533,4,3,
GACTGCACCAGCCCAG-1,16744,15253,5,3,necrosis
GACTGCGGCACGTGTA-1,7320,10449,5,3,
GACTGCTGGTGAGAAA-1,10792,20548,4,3,fibrous
GAGACTGATGGGTAGA-1,13267,10707,1,3,
GAGACTTCGCGACCGA-1,13406,17017,4,2,
GAGAGGGCGCGAGGTT-1,10944,13229,4,5,necrosis
GAGAGGTGCATTCTGG-1,9202,14741,4,3,fibrous
GAGATCTGCTTGGCAT-1,11525,12220,4,2,
GAGATCTGTCACTCCG-1,15877,11214,5,3,
GAGATCTTCCATGACA-1,16309,15000,4,2,fibrous
GAGATGGGAGTCGACA-1,15582,16766,4,3,fibrous
GAGCATCAACAACTTG-1,9487,19790,4,2,
GAGCATCATCCCTGGG-1,10949,6666,4,3,tumor
GAGCCACGGTAGTAGG-1,11966,5910,4,3,
GAGCCAGCTACCTGTG-1,18048,17021,5,3,
GAGCGAGGGAGTACCG-1,13560,7174,1,1,tumor
GAGCGCAAATACTCCG-1,20659,16519,3,5,
GAGCGCGCACGAGTAG-1,18629,16012,5,2,
GAGCGCTGTTAGGTAA-1,8472,19031,3,2,fibrous
GAGCGGAATGCGGTGT-1,12097,20801,4,2,fibrous
GAGCTAAGGGCATATC-1,17183,10963,4,2,
GAGCTCTCGGACCTAA-1,9933,7423,4,3,immune
GAGGAATGGAGAGGTT-1,9641,10451,5,3,fibrous
GAGGATAAACAGTGCT-1,21677,13743,2,1,tumor
GAGGCCCGACTCCGCA-1,8474,17517,5,2,immune
GAGGCTATCAAAGTCG-1,9059,12470,4,3,
GAGGGAGTCAGATCGC-1,11082,20043,1,4,tumor
GAGGGCATCGCGTATC-1,9934,6413,4,2,
GAGGGCGCAGCTCTGC-1,18054,10459,4,3,
GAGGGTAGTAACAAAG-1,9632,19537,4,2,fibrous
GAGGTACATCCATCTT-1,15011,6670,4,4,tumor
GAGGTACGCGTGTCCC-1,14853,20552,4,3,fibrous
GAGGTCCCAAAGATCT-1,8917,8179,4,2,immune
GAGTAAGGCCACGGGA-1,7170,15749,4,3,fibrous
GAGTACGGGTATACAA-1,11384,7424,1,4,tumor
GAGTAGATACTAGTTG-1,14419,19289,3,5,necrosis
GAGTATGCCCGCCTTG-1,11376,16005,5,3,fibrous
GAGTATGCGCGTGCAT-1,15435,19543,1,5,
GAGTCCGCTTACCGGA-1,13553,15250,4,3,
GAGTGTCAACCAGAAA-1,17175,19544,3,2,fibrous
GAGTGTGCGGTACCCA-1,17905,14749,5,2,necrosis
GAGTTGATGGCAATTT-1,7894,16507,5,2,
GATAAATCGGTGGATG-1,11094,7424,4,3,tumor
GATAACTCGCACTGTG-1,18051,13487,4,3,
GATACGATGGGAGTCA-1,11667,14996,4,3,tumor
GATAGGTAACGTTGAC-1,13842,15755,1,2,
GATAGTGCGAGTAAGT-1,11517,20801,4,3,fibrous
GATATCTCATGCAATA-1,13560,6669,4,3,
GATATGAGACACTAAC-1,16891,13486,2,3,
GATATGCGGTAGCCAA-1,18346,8440,2,1,tumor
GATATGGATTACGCGG-1,7755,10702,5,2,immune
GATATTTCCTACATGG-1,18056,7935,4,5,
GATCAACATAAAGGGA-1,10358,19286,1,4,
GATCATTCCAAACATT-1,13266,11212,1,1,tumor
GATCCCTTTATACTGC-1,13847,10707,4,2,immune
GATCCGGGAATTAACA-1,15730,13485,1,4,
GATCCTAAATCGGGAC-1,18924,10460,4,2,
GATCCTCGACACTGGC-1,9780,16256,4,3,
GATCGACACTATCTGA-1,11961,10453,3,2,
GATCGCGGGCTCTCCA-1,12685,12725,4,4,
GATCGCTACCCGATTT-1,19354,16265,5,2,
GATCGCTATATCTCAG-1,8762,19032,3,2,fibrous
GATCGGATAGAACCAT-1,7026,13982,3,4,fibrous
GATCGGTGGCCATAAC-1,15007,10708,4,2,
GATCGTGACTGATATC-1,15585,13233,4,4,
GATCTGCTATCTAAGG-1,13259,19288,3,5,necrosis
GATCTTGGAGGGCATA-1,15294,14747,1,2,tumor
GATCTTTGCAGGGTAT-1,10654,12724,4,5,necrosis
GATGACAAGTAGGGCA-1,9924,18023,3,2,immune
GATGAGGAACCTTCGG-1,16884,20553,4,3,fibrous
GATGCGTCCTGCATTC-1,13410,12978,4,2,
GATGCTACAAGCGCCT-1,12544,7930,4,2,
GATGCTGTATTTCATC-1,16019,14495,4,3,tumor
GATGGCGCACACATTA-1,9352,8432,4,2,
GATGGTGCCCTAGGCA-1,16462,6167,4,2,immune
GATGTAACGAACCACC-1,8185,16507,5,3,fibrous
GATGTCGGTCAACTGC-1,15737,5914,4,3,immune
GATGTTCAATCCACGA-1,11378,13986,1,1,tumor
GATGTTTGTGCGAGAT-1,9497,8684,2,1,tumor
GATTAACCGAAAGCCC-1,18628,17526,4,3,fibrous
GATTCCCTTGTCGCAG-1,14863,9951,4,2,
GATTCCTATACGGCGC-1,8481,9945,4,2,
GATTCGACGGTTCACG-1,15440,13990,4,3,
GATTGCTCCAGTTGCA-1,9052,19537,4,2,fibrous
GATTGGGAAAGGTTGT-1,16739,20301,4,2,fibrous
GCAAACCCTACATTAT-1,17034,15758,5,3,
GCAAACCTTGGCCATA-1,14856,18028,1,2,tumor
GCAAATATTACGCTTT-1,11089,12472,1,1,tumor
GCAACACACTAGAACT-1,7460,15245,3,3,
GCAACAGCAGTATGCG-1,20515,15256,1,3,tumor
GCAACCACCAGACCGG-1,18492,7178,1,2,tumor
GCAACCACGGCCGCGT-1,9347,14489,4,3,fibrous
GCAACGGCTAGTTATG-1,21531,14500,2,1,
GCAAGAATTCCTTGGC-1,10362,14742,1,1,necrosis
GCAAGTGCACAGAGAA-1,11237,9695,4,3,fibrous
GCAAGTGTAAAGCATG-1,11662,20549,4,2,
GCACAAACGAGGCGTG-1,21676,15257,4,5,
GCACAAGTGTCGGAAG-1,14431,6165,4,2,immune
GCACACACTGGTAGCC-1,18772,17779,4,2,fibrous
GCACACGCCCATGGTC-1,6593,12215,1,2,
GCACGCCTACTTAGAT-1,10795,17519,3,2,
GCACTGCCTACCTTTA-1,14999,20299,1,1,tumor
GCAGACCCAGCACGTA-1,20082,13489,1,5,tumor
GCAGATTAGGGATATC-1,13990,12979,4,2,
GCAGCACACAGCCCAG-1,11234,13229,1,1,tumor
GCAGCCTATATCACAT-1,21533,12481,4,3,
GCAGGAACTTAGATCT-1,7314,17011,4,2,fibrous
GCAGGACTATAGAATA-1,10509,12471,4,5,necrosis
GCAGGTAGAGTATGGT-1,18781,8188,1,3,
GCAGTGTGGCTATAGG-1,17176,18535,2,3,
GCATACGAGGTCTTTA-1,7172,13225,3,3,
GCATAGAGCACTCAGG-1,13700,12979,4,3,
GCATCCCTAACTTTGA-1,11239,7676,1,2,tumor
GCATCGGCCGTGTAGG-1,20079,16013,4,2,
GCATGAGGGACGCGGC-1,18198,11216,4,5,
GCATTCAAGGCAACGC-1,20809,10714,5,2,
GCATTCGAAATGAACA-1,7174,10701,5,3,
GCATTGTAATTCATAT-1,8187,13983,3,4,
GCATTTCCAAGGCTCC-1,21243,11976,4,2,
GCCAACCATTTCCGGA-1,20520,10209,5,3,fat
GCCAAGAATACTTCTG-1,6590,15244,3,2,fibrous
GCCAATAGGGCATCTC-1,20085,9956,5,3,
GCCACAATTTAAGGAC-1,10797,14995,1,1,tumor
GCCACTCAGAGCGCGA-1,18917,18536,3,2,
GCCAGGAGTAACCGAT-1,18055,8944,2,1,tumor
GCCATATTGCACACAG-1,18200,9197,2,1,tumor
GCCATCGAGCTGCGTG-1,11955,17015,4,3,immune
GCCATCGATGCTGCAT-1,21099,11723,4,3,
GCCATTAGCCTCAAAC-1,7023,17516,4,2,
GCCCACCAAGGCTGTC-1,10659,6666,4,2,
GCCCAGTTGGTATGCC-1,10657,9190,2,1,tumor
GCCCGACTTCTTCCCG-1,8765,16003,4,3,
GCCCGATCTGTGGTCG-1,14276,17018,5,3,
GCCCGCGCGTAAACGG-1,11086,16005,5,3,fibrous
GCCCGCGCGTTTGACA-1,10948,8686,2,1,tumor
GCCCGTAATACCTTCT-1,16603,10457,4,2,
GCCCTAGCCGTCGCGA-1,7459,17264,4,2,fibrous
GCCCTGAGGATGGGCT-1,15869,20805,4,3,fibrous
GCCGAAATTCCTACGT-1,11669,12472,4,3,
GCCGACCCACGACTGC-1,9488,19285,4,2,fibrous
GCCGATTGGCCAAGCT-1,13989,13989,4,3,fibrous
GCCGCATTAGTCCGGC-1,7608,12468,1,2,tumor
GCCGCTTGTGAGAAAC-1,10944,12724,1,5,
GCCGGGTTAGGGTCGC-1,13699,13988,1,4,
GCCTAGCGATCTGACC-1,11238,8686,1,2,
GCCTATAGTGTCAGGG-1,18343,10964,4,5,
GCCTATTCCGATATAG-1,9496,9694,5,2,fibrous
GCCTATTTGCTACACA-1,12401,5658,4,3,
GCCTCATCTGGAAATA-1,18921,13993,4,2,necrosis
GCCTCCGACAATTCAC-1,19352,18789,3,2,fibrous
GCCTCTATACATAGCA-1,16017,17524,3,2,
GCGAAACTTAACTGGA-1,17034,14748,5,3,
GCGAAGAATCTGACGG-1,17320,20301,4,2,fibrous
GCGAAGCCATACCCGT-1,13991,11465,1,2,tumor
GCGACCCAACCATCTG-1,9923,18528,3,2,immune
GCGACGATAGTTGTAC-1,12972,15754,4,3,
GCGAGAGTTGCGTCCA-1,20663,11975,4,2,
GCGAGCGCATGCTCCC-1,20952,12985,4,3,
GCGAGGCCCGAGCAGA-1,11959,12977,4,3,
GCGAGTTCTGCAAAGA-1,14280,12474,1,4,
GCGATTCTGGAAGCAG-1,15882,6166,4,3,immune
GCGATTGTTAACGTTA-1,16311,12981,5,4,
GCGCAAATATATTCAA-1,9198,18275,4,2,immune
GCGCAAGAGCGCGCTG-1,19646,13741,1,1,tumor
GCGCATCCAGTCAGCA-1,18924,10964,3,4,
GCGCCGTTCCACGATA-1,14569,13989,1,4,tumor
GCGCCTCCCACTCCGA-1,21095,15762,1,1,tumor
GCGCGGTCTAGTAACT-1,13838,20803,4,3,
GCGCTAATTGAATAGA-1,15296,12223,1,4,
GCGCTATGCCGAGGCA-1,11958,14492,1,5,tumor
GCGCTGATCCAGACTC-1,17766,7935,4,5,
GCGCTGCTTTGCATTT-1,18779,10712,3,2,
GCGCTTAAATAATTGG-1,18047,18031,4,4,
GCGGACCGCGTTGTGG-1,11376,16510,4,3,
GCGGAGAAACTTCGCA-1,9924,17518,3,2,immune
GCGGAGAGGGAGAACG-1,16454,15253,5,2,fibrous
GCGGCAAAGTATTGCC-1,9053,18527,4,3,immune
GCGGCTCTGACGTACC-1,10653,13228,4,5,
GCGGGAACCAGGCCCT-1,12109,8182,4,3,
GCGGTCCCTAGACGCA-1,11674,6919,4,5,
GCGGTGAACTGCGCTC-1,18781,8693,4,3,fibrous
GCGGTTCCCTATCATG-1,12247,15501,1,2,tumor
GCGTAAATGGCCATAA-1,19938,12227,4,5,tumor
GCGTCGAAATGTCGGT-1,14575,7932,1,5,tumor
GCGTCGCCAGGGTGAT-1,14131,17270,4,2,
GCGTGGTACTGGGTTA-1,18922,12479,1,2,tumor
GCGTTATATTTGGAAC-1,7029,11458,4,3,immune
GCGTTCGGAGACCGGG-1,20086,8441,3,5,fibrous
GCTAAACCTGAGGTGA-1,8481,9441,5,2,
GCTAACTGAAGTCTGA-1,17902,18283,4,3,fibrous
GCTAAGTAAAGGCGAT-1,7030,10449,5,3,
GCTAAGTAGTTTCTCT-1,16747,12224,5,3,
GCTAATACCGAATGCC-1,11963,8939,4,2,
GCTACAGTACGGACCG-1,7172,13730,3,4,fibrous
GCTACGACTTATTGGG-1,15149,14494,1,4,tumor
GCTACTATAGTAGAGT-1,18774,16264,5,3,
GCTAGACCGTCTACTG-1,20226,14247,4,2,
GCTAGAGTAGAGATGT-1,19062,17779,4,2,fibrous
GCTAGCTTGAATAGCT-1,11521,16763,4,2,immune
GCTAGGCACCACGGAG-1,17322,17273,3,2,
GCTAGTAGAGCTTGTA-1,14570,13484,4,3,
GCTAGTTTCATTGAGG-1,10513,7928,4,3,
GCTATACGTCTCGGAC-1,17903,16768,5,3,tumor
GCTATCGCGGCGCAAC-1,8627,8683,4,2,
GCTCAATCCGTTTATT-1,10215,17014,3,2,immune
GCTCAATGTAATACCG-1,13549,19288,3,5,necrosis
GCTCATTACTGCATGT-1,18637,6926,4,3,
GCTCCATGCAAAGCAA-1,13112,21055,4,3,fibrous
GCTCCCAGTCGGTCCA-1,20951,14500,2,1,tumor
GCTCCGCTCGCTTCAG-1,21386,14248,2,1,tumor
GCTCCTGACATACTGG-1,9779,17771,3,2,immune
GCTCGGAATTTAAAGC-1,17330,9196,2,1,tumor
GCTCTAAACCCTGACG-1,13558,9697,4,3,
GCTCTATGTTACGTGC-1,10946,10200,4,2,fibrous
GCTCTCGGGTACCGAA-1,13557,10202,4,3,
GCTCTTTCCGCTAGTG-1,12968,19793,3,5,necrosis
GCTGAATCTTCCAATC-1,8473,18527,3,3,immune
GCTGAGGCGTGAGTAT-1,14424,13737,1,4,tumor
GCTGCACGGTTTCTTA-1,15730,13990,4,4,
GCTGCTACTGCGTAGC-1,16017,16514,1,4,tumor
GCTGCTCTCCGGACAC-1,14281,11465,1,4,tumor
GCTGGCATATTCACCT-1,9640,11461,4,2,
GCTGGCGGCGCATGCT-1,14421,17270,4,3,
GCTGTATTACTGGCCC-1,10652,15248,1,1,tumor
GCTGTTGCTACCGAAC-1,18921,13488,4,3,
GCTTAATGTAACTAAC-1,17325,14244,4,3,
GCTTACGTAGTTAGTA-1,21388,12733,4,3,
GCTTATGAAGCAGGAA-1,18052,12478,1,1,tumor
GCTTCCGTCCCTAGAC-1,16313,10962,5,3,
GCTTGATGATAATCAG-1,10367,9190,2,1,tumor
GCTTGGATCGATTAGG-1,19213,11469,3,4,
GCTTTCAGAGGAGGTG-1,18923,11974,4,5,
GGAAACCTTGTTGAAT-1,20521,8694,3,2,
GGAAAGTGCCCATGCC-1,18200,8692,2,1,tumor
GGAACCGTGTAAATTG-1,11956,16006,4,3,fibrous
GGAACCTTGACTCTGC-1,8183,18526,3,2,
GGAAGCTCGCTTACAG-1,17187,6420,1,1,tumor
GGAATGCGCTAGCGTG-1,17037,11720,4,2,
GGACACAAGTTTACAC-1,21240,15509,1,1,tumor
GGACCAACAGGATAAC-1,14857,16513,4,3,fibrous
GGACCTCTAGGCCGCC-1,9488,18275,3,2,immune
GGACTCGACAGCGCAT-1,11807,20801,2,3,fibrous
GGACTCGTGAGTGGTC-1,10648,19791,4,2,tumor
GGAGAAGTCATTGGCA-1,11092,9443,4,3,
GGAGACGACACCTTTG-1,14859,14494,1,3,tumor
GGAGCAACATTTCAAG-1,20078,18032,3,5,
GGAGCACCAAGAACTA-1,17039,10205,4,3,
GGAGCGAGGCCTACTT-1,15143,20552,1,2,tumor
GGAGGGCTTGGTTGGC-1,16457,11719,5,3,immune
GGAGTGCCGCCCTGGA-1,12834,8435,1,3,immune
GGATACTCATGAATTG-1,11675,5910,4,3,
GGATCATCCCGTACGC-1,19797,7936,3,2,fibrous
GGATCCGGAATATACT-1,17037,12225,2,3,
GGATCTTACTGCCCTT-1,10212,20043,4,3,fibrous
GGATCTTGACTCAACC-1,7604,16507,4,2,
GGATGAAGATCGCTGA-1,18776,14245,4,2,necrosis
GGATGACGCGAGTTTA-1,11669,12977,4,3,
GGATGCTGGCGTTCCT-1,7897,13478,3,4,fibrous
GGATGTCCTTACCGCA-1,18342,12478,1,1,tumor
GGATTCAGTACGGTGG-1,9932,8432,2,1,tumor
GGATTCCGCTATACCC-1,16895,8439,4,5,
GGATTGCTGTGACTCC-1,17321,18787,5,3,fibrous
GGATTTCACTTCTATA-1,17182,11468,1,1,tumor
GGCAAAGGCGCCAATA-1,10070,17266,3,2,immune
GGCAAATTACTTTACT-1,12829,13988,4,5,necrosis
GGCAAGCCCATAGTGG-1,13983,20551,1,2,tumor
GGCAAGGCGAAATAGC-1,15149,14999,2,1,tumor
GGCAATAGTCAATGAG-1,15297,11213,4,3,
GGCACTCCACTGGGCA-1,11815,12220,1,1,tumor
GGCAGCAAACCTATGC-1,20079,16518,4,5,
GGCATACAGGTAGCGG-1,9784,12218,1,1,tumor
GGCATATCGGTTCTGC-1,17186,7934,3,5,
GGCCCTCACCCACTTA-1,8478,12974,4,4,fibrous
GGCCGAGACTCTGGTG-1,9778,19285,4,3,fibrous
GGCCGGCGTCTGCTAT-1,16594,20048,4,3,fibrous
GGCCGTTTGGGTTTCA-1,11664,18530,3,5,necrosis
GGCCTTTGCAACTGGC-1,6302,12720,3,4,immune
GGCGAAATCTAACTTG-1,17760,14497,5,3,necrosis
GGCGCAGGACATCTTC-1,9058,12975,4,4,
GGCGCATGAATTGATG-1,12973,14240,4,5,necrosis
GGCGCGGAGATCTTTC-1,17611,18283,4,3,
GGCGCGTTCGAGTTTA-1,13698,15503,4,2,
GGCGCTTCATTCCCTG-1,15434,20552,1,3,tumor
GGCGGAGTAATATTAG-1,11815,11715,1,1,tumor
GGCGGTAGGATCATTG-1,15152,11466,4,3,
GGCGTAGGGAAAGCTG-1,17030,19796,4,2,fibrous
GGCGTCCTATCCGCTG-1,9930,11461,4,3,
GGCTAAAGGGCGGGTC-1,19506,8441,3,2,fibrous
GGCTATTAAGTTGTAT-1,11090,11967,1,1,tumor
GGCTCCTCCACCTGTT-1,10213,18528,3,2,
GGCTCGCGTTGAGGTA-1,18633,11469,3,5,
GGCTCGTGCCACCAGC-1,10658,8685,2,1,tumor
GGCTCTGCTCCAACGC-1,15588,10204,2,3,
GGCTGAAATAGCAAAG-1,16598,16010,5,3,
GGGAACGGGAGGTTAG-1,10508,13481,4,5,
GGGAACGGTTTCAGAT-1,9777,19790,1,2,
GGGAAGACGGTCTGTC-1,16160,19796,1,4,tumor
GGGAAGGGCTTTCTCA-1,17755,19545,3,2,
GGGACAGAGTTACTCC-1,7893,18021,4,2,immune
GGGACTGCATAGATAG-1,13846,11717,4,3,
GGGAGAACTCACAGTA-1,14426,11717,1,4,
GGGAGGATGCCCGAAA-1,12539,12978,1,2,
GGGAGTAATGGCTGGC-1,11240,6162,2,3,
GGGAGTTAATGAGGCG-1,16022,11971,5,3,
GGGATGGTCGTAACCG-1,11377,15501,5,3,fibrous
GGGATTTACCGCACCT-1,18195,14245,4,2,
GGGCAACCGCACGTGC-1,7894,17517,5,2,fibrous
GGGCCCGTCTTAAACA-1,12683,14240,4,5,necrosis
GGGCCCTACGAAAGGG-1,7462,13225,4,3,fibrous
GGGCCGGCCGAAGTAC-1,17326,12730,5,2,
GGGCCTAAATGGGCTA-1,6445,14991,3,3,fibrous
GGGCGATATGTGTGAA-1,13557,10707,4,2,immune
GGGCGGCAAATGAATT-1,11666,16006,5,2,fibrous
GGGCGGGTTCCCTACG-1,10507,14490,4,5,necrosis
GGGCGGTCCTATTGTC-1,9208,7170,4,2,
GGGCGTACATTTATAT-1,12977,9697,3,2,
GGGCGTCACCACGTAA-1,12392,15754,4,3,
GGGCGTCCACTGGCTC-1,17331,7682,3,5,
GGGCGTGGTTTCCCAG-1,16886,19039,4,3,fibrous
GGGCTCATCGAACCCA-1,18054,9954,4,3,
GGGCTGCCTAGGGCGA-1,15151,11970,4,4,
GGGTACTTCATGAACT-1,10799,12976,4,5,necrosis
GGGTATGTATGCACTT-1,9205,10703,4,3,fibrous
GGGTATTCTAGCAAAC-1,7313,17516,4,2,fibrous
GGGTCACCGTGACGGT-1,11960,12472,1,2,
GGGTCAGGAGCTAGAT-1,13113,20045,3,5,necrosis
GGGTCGTGGCAAGTGT-1,20665,9956,5,3,fat
GGGTGACACCTTAACT-1,13263,15250,2,1,tumor
GGGTGCATATGAAAGC-1,21389,11219,5,3,fat
GGGTGTTTCAGCTATG-1,15010,7680,2,1,tumor
GGGTTAACATTTGAGT-1,12390,17268,1,2,
GGGTTTAGGATAGGAT-1,20661,14499,2,1,tumor
GGTAAATGTGCGTTAC-1,16897,6419,1,1,tumor
GGTAACCGGGAGGATA-1,9054,18022,4,3,immune
GGTAACTATGTATCTG-1,11530,6667,4,2,
GGTACAAACATGCTAT-1,12974,13735,4,5,necrosis
GGTACATCTGGGACGA-1,7752,13226,4,3,fibrous
GGTACCATTAAGACGG-1,20374,10966,3,2,tumor
GGTAGAAGACCGCCTG-1,15437,17019,4,3,fibrous
GGTAGACCGTTGGGCG-1,12826,17016,4,3,
GGTAGTGCTCGCACCA-1,15586,12223,4,3,
GGTATAGTGACACATA-1,21678,12229,4,3,
GGTATTGCCGAGTTTA-1,12830,11968,4,5,
GGTCAAGACTACTTCG-1,20369,17023,3,5,
GGTCAGTGGGTCCCAC-1,14132,15755,2,1,tumor
GGTCGGATAAACGGCG-1,19215,9450,5,3,fat
GGTCGGCCAGGAGCTT-1,17327,11720,1,1,tumor
GGTCGGTAATTAGACA-1,10369,6666,4,2,
GGTCGTAAGCTCGCAC-1,7895,16002,4,2,
GGTCTCTGAATGGACT-1,10070,16761,4,2,immune
GGTCTGAGAATCTGGA-1,16748,11215,2,3,
GGTCTTGAGCGCTCTT-1,14564,20047,1,5,tumor
GGTGAAGTACAGGGAT-1,10506,15500,4,3,
GGTGAGATGCAGATAA-1,10368,7675,4,2,
GGTGATAAGGAGCAGT-1,16601,12981,2,3,
GGTGCATAAATGATTA-1,11952,20549,4,2,tumor
GGTGCGGATAAGTGGC-1,11819,7677,4,2,
GGTGCTGATCACAAAG-1,8190,10450,4,2,
GGTGCTGGTACACATT-1,11813,14239,1,1,tumor
GGTGGACTGCTCTGGC-1,17467,17525,3,2,
GGTGTAAATCGATTGT-1,14563,21056,4,3,fibrous
GGTGTAGGTAAGTAAA-1,12387,21307,4,2,
GGTTACCACCCTCGGG-1,9927,14994,1,1,tumor
GGTTAGCTATATGTCT-1,17759,15506,5,2,necrosis
GGTTAGGCTTGGAGAA-1,10366,10704,4,2,
GGTTAGTTACGGCGCC-1,8480,10450,4,2,
GGTTCGGATTATACTA-1,6157,13477,3,4,
GGTTCTACTCGTCTGA-1,20372,13490,1,1,tumor
GGTTGTGTAGCCTGGC-1,7028,11963,1,2,tumor
GGTTTACAATCTCAAT-1,15733,9952,5,2,
GGTTTAGCCTTTCTTG-1,19935,15256,5,2,
GGTTTGAGTGCTGGAA-1,11240,6667,1,1,tumor
GTAACTTGCGGCAGTC-1,10950,6162,4,2,
GTAAGCGGGCAGTCAG-1,14283,9446,4,3,
GTAAGGATTTGTCGGA-1,15011,6165,4,3,
GTAAGTAACAGTCTGG-1,17035,13739,4,2,tumor
GTAAGTAGGGTATACC-1,10366,10199,4,3,fibrous
GTAATAAAGGGCTCCC-1,20084,11470,3,5,
GTAATCTGATTCTTCG-1,11521,16258,5,3,fibrous
GTACACTTACCTGAAG-1,14425,12727,1,4,
GTACAGAGGCAAGGGT-1,17181,12982,5,2,
GTACGAGATTGCGACA-1,13413,8940,1,1,tumor
GTACGCTTCATTGCAC-1,15583,15252,2,1,tumor
GTACGTTTGCCCGTCA-1,15004,14747,1,3,tumor
GTACTAAGATTTGGAG-1,13122,10454,4,3,
GTACTCCCTTATCGCT-1,9203,12722,4,3,
GTACTCCTGGGTATGC-1,19940,10208,5,3,
GTACTGCATGAAGCGT-1,10805,6414,2,3,
GTACTGGAGTTAGACC-1,16892,11972,5,3,
GTACTTGGGCACTTCT-1,9933,7927,4,2,
GTAGACAACCGATGAA-1,13126,5406,2,3,fat
GTAGACGTCGTTACAT-1,10804,6919,4,3,
GTAGAGGGAGACAAGT-1,9635,16509,4,2,immune
GTAGCCAAACATGGGA-1,15292,16261,4,3,fibrous
GTAGCGGCTATACACT-1,15150,13485,4,4,
GTAGCTCCGGGAGGCT-1,10502,20043,4,3,fibrous
GTAGCTTCCTCTTGTT-1,18053,11468,4,5,
GTAGGTGATCCGTGTA-1,16605,7933,3,5,
GTAGTCGCGGGAATCA-1,16888,16010,5,3,
GTAGTCTACGATATTG-1,16305,19543,1,4,tumor
GTAGTTCGAAGGCGAA-1,10792,20043,4,2,tumor
GTATAGGACTCAGTAG-1,13559,8688,2,1,tumor
GTATCAAACGTTAGCT-1,19208,17527,4,2,
GTATCAGCTTGGGTTC-1,10077,8685,2,1,tumor
GTATCCTTTGGTAACC-1,18480,19798,3,2,
GTATCTCAGTCTTGAC-1,8328,18274,3,2,immune
GTATCTTTCATAACCA-1,14713,15251,2,1,tumor
GTATGAAATTTCACTC-1,8329,16760,5,3,fibrous
GTATGTGGGTCTAGTT-1,18486,13235,4,2,
GTATTAAGGCGTCTAA-1,8917,8684,4,2,immune
GTATTCTGAGAAACGA-1,10651,15752,4,2,fibrous
GTCAAAGAAGTGGTGT-1,7748,17769,4,2,fibrous
GTCAAAGTTTACATAG-1,9354,6917,4,2,
GTCAAGCGGACTCGGG-1,16310,13486,4,3,
GTCACAAAGTTTCCAA-1,13996,5912,3,2,fat
GTCACTCTCCAAATCT-1,9641,9442,4,3,
GTCAGAATAGTCTATG-1,9785,11208,4,2,fibrous
GTCAGTTGTGCTCGTT-1,15447,5913,4,2,immune
GTCAGTTTGGTAGTCG-1,7029,10954,5,3,immune
GTCATGCACCTCCGTT-1,13992,10960,4,3,
GTCATGGACATGACTA-1,14137,10203,5,3,
GTCATTAGAGCGAACG-1,14860,12980,4,4,
GTCATTGCATTGACCC-1,7609,11459,3,2,immune
GTCCAATATTTAGCCT-1,12823,20045,3,5,necrosis
GTCCATTACTGCTACG-1,20516,14247,2,3,
GTCCCAACGTAAAGTA-1,15731,11971,5,3,immune
GTCCGGACCTGAAATT-1,17902,17273,4,3,tumor
GTCCGGCTGAATTGCG-1,12686,10706,1,1,tumor
GTCCGGGTTCACATTA-1,15433,21057,4,3,fibrous
GTCCTACGAATAGTCT-1,18338,17021,5,3,
GTCCTTCTAGTGGGTT-1,17042,6167,4,3,
GTCGCGTAACCCGTTG-1,16020,13486,4,4,
GTCGGATATCTCAGAC-1,10365,11714,1,1,tumor
GTCGGATGTAGCGCGC-1,16315,7933,4,5,
GTCGTACCATCTCGGG-1,14133,15251,1,2,
GTCGTACCTACGATTG-1,6447,12972,3,4,immune
GTCGTATTGGCGTACA-1,18926,8440,4,3,fibrous
GTCGTGTCTGGTCATC-1,21100,10714,5,2,fat
GTCGTTATTCGCTTAT-1,16164,15252,1,3,fibrous
GTCTACTCAATTACAA-1,7027,12973,3,2,immune
GTCTATCTGAGTTTCT-1,11233,13734,1,5,tumor
GTCTATTGGTTCCGGT-1,18193,16264,5,3,
GTCTGGGCGGTCGAGA-1,11522,15248,4,2,
GTCTTAGTACAGCCGG-1,16462,6671,1,2,tumor
GTCTTGTAGCTATTCA-1,21386,14752,2,5,tumor
GTGAAACGGCGCCACC-1,17909,9701,2,1,tumor
GTGAAACGTGCTCCAC-1,10515,6414,4,3,
GTGAACTCCCATTCGA-1,20229,11218,1,2,tumor
GTGAAGATTTCAAGTG-1,20086,8946,3,2,
GTGACAGCTTCCCACT-1,15869,19795,1,4,tumor
GTGACCGCACACTACG-1,18341,13488,4,2,
GTGACGAGGGTGACCC-1,21679,11724,4,2,
GTGACGCAGGTTTCAT-1,16014,20048,1,4,tumor
GTGACTTCAGTAGTGC-1,12392,15249,1,1,tumor
GTGAGCGTGCTGCACT-1,8769,11965,3,2,
GTGAGGACACTTAAGG-1,16310,13991,4,3,
GTGAGGAGCGGTTGAG-1,17767,6925,1,5,
GTGAGTGGTACAACGC-1,13261,16764,4,3,fibrous
GTGATCACTAACGCCT-1,19210,15508,5,3,
GTGATCATAGATCTGC-1,13408,14998,4,1,tumor
GTGATCCTTGTCATGA-1,17320,19292,4,3,fibrous
GTGATTCGCCGCTCAA-1,10941,15753,5,3,fibrous
GTGCAACAAATGTGGC-1,14140,7174,2,1,tumor
GTGCACCAGCTTCAAC-1,12968,20297,4,2,
GTGCACGAAAGTGACT-1,15445,7932,2,1,
GTGCCATCACACGGTG-1,10072,14237,1,5,
GTGCCCGTTCGGATTC-1,17471,13487,4,2,
GTGCCGCTTCAAAGGT-1,11522,14744,4,3,
GTGCGAAATCGAACAC-1,11377,14996,4,2,
GTGCGGGTCTCCAAAT-1,13268,8688,1,1,tumor
GTGCGTGTATATGAGC-1,17180,13991,4,2,
GTGCTCAAGTACTGTC-1,12685,12221,4,5,
GTGCTGCAGATAAGGA-1,6157,12972,3,4,
GTGGAACCTACATGCG-1,16896,7429,3,5,
GTGGACCAACCCGATT-1,9346,14994,4,2,fibrous
GTGGACGCATTTGTCC-1,14421,17775,4,2,
GTGGACGTGCTGAGAC-1,10803,7928,4,3,
GTGGAGTCGGCGGTTG-1,10650,17267,3,2,immune
GTGGCAAACAGCGGCA-1,8040,16255,4,3,
GTGGCGGTCCCAGCGT-1,8042,13731,3,4,fibrous
GTGGGAAGACTGAATC-1,7316,14992,3,2,
GTGGGCTTAGACACAC-1,10801,10957,4,2,
GTGGTGGCCAAGTGAA-1,16599,15000,5,2,fibrous
GTGGTTACTTCTTTCG-1,20374,11470,3,3,
GTGGTTTCCGCCTTTC-1,9782,14237,1,1,tumor
GTGTACCTTGGCTACG-1,16458,10205,4,2,
GTGTCAGTGTACGTGG-1,11227,20801,4,3,fibrous
GTGTCGTATAGCGTTC-1,16162,17272,3,2,
GTGTGAATAACTTAGG-1,17182,11972,4,2,tumor
GTGTTACTATGCGTCC-1,16020,13990,4,3,
GTTAAAGTAGGACTGG-1,17178,16011,5,3,
GTTAACATCACTTAAA-1,15726,17524,1,4,tumor
GTTAACTATGTTGTCA-1,21241,14500,2,1,tumor
GTTAATGTCTATCTTA-1,6884,11206,4,3,
GTTACAATTGGTGACG-1,9928,12975,4,5,necrosis
GTTACCTACAACTTGC-1,14858,15504,2,1,tumor
GTTACTTTGGGCCTAG-1,12538,14492,4,5,necrosis
GTTAGCCCATGACATC-1,16014,20553,4,3,fibrous
GTTAGCCGTAAATCAA-1,21099,11219,5,3,
GTTAGGCTACCCGTTT-1,7168,17264,4,2,fibrous
GTTATAATACGGTGAA-1,20659,17023,3,5,
GTTATATTATCTCCCT-1,13262,15755,4,3,
GTTCACAGGAGTCTAG-1,10075,11713,1,1,tumor
GTTCATCGTTTGGCTG-1,20373,11975,4,2,
GTTCCAGTCTGACCAT-1,12834,7930,4,3,immune
GTTCGCCATAAGTGCC-1,12829,12978,4,5,
GTTCGGATCGGGAACA-1,21096,14752,2,1,tumor
GTTCGGGCGTACCATT-1,20809,11723,4,2,
GTTCGTCTAAAGAACT-1,18048,16516,2,3,
GTTGAACCGGTTCCAT-1,10943,14238,4,5,necrosis
GTTGAGTCCCGCCGGT-1,16452,16767,3,2,
GTTGCACGGAGTTTCG-1,12107,9696,3,2,
GTTGGATTCAGTGGCT-1,19072,7683,4,2,fibrous
GTTGGATTGAGAACAC-1,17907,11721,4,5,
GTTGGATTTGCGTTGG-1,12395,12725,4,2,
GTTGGTCATGCTATCC-1,14276,17522,4,3,
GTTGTCGTGTTAGTTG-1,11964,7424,3,5,
GTTTACGTTCCATCTG-1,14423,15756,2,1,tumor
GTTTCATATCGTCGCT-1,9058,13479,4,3,
GTTTCCTGGAGGGTGA-1,12252,9949,3,2,
GTTTCTGCAGTCTCCC-1,15585,13738,1,4,
GTTTGACCAAATCCTA-1,13556,11212,4,3,
GTTTGGCCCAAGTTAT-1,16745,14243,1,4,tumor
GTTTGGCCGCTCAGCG-1,9789,6665,1,2,tumor
GTTTGGGCTTGTGAGC-1,14567,16513,4,3,fibrous
GTTTGGGTTTCGCCCG-1,18336,19545,3,2,
GTTTGGTAGGGTCAAC-1,13696,17017,4,2,
GTTTGGTGATCGGTGC-1,10647,20295,4,2,
TAAACCCAGGAGGGCA-1,10360,17266,3,2,immune
TAAAGAGCCCGAAACC-1,11820,6162,4,3,
TAAAGCGTTAGGAGAA-1,17908,10711,1,2,
TAAAGCTGCAATAGGG-1,19216,7936,3,2,fibrous
TAAATGAATCCGTTTC-1,9351,9441,5,3,
TAACAAAGGGAGAAGC-1,10222,8937,2,1,tumor
TAACAATATTTGTTGC-1,7465,10702,5,2,immune
TAACAGCGTTTGTGCT-1,10503,19538,4,2,tumor
TAACATACAATGTGGG-1,15295,13233,4,4,
TAACATACACGCGATC-1,8764,17517,5,2,immune
TAACCGCCCGCAGTGC-1,12256,5910,4,2,
TAACCTACCGTCCGAG-1,19793,11975,3,5,tumor
TAACGCTTTGAGAGCG-1,9350,10451,5,2,fibrous
TAACTATCGAAGGTCC-1,10076,9694,4,3,fibrous
TAACTATTACGCCAAA-1,20664,10966,5,3,
TAACTCATCCGCGCGG-1,12248,14492,4,5,necrosis
TAACTCCATGGAGGCT-1,9062,8431,4,2,immune
TAAGCAGGCGACACGC-1,7898,12469,1,4,tumor
TAAGGAACTTGTGGGA-1,10949,7676,4,3,
TAAGGCAACATAAGAT-1,15443,9952,5,3,
TAAGGCTGAATCCCTC-1,19210,15003,4,2,necrosis
TAAGGGCCTGTCCGAT-1,18917,18031,4,3,fibrous
TAAGGGCTGGGAGAGG-1,7753,12216,1,5,tumor
TAAGTAACATCTTGAC-1,10942,15248,1,1,tumor
TAAGTCGCCGAGTATC-1,9779,17266,3,2,immune
TAAGTTGCGACGTAGG-1,18918,17022,5,3,fibrous
TAATAAACAAGGAGAT-1,18346,7935,1,1,tumor
TAATACACAGTAGTAT-1,14429,8689,1,1,tumor
TAATAGAACAGAGTTA-1,10651,16257,5,3,
TAATAGGTCACCAGAA-1,8182,19031,3,2,fibrous
TAATAGTGACGACCAG-1,17183,10458,4,2,
TAATATTGAAATTCGC-1,11964,7929,1,4,tumor
TAATCGATCCGTACGT-1,18634,9954,5,3,fat
TAATTAGGACATCCGT-1,20806,14247,2,1,tumor
TACAAGTCTCGTGCAT-1,9059,11460,4,3,fibrous
TACAGAAACGGTGGGC-1,17466,18535,5,3,fibrous
TACATAGGCATACACC-1,13844,13736,4,3,fibrous
TACATCCCTATCCCTG-1,7171,14740,3,4,
TACATTTCTAACGTGC-1,13119,13483,4,5,necrosis
TACCAATAAAGTACCA-1,17177,17525,3,2,
TACCAGAAGTAGGTTC-1,12537,16006,4,2,
TACCAGCTAGGTTTAA-1,14576,6417,4,3,immune
TACCGCGGACTTGCAG-1,19213,11974,3,5,
TACCGGCTCACTGCCC-1,14568,15503,2,1,tumor
TACCGGTCGTTTCCAT-1,10072,14742,4,5,tumor
TACCGTAGGTTAACTA-1,13405,18531,3,5,necrosis
TACCGTGCCTCGGACC-1,15147,16514,4,2,fibrous
TACCTCACGCTTGTAC-1,13269,7678,2,1,
TACCTCAGTTGTCTGT-1,12389,18783,3,5,necrosis
TACCTGCTGCACTGTG-1,8335,10702,4,3,fibrous
TACCTTAAGATTTCCC-1,9345,16004,4,2,
TACGAACACGACTTCA-1,12831,11464,4,5,
TACGACGCTTGCTGCG-1,12972,15250,1,1,tumor
TACGACTGCCTCTTAG-1,14714,14746,4,3,fibrous
TACGAGAACTTCACGT-1,10799,12471,1,5,
TACGATGTTGATCATC-1,10219,12471,4,5,necrosis
TACGCAGTTCTTTCCT-1,12538,13987,4,5,
TACGCCATATTCTAAT-1,13554,13736,1,4,tumor
TACGCCGAGGGTACCC-1,10069,17771,3,2,immune
TACGCCTCCATTCCGA-1,13696,17522,4,3,
TACGCTATAGAAACCT-1,20228,12227,1,4,tumor
TACGGAAGCCAAACCA-1,15723,21057,4,3,fibrous
TACGGGATGCTAGCAG-1,17185,8944,2,1,tumor
TACGTACTAGTGCTGA-1,11228,19286,3,5,necrosis
TACGTGCACTATGCTG-1,9932,8937,2,1,tumor
TACGTTTACCGGCAAT-1,9783,13732,1,1,tumor
TACTCCTCTAGTTGAC-1,10357,19790,4,3,fibrous
TACTCGGCACGCCGGG-1,7463,12721,1,2,tumor
TACTCTCCGAACAAAT-1,16895,8943,1,1,tumor
TACTGCAATCAATTAC-1,19941,9198,4,2,fat
TACTGGACAGCTCGGC-1,8768,12469,3,2,
TACTTGTTAGTAGTCC-1,17761,12982,4,2,
TACTTTACTGAGCCGG-1,19068,11217,3,4,
TACTTTCCGCACGCCA-1,7895,15497,3,3,fat
TAGAAAGGTGGCGCTA-1,16892,11467,4,3,
TAGAAATTCACGTATA-1,6592,12720,3,4,immune
TAGAATTAAGGGCAAC-1,16172,6166,2,3,immune
TAGACGAAACGCCAAT-1,15725,19543,1,4,tumor
TAGACGCCCGTACCGG-1,18198,11721,4,5,
TAGACTACCTAGCGTT-1,20227,13237,1,5,
TAGAGATCATGCAACT-1,8911,14741,3,2,fat
TAGAGGTTCTACTTGT-1,19063,17274,4,2,
TAGAGTCTAAGCGAAC-1,13121,10959,1,1,tumor
TAGATATGGACTGGAA-1,12827,16007,4,2,
TAGATCCGAAGTCGCA-1,15592,6166,4,2,immune
TAGATGGTTCCTTACT-1,19207,18536,3,3,fibrous
TAGATTCCTGGTTATT-1,8044,11712,3,2,immune
TAGCAACCTGTCACAA-1,8916,9189,5,3,
TAGCCATTTCAAAGTC-1,18050,14497,4,3,necrosis
TAGCCGGCGGTCAGCG-1,17472,11973,1,2,tumor
TAGCGTCCCTCGATTG-1,20951,15004,1,1,tumor
TAGCGTTGGGTCTTAC-1,15005,13232,4,4,
TAGCTAAGTCCGGGAG-1,13412,10959,4,3,
TAGCTAGAAGGCATGA-1,12536,16511,4,3,fibrous
TAGCTCGCCTGATAAC-1,13552,16260,4,2,fibrous
TAGCTGATGTGAAGCG-1,6591,14234,3,4,fibrous
TAGGCATGTTACGCCA-1,17474,9449,2,1,
TAGGGAGCTTGGGATG-1,19067,12731,4,3,tumor
TAGGGTGTTTCAAGAG-1,12978,9192,4,3,
TAGGTCCAAGTAAGGA-1,8480,10955,4,2,fibrous
TAGGTCGCCGGAACTG-1,19648,11722,3,5,
TAGGTGACGATAACCT-1,16595,19039,4,3,fibrous
TAGGTGAGCCCTACTC-1,9930,10956,4,2,
TAGGTGCTCGCCTAGC-1,17616,13739,4,3,
TAGGTTCGAGTTCGTC-1,14861,12475,4,4,
TAGTACCTTAGTGGTC-1,8191,8935,4,2,fibrous
TAGTAGCTTATACCAG-1,11373,19034,3,5,necrosis
TAGTCCGCAGAGAATG-1,12829,13483,4,5,necrosis
TAGTCGATCACGGGTT-1,19064,15760,5,3,
TAGTCTAACAACGAGA-1,10073,13733,4,5,
TAGTCTGTGACGTTGC-1,20085,9451,5,3,fat
TAGTGCCCTCCAGAGT-1,12686,11716,4,5,
TAGTTAAGATAGGATA-1,17042,6672,1,5,
TAGTTTATTCTTGCTT-1,13415,6921,4,3,immune
TATAAATCCACAAGCT-1,11528,8686,4,2,
TATAAGTGAGGATAGC-1,10802,8938,2,1,tumor
TATACACAGACGCCTT-1,13842,16260,2,3,fibrous
TATACACGCAAAGTAT-1,10368,8180,2,1,tumor
TATAGAGTCGCTTGAA-1,11808,19792,3,5,necrosis
TATAGATGGTCGCAGT-1,19936,13742,1,1,tumor
TATAGGGTACTCATGA-1,8043,12721,4,2,
TATATAGGGCTTTACG-1,9922,19538,4,2,fibrous
TATATATCGAGAAATG-1,9198,18780,3,2,immune
TATATTCGCGTCGATA-1,14142,5660,3,2,fat
TATCACCCAACCGACC-1,19650,9703,5,3,
TATCACTTCGAGTAAC-1,19506,7936,3,2,fibrous
TATCCATATCATGCGA-1,12689,8182,4,3,
TATCCGCACCGTCGGG-1,12824,18531,3,5,necrosis
TATCCTATCAACTGGT-1,13693,21055,4,2,fibrous
TATCCTGCATGGGAAT-1,12980,7173,4,3,
TATCGATCTATGCATA-1,17910,9197,2,1,tumor
TATCGATGATTAAACG-1,12252,9444,3,2,
TATCTACAGAGGTAAT-1,8624,11207,4,3,fibrous
TATCTACCACAGCGGG-1,13844,14241,4,3,fibrous
TATCTAGCCTAAAGGA-1,6883,12215,1,2,tumor
TATCTTGCAATACAAC-1,7458,17769,4,2,fibrous
TATGAAGACAGGTGCG-1,8190,10955,4,3,
TATGATCTTCTCTTTA-1,18192,18283,4,4,
TATGCTCCCTACTTAC-1,13993,9950,4,3,
TATGGATGTGCTACGC-1,12977,10202,4,2,
TATGGCCCGGCCTCGC-1,9495,11208,4,2,
TATGGGACCGAGCAGG-1,13265,12726,1,4,
TATGGGTACGTATCGT-1,13556,11717,1,2,
TATGGTCTGAGTAACA-1,13555,12726,4,2,tumor
TATGGTTAGTGGGAGA-1,20371,13994,4,2,
TATGTAAAGTGCTTAA-1,11517,20296,4,2,
TATGTCAAGACCGACT-1,18490,8692,2,1,tumor
TATGTCTCATTGTGCC-1,17038,11215,1,2,tumor
TATTATGTTTGCCTGC-1,7603,18021,4,2,fibrous
TATTCAATTCTAATCC-1,15876,12224,5,3,immune
TATTCCACTCAGCTCG-1,13407,16007,4,2,fibrous
TATTCCTCCGCCCACT-1,9781,15752,4,2,fibrous
TATTCGTGCCAGAATA-1,14426,12222,4,4,
TATTTAGTCTAGATCG-1,13559,8183,4,5,
TATTTATACCGAGTAG-1,16461,7681,4,5,
TATTTGTTACCCTTTA-1,11817,9696,3,2,
TCAAACAACCGCGTCG-1,13848,9698,4,2,
TCAAACTTAGATTGTT-1,14571,11465,1,4,tumor
TCAACAAAGATAATTC-1,9345,17013,3,2,immune
TCAACACATTGGGTAA-1,10224,6413,4,2,
TCAACATAGCGCCCTA-1,11519,18277,3,5,necrosis
TCAACCATGTTCGGGC-1,12542,9949,3,2,
TCAACGCAGGAAATAA-1,9636,16004,4,2,
TCAACGCGACCGGCAG-1,8477,13479,4,4,fibrous
TCAACTAACGTATAAC-1,7899,11459,3,2,immune
TCAAGAAATACTAGCT-1,20808,12228,4,3,
TCAAGGTTACTACACC-1,20080,15508,5,3,
TCAATACGCCGTCATG-1,13984,19541,3,5,necrosis
TCACAAACCGAGGTAC-1,18916,19041,3,3,
TCACAGCAAACTCGAA-1,12246,16511,4,3,fibrous
TCACAGGGAATCGCAA-1,16599,15505,5,3,
TCACAGGTTATTGGGC-1,12105,11715,1,5,
TCACATCTTATCTGAT-1,8045,10702,4,2,
TCACCCTCTTAAGATT-1,13698,14998,4,3,
TCACCGCTCGGCACTC-1,18488,11216,3,5,
TCACGATGTCCGTGGA-1,9200,16761,4,2,immune
TCACGCATTGTAGATC-1,12250,11968,4,5,
TCACGGTCATCGCACA-1,11672,9443,4,2,
TCACGTGCCCGATTCA-1,14135,13232,4,4,
TCACTCGTGCAACGGC-1,18637,7431,4,2,
TCAGAACCTCCACAGG-1,20519,11218,4,2,
TCAGACGCTATAGAAG-1,15583,15757,1,3,
TCAGCAAATGCATCTC-1,15732,11466,5,3,
TCAGCAGTAGGCCCTG-1,11083,19034,3,5,necrosis
TCAGGGTGTAACGTAA-1,15588,10709,5,2,
TCAGGTTCTTTGAGAA-1,11235,11210,4,2,
TCAGTACTGACCCGCG-1,10076,10199,4,2,fibrous
TCAGTAGGGACTATAA-1,12102,15249,1,2,necrosis
TCAGTGTATACGTCAT-1,10359,18276,3,2,
TCATACTTACAGATCC-1,8626,9188,5,3,
TCATATGAGCTTTGTT-1,14129,19794,4,5,
TCATCACTCGAGCTCG-1,9353,7927,4,2,
TCATCCCAGAGGGTGG-1,15301,6670,1,4,tumor
TCATCGATGGTCCCAA-1,9344,18023,4,2,immune
TCATGCAGGTTCTCAT-1,17330,8187,4,5,
TCCAACTTTAAATTCT-1,10943,13733,4,5,
TCCAAGCCTAGACACA-1,16594,20553,4,2,fibrous
TCCACAATGGTTTACG-1,10365,11209,4,2,
TCCACATCGTATATTG-1,14853,21056,4,3,
TCCACCTCTAGCCTTT-1,12824,19035,3,5,necrosis
TCCACTTTATCTAGGT-1,16602,11467,2,3,
TCCAGAGCACCGGTTC-1,15295,13737,4,3,
TCCAGGCGAGTACGGT-1,13411,11464,1,1,tumor
TCCCAAAGACGAAGGA-1,13847,10203,5,3,
TCCCACTCTCTTCCGG-1,20664,11471,4,3,
TCCCAGCTTTAGTCTG-1,13265,12221,1,5,tumor
TCCCAGGCTTAGCTAA-1,12106,11211,1,1,tumor
TCCCGCGTACTCCTGG-1,15153,10456,5,3,
TCCCGGGTGTGCTGCT-1,10074,12218,1,1,tumor
TCCCGTCAGTCCCGCA-1,16024,9447,1,3,
TCCCGTGTGCAATTTG-1,16744,14748,5,3,fibrous
TCCCTGGCGTATTAAC-1,7748,18274,3,2,fibrous
TCCCTGGCTCGCTGGA-1,9059,11965,4,2,
TCCCTTAGATTACTCG-1,17621,8187,4,5,
TCCGAACTTGGCTTAC-1,7899,11964,4,5,immune
TCCGAATGGTCCTGAG-1,21534,11471,4,2,fat
TCCGATAATTGCCATA-1,14429,8184,1,1,tumor
TCCGATGACTGAGCTC-1,16169,9195,1,1,tumor
TCCGATGGTGCGACAT-1,12832,9949,3,3,
TCCGATTACATTGCCG-1,9784,11713,4,2,
TCCGCGGCAGCATCTG-1,17327,12225,5,3,
TCCGCTGTCATCCCGG-1,16889,15506,5,3,necrosis
TCCGCTTATCCCATTA-1,14422,16260,4,3,
TCCGGCCTAGCGTACA-1,19359,10712,3,2,
TCCGGTTCGTCCGGTC-1,12826,16511,4,2,
TCCGTTAAGCTAATAT-1,19644,16770,4,5,
TCCGTTTAGCCTTGAA-1,18053,10964,4,5,
TCCTAAATTGGGAAGC-1,15291,17776,4,3,
TCCTAACCGTCGGGCA-1,11808,19287,3,5,necrosis
TCCTACATCCACGGCC-1,17324,15254,5,3,necrosis
TCCTAGCAAAGAAGCT-1,11088,13986,1,5,necrosis
TCCTCGGGCTGGGCTT-1,16165,13738,4,3,
TCCTCTACGAGATGGC-1,9786,10199,5,2,fibrous
TCCTCTCCAGTTGTCC-1,8044,11207,4,2,immune
TCCTGCCAACTGGAGA-1,18202,6673,1,2,tumor
TCCTGCGTTGATACTC-1,9493,13227,1,1,tumor
TCCTTACGACGGTCCG-1,18919,16012,5,3,
TCCTTCAGTGGTCGAA-1,15155,7427,2,1,tumor
TCCTTGTCCTTTAATT-1,15143,21057,4,3,fibrous
TCCTTTAAATCCGCTT-1,18482,17779,4,3,
TCCTTTCTTACGCTTA-1,14137,11212,1,3,tumor
TCGAAATTTAGGACCA-1,11671,10958,4,3,
TCGAAGAACCGAGCAC-1,19500,15003,5,3,necrosis
TCGAATATCCCGCAGG-1,9779,18275,3,2,immune
TCGAGACCAACACCGT-1,13120,12978,4,2,
TCGAGCCAGGCAGGCC-1,10504,18024,3,3,
TCGATAGGCTAGTCGC-1,12111,5658,4,2,
TCGCAAAGATGCATTT-1,16018,15505,1,3,fibrous
TCGCACCAGGAGGCAG-1,16743,16263,5,4,tumor
TCGCATCCCTAAGTGT-1,9643,7422,1,2,tumor
TCGCCGAAGTTGCGTC-1,10507,14995,1,1,tumor
TCGCCGACATATTCGC-1,17610,20302,3,2,fibrous
TCGCCGGTCGATCCGT-1,13994,8436,4,5,
TCGCGTAGCAGTGTCC-1,19497,18032,3,2,
TCGCGTCCAGAAGGTC-1,9350,11460,4,2,fibrous
TCGCTAAACCGCTATC-1,18055,8440,2,1,tumor
TCGCTACTGGCTTTGA-1,15724,20048,1,4,tumor
TCGCTCGATATATTCC-1,14282,10960,4,3,
TCGCTCGGCACCAGCG-1,20810,9704,5,2,fat
TCGCTGCCAATGCTGT-1,16739,20806,4,2,fibrous
TCGCTGGGCGGATTGT-1,15878,10709,4,3,
TCGCTGTGCGTAAATC-1,11093,7929,4,3,
TCGCTTTAAACGTTTG-1,17764,9954,1,1,
TCGGAATGCGCTCTGA-1,9205,11208,4,2,fibrous
TCGGACGCCCAGCCCA-1,16602,11972,5,2,
TCGGAGAGTATCGGGA-1,8476,14993,3,2,fibrous
TCGGAGTACATGAGTA-1,15877,11719,5,2,
TCGGCGAACCCAAACC-1,20370,16013,4,3,
TCGGCGTACTGCACAA-1,7025,16001,4,2,fibrous
TCGGCTTGTATCGACG-1,19062,18284,3,2,fibrous
TCGGGAACGTGCCTAG-1,20954,11471,5,3,
TCGGGAGACAGCGTAC-1,15435,18533,1,2,tumor
TCGGGATTCAAACATA-1,7317,13478,3,4,fibrous
TCGGGCCGTCGTGGTA-1,17906,13740,4,2,tumor
TCGGGTGAAACTGCTA-1,13271,6164,4,2,
TCGGTCCCGACAATAG-1,8473,18022,4,2,immune
TCGTAAGACGACATTG-1,16313,10457,4,2,
TCGTACCGACGTCAAG-1,13258,20803,4,3,
TCGTATAGTGCAATTA-1,13270,6668,4,2,
TCGTATTACCCATTGC-1,8768,12974,4,4,
TCGTCAAGTACGCGCA-1,10649,17771,3,3,
TCGTCCGCTGGCGTCT-1,10947,9190,2,1,tumor
TCGTCTTAGGCGTTAA-1,17177,17020,3,2,
TCGTGTACTATGGATG-1,16308,15505,4,2,fibrous
TCGTGTCACGCTGACA-1,8476,14488,3,2,
TCGTTAGGAGTCCCTA-1,12971,16764,4,3,fibrous
TCGTTCGTTATTATGT-1,14141,6164,3,2,
TCGTTGCTATCCGGTC-1,11810,17268,3,2,
TCTAATACTGCCTCAG-1,8763,18022,4,3,immune
TCTACCGTCCACAAGC-1,14862,10456,5,2,
TCTAGCAATCTCCGCC-1,9491,15246,4,3,fibrous
TCTAGCATCTTCGATG-1,11382,9443,4,3,
TCTAGCATGCCCAGAA-1,14713,15756,2,1,tumor
TCTAGGTGGCGACGCT-1,19504,10965,3,5,
TCTAGTGATATCGTGG-1,19355,14751,4,3,necrosis
TCTATCATGCAGTTAC-1,10948,8181,4,3,
TCTATCGGTCGCAACA-1,14428,9193,4,3,
TCTATTACGCTGGCGA-1,10079,7170,4,3,
TCTATTACTAGAGGAT-1,7317,13983,3,4,fibrous
TCTCATGAGATAGGGT-1,17759,16011,5,3,
TCTCCACAAGTTGAAT-1,18626,19041,3,3,
TCTCGACGTATCGCCG-1,21531,15005,1,5,
TCTCTAATAGCTGGTA-1,12688,8687,4,3,immune
TCTCTTACCGCGAACC-1,11373,20044,1,2,
TCTGAACCGGTCGGCT-1,10512,8938,2,1,tumor
TCTGAACTCGTACCCG-1,18919,15507,5,2,necrosis
TCTGAATTCCGTACAA-1,18777,12226,1,4,tumor
TCTGCCAGAAACTGCA-1,16600,13991,1,4,
TCTGGGTAGCGCTCAT-1,10363,13733,4,5,necrosis
TCTGTCATACAAGAGC-1,11530,6162,4,3,
TCTGTGCCATCATAGT-1,16747,11720,5,2,
TCTGTTACCCAGCATA-1,10215,16509,4,2,immune
TCTTACAGAGGTACCG-1,11674,7424,4,5,
TCTTACCGGAACTCGT-1,18345,8945,1,3,tumor
TCTTACGGCATCCGAC-1,9351,9946,5,2,fibrous
TCTTACTTATGCCTCT-1,18630,15002,4,2,necrosis
TCTTAGAGCTCCAATT-1,20807,13742,1,1,
TCTTAGAGTGAACTCT-1,19501,14498,4,2,necrosis
TCTTCCCATGGGCACA-1,19068,11722,3,5,
TCTTCGAATAGACGTT-1,15440,13485,4,4,
TCTTCGATACCAATAA-1,14716,11718,1,4,
TCTTCTATAACCCGCC-1,20661,15004,2,1,tumor
TCTTGATGCGTAGCGA-1,15006,11718,1,4,
TCTTGCTCCCGATACT-1,14854,20047,1,4,tumor
TCTTGGTAACACCAAA-1,14574,8941,1,3,
TGAAACTTATGCAAGC-1,15736,6418,4,2,immune
TGAAAGGACCTGACTC-1,17182,12477,5,3,
TGAACAAGCAGGGACT-1,10357,20295,4,2,fibrous
TGAATACCGACGCGTA-1,17029,20301,4,2,fibrous
TGAATGTCAGCCGGCC-1,20950,15509,1,1,tumor
TGACATCGAGCGGACC-1,19793,12479,4,5,
TGACATGTAACGTGAC-1,14273,21056,4,2,fibrous
TGACCAAATCTTAAAC-1,14128,20299,1,1,tumor
TGACCCACGTTAGACA-1,11960,11968,1,1,tumor
TGACGAATATTTCCCT-1,8331,14741,3,2,fibrous
TGACGATGCACTAGAA-1,18922,12983,4,3,tumor
TGACTATAATCCTTTC-1,15003,15251,2,1,tumor
TGAGAATGCTTTACCG-1,12979,8183,1,1,tumor
TGAGAGATTTACCACG-1,18341,13992,4,3,
TGAGATCAAATACTCA-1,14287,5407,3,2,
TGAGATTAGGCCCTAA-1,18781,7683,4,3,fibrous
TGAGCCATACAGTCTC-1,10653,14238,4,5,
TGAGCGGAAAGTGTTC-1,14566,17523,5,3,
TGAGTAAATTAGCGTA-1,13407,15502,4,3,
TGAGTGCCTCTTAAAT-1,11087,14996,1,1,tumor
TGAGTGGTCCGTGACG-1,17328,11215,1,1,tumor
TGAGTTAAAGACATTC-1,21385,15762,1,1,tumor
TGATAGCGGGATTCTA-1,6884,10701,2,3,
TGATCAGGGAACTGCT-1,8622,14236,3,4,fat
TGATCCCAGCATTAGT-1,20665,10461,5,3,
TGATCGGTTTGACCCT-1,12977,10707,1,1,tumor
TGATCTACGCTGATCT-1,19652,7684,3,2,fibrous
TGATCTCCGGCGCCAG-1,12396,10706,1,1,tumor
TGATTCCCGGTTACCT-1,12388,19792,3,5,necrosis
TGATTCGTCTATCACT-1,11090,11462,1,1,
TGATTCTGTCGCCGGT-1,11521,15753,5,3,fibrous
TGATTTATTAGCTGTG-1,10073,13228,4,5,necrosis
TGATTTCCTCCTGACG-1,10078,7675,4,2,
TGCAACCCATCTGCGG-1,18191,18788,3,3,
TGCAAGAATGACGTAA-1,13846,11212,4,3,
TGCAATCTAACACGGT-1,18191,19293,3,2,
TGCAGAACTATATCGT-1,8332,14236,3,4,fibrous
TGCAGAGTACCGAGCA-1,11814,13229,4,3,
TGCAGATCGTCCTAGG-1,7751,14235,3,4,
TGCAGCTACGTACTTC-1,7461,14235,3,4,
TGCAGGATCGGCAAAG-1,15879,9700,4,3,
TGCAGTTTCCTCCCAT-1,18196,13740,4,3,tumor
TGCATATGTCTGTCAC-1,17472,12477,4,2,
TGCATGGATCGGATCT-1,14864,8437,1,1,tumor
TGCATGTGACCCATAG-1,10647,20800,4,2,fibrous
TGCATGTGGTAATCTA-1,16893,10962,5,3,
TGCCAAAGTCAGACTT-1,7896,14488,3,4,
TGCCAATGGGTACTCT-1,12681,17269,1,2,
TGCCACCTGGCGAAAC-1,16170,8690,4,3,
TGCCAGTACGTGGAGA-1,15437,16514,4,3,fibrous
TGCCATTACTAAAGAA-1,17765,8944,2,1,tumor
TGCCCGTACCGTTAAA-1,16019,15000,1,1,tumor
TGCCGGATGTACGAGC-1,10068,19285,4,3,fibrous
TGCCTAATTGAAGATT-1,20368,17528,3,5,
TGCCTGATCAAACGAT-1,15299,8689,1,1,
TGCCTTGGCCAGGCAA-1,17033,16768,3,2,
TGCGAATATGGGATTT-1,7025,14992,3,2,fibrous
TGCGACACCCTAGTGC-1,11812,15249,1,2,tumor
TGCGACGGCCGAACGT-1,9778,18780,3,2,immune
TGCGAGAATATTACCC-1,10941,16257,5,3,
TGCGCAAAGCATTTGG-1,14862,11465,1,4,tumor
TGCGCGATTAACGGAG-1,11091,10452,4,2,
TGCGGACTTGACTCCG-1,16159,20805,4,2,fibrous
TGCGGAGTAAAGGTGC-1,15299,9194,4,3,immune
TGCGGCATAGTTCAAC-1,12980,6668,4,3,
TGCGGTGAAATTTCAT-1,14721,6670,1,4,tumor
TGCGTAAGAACCTGAT-1,11378,14491,1,1,tumor
TGCGTCATGACTGAGC-1,8184,17012,2,3,immune
TGCGTTTGTTGACACT-1,16165,14243,1,4,tumor
TGCTAAGTGTCTATTT-1,18193,16769,5,3,
TGCTCCACAGTTCTTA-1,18920,15003,4,3,necrosis
TGCTCGGTGGGTCACC-1,15579,20300,1,4,tumor
TGCTCTTGAGAGTTTG-1,15289,19795,1,4,tumor
TGCTGGTTGGACAATT-1,11092,8938,2,1,tumor
TGCTGTTGAAGAACTC-1,14715,13232,4,4,
TGCTTAGAGAGAATGC-1,8907,19284,3,2,fibrous
TGCTTCCCAAGCAGTA-1,14709,19289,4,5,necrosis
TGGAACCACTGACACA-1,19940,9703,5,2,
TGGAAGAAGGGAACGT-1,10218,13480,4,5,necrosis
TGGAAGACGAACACCA-1,11819,7172,3,5,
TGGAAGGATAAAGATG-1,15009,8689,1,1,tumor
TGGAATATCCTTGACC-1,20666,9451,5,2,fat
TGGACCAATCTAAGAT-1,16740,19291,4,3,fibrous
TGGACGCAATCCAGCC-1,8038,18274,3,2,
TGGACTGTTCGCTCAA-1,15731,12981,4,4,
TGGAGTGATGCGATGA-1,11091,10957,4,2,
TGGCAAACTAAATTAC-1,16453,16262,1,4,tumor
TGGCAACTCGCGCGCC-1,17620,9196,2,1,tumor
TGGCAATGGGACGGCG-1,20513,17276,3,5,
TGGCAGATTACGATCA-1,13553,14745,1,1,
TGGCAGCAGTAATAGT-1,13989,13484,4,2,
TGGCCAAACTGAAGTA-1,16168,10709,4,2,
TGGCCAATTTGGTACT-1,6734,16001,4,2,fibrous
TGGCCGTATATTGACC-1,10656,10200,4,3,fibrous
TGGCGATCAAGTTATG-1,13116,16512,4,3,fibrous
TGGCTATGTGACATAC-1,17031,18787,5,3,fibrous
TGGCTCTTGTCGCGTA-1,6881,14235,3,4,fibrous
TGGCTTTGGGTAGACA-1,12543,8435,4,3,
TGGGAAATGCCTTTCC-1,9061,9441,5,2,
TGGGCAATAGTTGGGT-1,20805,15257,1,1,tumor
TGGGCACAAACAGAAC-1,11821,5658,4,2,
TGGGCACGTTCTATGG-1,15736,7428,1,1,
TGGGCCACAAGAGCGC-1,15590,8185,2,3,
TGGGCCCATACTAATT-1,18049,15507,4,2,necrosis
TGGGCGATACAATAAG-1,14128,20803,4,3,fibrous
TGGGTAAGGTTCCCGC-1,16606,6924,1,5,
TGGTAAGCAGGATTGA-1,6736,13982,3,4,fibrous
TGGTAGAATATATGGG-1,19644,15760,5,3,
TGGTATCGCATCCCAA-1,15012,5660,4,2,
TGGTATCGGTCTGTAT-1,13707,5407,3,2,
TGGTCCCACGCTACGG-1,15872,16767,4,4,tumor
TGGTCTGTTGGGCGTA-1,9348,12975,4,3,
TGGTGATCGTATTTGT-1,7465,10197,5,3,
TGGTTCAACGGGTAAT-1,15873,16262,4,3,fibrous
TGGTTCGTAGCAAAGG-1,13123,9445,4,2,
TGTAATGACCACAATA-1,7173,12720,4,3,
TGTACCTACACGAGGG-1,18336,18536,3,2,
TGTACGAACAAATCCG-1,13555,13231,4,2,
TGTAGGAGAAATTTCC-1,17617,12225,1,2,tumor
TGTAGTGATCTATAAT-1,9929,12471,1,1,
TGTATAACAGATCCTG-1,16603,10962,5,2,
TGTATCCTTATTCCAT-1,12400,6163,4,2,
TGTATGGCGCAGACAG-1,18630,14498,4,2,necrosis
TGTCCCGACATAGCAC-1,13416,6416,4,2,
TGTCCGTGGCGCCTTT-1,7754,11207,3,2,immune
TGTCCTAAGTCACCGC-1,9494,12218,4,3,
TGTCTACAGTTTCTGT-1,12835,6416,4,3,
TGTGACTACGCCAGTC-1,15734,8942,4,3,immune
TGTGCCGGTGCCGGAA-1,19208,17022,4,2,
TGTGCTTTACGTAAGA-1,7753,12721,1,2,tumor
TGTGGCAAAGCGTATG-1,17763,10963,4,2,
TGTGGCGGGCTTCTGG-1,13693,20046,1,5,
TGTGGTTGCTAAAGCT-1,12243,20044,3,5,necrosis
TGTGTCGCGAGTTGCA-1,10367,9695,4,3,fibrous
TGTGTTCGTATCCAAG-1,8189,11459,3,3,
TGTTATTGTATGTGGC-1,17615,14749,5,2,necrosis
TGTTCCGCTTCCATGA-1,11524,12724,4,2,
TGTTCGTATTGCGGTG-1,13987,16008,1,2,
TGTTCTTCCATTGACT-1,11380,11967,4,5,
TGTTGTCAAGAAGTCT-1,17039,9701,2,1,
TGTTTAATACTTCATC-1,16317,5914,4,2,immune
TGTTTCGGTACTTCTC-1,13269,8183,1,1,
TTAAACCTGGTTCCTT-1,6885,10196,5,2,
TTAAACTCGAATTCAT-1,18923,11469,3,4,
TTAACACCTCGAACAT-1,8336,9693,4,2,
TTAACCAACCCTCCCT-1,13124,8435,1,1,tumor
TTAACGTCGCAAGACC-1,12981,6163,4,2,
TTAACTTCAGGTAGGA-1,8911,15246,3,2,fibrous
TTAAGATAGGATTGAC-1,19791,14499,2,3,necrosis
TTAAGCCGACAACTTC-1,16316,6924,1,2,
TTAAGCGCCTGACCCA-1,11526,11210,4,2,
TTAAGGCCCGTACTTT-1,8763,18527,4,3,immune
TTAATGTAGACCAGGT-1,15007,11213,4,2,tumor
TTAATTGCTTTGGGTG-1,16160,19291,1,4,tumor
TTAATTTCAGACGCGG-1,15155,7932,2,1,tumor
TTACAACTACGCATCC-1,12687,9697,3,2,
TTACAGACCTAAATGA-1,19069,10207,5,3,tumor
TTACATCGTGGCCTGG-1,10367,8685,2,1,tumor
TTACATGCCACAACTA-1,20081,13994,1,1,
TTACCATTGATTACCC-1,9204,12217,4,2,
TTACCCATTGCCGGGT-1,17476,7934,3,5,
TTACCCTAACAGTCCT-1,8626,9693,1,2,tumor
TTACCCTAGGGATTGG-1,13549,18784,3,5,necrosis
TTACTAAAGGACTTTA-1,16453,15758,4,3,fibrous
TTACTATCGGCTTCTC-1,7463,12216,1,5,tumor
TTACTCCGGCCGGGAA-1,16456,12224,5,3,immune
TTACTCTGGTACGTAC-1,9637,14489,1,1,tumor
TTACTGGGATATTTCA-1,12973,14745,4,5,
TTAGAAGAACATGACT-1,14422,16765,5,2,
TTAGAATAAGGGTCGG-1,11664,19034,3,5,necrosis
TTAGACACGATCGTTG-1,17621,7682,4,5,
TTAGACGAGTCACCTC-1,16743,15758,2,3,
TTAGAGTTTAGAAGGA-1,17614,15254,5,2,necrosis
TTAGCAACATGGATGT-1,9207,8684,4,3,
TTAGCTAATACGATCT-1,19360,9198,5,2,
TTAGCTCTGTAATCCG-1,7319,11459,4,2,immune
TTAGCTGATTTGCCGT-1,18776,13236,4,3,
TTAGGTCATAACCGAC-1,10649,18276,3,5,
TTAGTAAACCTGCTCT-1,18771,19293,3,3,
TTAGTAGGGCGGCGGG-1,8914,12217,3,2,
TTAGTTATTCGTGGCA-1,18339,15507,4,2,necrosis
TTATAGGTAATTGTCT-1,15725,19038,1,4,
TTATATACGCTGTCAC-1,15875,13233,4,3,
TTATATTTGGCAATCC-1,14428,10203,5,3,
TTATCCAATCGAACTC-1,9934,6918,1,2,
TTATCCGGGATCTATA-1,17758,16516,5,3,tumor
TTATCCTCAAGGAATA-1,7749,16759,5,2,fibrous
TTATCGCCTGCGAAGC-1,7610,10449,5,3,immune
TTATCTGTATCATAAC-1,13848,9193,4,3,
TTATGAATGAAAGGGA-1,14279,13989,1,4,tumor
TTATGACAAACTGGAT-1,10221,10452,4,2,fibrous
TTATGATCTTAACGAA-1,17036,13234,5,3,
TTATTAGAGCGTGTTC-1,15293,15252,2,1,tumor
TTATTAGGGAAGCATC-1,13705,7426,1,5,
TTCAAAGTCTCTAGCC-1,16021,12476,5,3,immune
TTCAACGACCCGACCG-1,12108,8687,4,2,
TTCAAGCCGAGCTGAG-1,16026,6923,1,1,tumor
TTCAATACTCTGAATC-1,17616,13235,4,2,
TTCACTCGAGCACCTA-1,15146,17523,4,3,
TTCACTTCCTAGAACG-1,12533,20549,4,3,
TTCAGCCCTGGTCCAC-1,17469,15506,5,3,necrosis
TTCAGCTGGCGTGCCC-1,18918,17527,4,2,fibrous
TTCAGGCGTCAAAGCC-1,7462,13730,3,4,fibrous
TTCATGGCGCAACAGG-1,16025,8438,1,2,
TTCCAATCAGAGCTAG-1,18925,9450,5,3,
TTCCAATCTGGCTATC-1,11812,15753,5,3,fibrous
TTCCACACAGATTTGA-1,11811,16258,5,3,fibrous
TTCCAGACGAGATTTA-1,21242,13490,2,1,tumor
TTCCCGGCGCCAATAG-1,6880,15244,3,2,fibrous
TTCCGCAGAGAAATAT-1,19796,8946,3,2,
TTCCGCGTGAGGCGAT-1,14423,15251,2,1,tumor
TTCCGGCCTTGAGGCT-1,11520,17267,3,2,
TTCCGGTATCTGTGTC-1,21822,13996,2,1,
TTCCGGTTACCCACTT-1,17759,15002,5,3,necrosis
TTCCTCGAGGGTGTCT-1,12253,8939,3,2,
TTCCTCGGACTAACCA-1,17613,16263,5,3,
TTCCTCTGCCCGAATA-1,7318,12468,1,2,tumor
TTCGACAGAGCCCGTG-1,15002,16766,4,2,
TTCGACGGGAAGGGCG-1,11527,9696,4,2,fibrous
TTCGCACTCGCGTGCT-1,11672,9948,3,2,
TTCGCACTGTACGACA-1,13694,19036,3,5,necrosis
TTCGCGCGCCATACGA-1,11954,18530,3,5,
TTCGCTATCTGACGTG-1,19651,8693,3,2,fibrous
TTCGGCAACCCGCTGA-1,17911,7682,4,5,
TTCGGCTAGAGATGGT-1,8627,8179,4,2,fibrous
TTCGGGACTAATCGCG-1,15586,12728,4,4,
TTCGGGCGCTAGTCTT-1,10505,17519,3,2,immune
TTCGGTACTGTAGAGG-1,14273,20551,4,2,tumor
TTCGTAATCCCAGCGG-1,17622,6672,1,1,tumor
TTCGTACTCCAGAACG-1,9350,10956,4,2,
TTCGTTCAACGAAGTT-1,20375,9451,5,3,fat
TTCTAACCGAAGCTTA-1,18197,12226,1,4,tumor
TTCTACTTGCGAGGGC-1,9787,9189,1,1,tumor
TTCTAGAAAGTCTTAT-1,11809,18782,3,5,
TTCTAGGCCAATTGTG-1,11527,9191,4,3,
TTCTGCCGCGCCTAGA-1,15148,16009,4,3,
TTCTGCGAGCGCCCTT-1,7608,11964,4,5,immune
TTCTGCGGGTTAGCGG-1,16745,13739,4,3,
TTCTGCTAGACTCCAA-1,20519,10713,5,3,
TTCTTAGTGAACGGTG-1,10078,8180,1,1,tumor
TTCTTAGTGGCTCAGA-1,13994,7931,4,5,
TTCTTGAGCCGCGCTA-1,11087,15500,4,2,
TTCTTGGACGATCTGC-1,9780,16761,4,2,immune
TTCTTGGAGTAATGAG-1,16605,8943,1,1,tumor
TTCTTGTAACCTAATG-1,10222,9442,1,1,tumor
TTCTTTGGTCGCGACG-1,20230,9703,5,3,fat
TTGAACGAATCCTTTG-1,8192,8431,4,2,
TTGAACGACGTGCTGA-1,17901,18788,4,2,fibrous
TTGAAGAATTCCCAGG-1,12395,11716,4,5,
TTGAATATGGACTTTC-1,16166,12224,5,3,immune
TTGAATCGTTGTATAA-1,6590,15749,4,2,fibrous
TTGACAGGAGCTCCCG-1,19500,15508,5,2,
TTGACATGAACGTGGA-1,9782,14742,1,1,tumor
TTGACCAGGAACAACT-1,16740,19796,4,2,fibrous
TTGACCATGTTCTCCG-1,16459,9700,2,1,tumor
TTGACCGTGTTAATGA-1,10070,16257,4,2,
TTGACGATTCAGCACG-1,12546,5911,4,3,
TTGACGCTCCATGAGC-1,19791,13994,1,2,
TTGACTACCATATGGT-1,11087,14491,1,1,tumor
TTGACTATTGTCCGGC-1,20225,15256,4,3,
TTGAGAGTACTGCTAA-1,10652,14743,1,1,necrosis
TTGATCTAACTTTGTC-1,11961,10958,1,2,
TTGATGTGTAGTCCCG-1,18199,9702,1,3,
TTGATTAGCTGTTTCT-1,10071,15752,4,2,
TTGATTATGCAGATGA-1,9931,10451,4,2,fibrous
TTGCACAATTCAGAAA-1,13408,14493,1,1,tumor
TTGCACGGAGCAGCAC-1,13703,8940,2,1,tumor
TTGCATGCTGATCACG-1,10218,13985,4,5,necrosis
TTGCCAAGCAGAACCC-1,21676,14753,2,5,
TTGCCATAGCCCGCTC-1,8619,17265,5,3,immune
TTGCCCTGATCACGGG-1,10074,12723,4,5,necrosis
TTGCCGCTTTCTAGTA-1,16450,19291,1,3,
TTGCGGCATCAGAAAG-1,11665,17015,4,2,immune
TTGCGTCGGCCAACCG-1,11086,16510,5,2,immune
TTGCGTGAACGCTTAG-1,19072,7179,4,2,fibrous
TTGCTCCCATACCGGA-1,15589,9195,4,3,
TTGCTGAAGGAACCAC-1,13414,8435,1,5,
TTGCTGATCATGTTCG-1,13411,11969,1,1,tumor
TTGGAAGAATACAGTC-1,8620,16255,4,2,
TTGGACATGTGGCTTA-1,9347,13984,4,3,
TTGGACCATCTGGCAA-1,20369,16518,3,5,
TTGGACCTATAACAGT-1,17612,17778,3,2,
TTGGAGTCTCCCTTCT-1,11531,5657,4,3,
TTGGATATCGTCTACG-1,12682,15754,4,3,
TTGGATCGACTTCTGG-1,13851,6164,3,2,
TTGGATTGGGTACCAC-1,13124,7930,2,1,tumor
TTGGCCTAGAATTTCG-1,17041,7681,3,5,
TTGGCTCGCATGAGAC-1,10512,9442,1,1,tumor
TTGGGAAGACGAGCCG-1,14418,20804,4,3,fibrous
TTGGGACACTGCCCGC-1,15297,10709,5,3,
TTGGGACGTAAGAGTT-1,20949,16519,1,5,
TTGGGCGGCGGTTGCC-1,16167,11214,5,2,
TTGGTCACACTCGTAA-1,12102,15754,4,3,
TTGGTTGCGGTGCGCG-1,8474,17012,2,3,immune
TTGTAAGGACCTAAGT-1,9781,15247,4,3,fibrous
TTGTAAGGCCAGTTGG-1,16893,10458,4,3,
TTGTAATCCGTACTCG-1,13120,12473,4,5,
TTGTATCACACAGAAT-1,15881,6671,4,3,
TTGTCGTTCAGTTACC-1,13558,9193,1,3,
TTGTGAACCTAATCCG-1,18192,17778,4,2,
TTGTGAGGCATGACGC-1,7026,14487,3,4,
TTGTGCAGCCACGTCA-1,15870,18786,1,4,tumor
TTGTGGCCCTGACAGT-1,13849,8183,4,5,
TTGTGGTAGGAGGGAT-1,9200,16256,4,3,
TTGTGTATGCCACCAA-1,13841,17774,4,2,
TTGTGTTTCCCGAAAG-1,13697,16512,4,3,fibrous
TTGTTAGCAAATTCGA-1,11237,9191,1,2,
TTGTTCAGTGTGCTAC-1,14428,9698,4,2,
TTGTTGTGTGTCAAGA-1,16312,11467,5,2,immune
TTGTTTCACATCCAGG-1,11229,18277,3,5,
TTGTTTCATTAGTCTA-1,9488,18780,3,2,immune
TTGTTTCCATACAACT-1,9056,14994,3,2,
